
-- BEGIN TRANSACTION;

INSERT INTO Associations_détails (IdxAsReEsGrFa,Association,Espèce,Groupe,Famille,Requise,Notes) VALUES ('Absinthe +0x-Absinthe','Absinthe +','Absinthe',NULL,'Asteraceae','x','Couper des feuilles fraîches et les mettre sur la planche à protéger.');
INSERT INTO Associations_détails (IdxAsReEsGrFa,Association,Espèce,Groupe,Famille,Requise,Notes) VALUES ('Absinthe +1 -Chou','Absinthe +',NULL,'Chou','Brassicaceae',NULL,NULL);
INSERT INTO Associations_détails (IdxAsReEsGrFa,Association,Espèce,Groupe,Famille,Requise,Notes) VALUES ('Absinthe +1 -Groseillier','Absinthe +','Groseillier',NULL,'Grossulariaceae',NULL,NULL);
INSERT INTO Associations_détails (IdxAsReEsGrFa,Association,Espèce,Groupe,Famille,Requise,Notes) VALUES ('Absinthe +1 -Navet','Absinthe +','Navet',NULL,'Brassicaceae',NULL,NULL);
INSERT INTO Associations_détails (IdxAsReEsGrFa,Association,Espèce,Groupe,Famille,Requise,Notes) VALUES ('Absinthe +1 -Rutaceae','Absinthe +',NULL,NULL,'Rutaceae',NULL,'Agrumes');
INSERT INTO Associations_détails (IdxAsReEsGrFa,Association,Espèce,Groupe,Famille,Requise,Notes) VALUES ('Absinthe Haricot +0x-Absinthe','Absinthe Haricot +','Absinthe',NULL,'Asteraceae','x','Couper des feuilles fraîches et les mettre sur la planche à protéger.');
INSERT INTO Associations_détails (IdxAsReEsGrFa,Association,Espèce,Groupe,Famille,Requise,Notes) VALUES ('Absinthe Haricot +1 -Haricot','Absinthe Haricot +',NULL,'Haricot','Fabaceae',NULL,NULL);
INSERT INTO Associations_détails (IdxAsReEsGrFa,Association,Espèce,Groupe,Famille,Requise,Notes) VALUES ('Absinthe Sauge !0x-Absinthe','Absinthe Sauge !','Absinthe',NULL,'Asteraceae','x',NULL);
INSERT INTO Associations_détails (IdxAsReEsGrFa,Association,Espèce,Groupe,Famille,Requise,Notes) VALUES ('Absinthe Sauge !0x-Sauge','Absinthe Sauge !','Sauge',NULL,'Lamiaceae','x',NULL);
INSERT INTO Associations_détails (IdxAsReEsGrFa,Association,Espèce,Groupe,Famille,Requise,Notes) VALUES ('Ail !0x-Ail','Ail !','Ail',NULL,'Alliaceae','x',NULL);
INSERT INTO Associations_détails (IdxAsReEsGrFa,Association,Espèce,Groupe,Famille,Requise,Notes) VALUES ('Ail !1 -Artichaut','Ail !','Artichaut',NULL,'Asteraceae',NULL,NULL);
INSERT INTO Associations_détails (IdxAsReEsGrFa,Association,Espèce,Groupe,Famille,Requise,Notes) VALUES ('Ail !1 -Asperge','Ail !','Asperge',NULL,'Asparagaceae',NULL,NULL);
INSERT INTO Associations_détails (IdxAsReEsGrFa,Association,Espèce,Groupe,Famille,Requise,Notes) VALUES ('Ail !1 -Chou','Ail !',NULL,'Chou','Brassicaceae',NULL,NULL);
INSERT INTO Associations_détails (IdxAsReEsGrFa,Association,Espèce,Groupe,Famille,Requise,Notes) VALUES ('Ail !1 -Coriandre','Ail !','Coriandre',NULL,'Apiaceae',NULL,NULL);
INSERT INTO Associations_détails (IdxAsReEsGrFa,Association,Espèce,Groupe,Famille,Requise,Notes) VALUES ('Ail !1 -Pomme de terre','Ail !','Pomme de terre',NULL,'Solanaceae',NULL,NULL);
INSERT INTO Associations_détails (IdxAsReEsGrFa,Association,Espèce,Groupe,Famille,Requise,Notes) VALUES ('Ail +0x-Ail','Ail +','Ail',NULL,'Alliaceae','x',NULL);
INSERT INTO Associations_détails (IdxAsReEsGrFa,Association,Espèce,Groupe,Famille,Requise,Notes) VALUES ('Ail +1 -Laitue','Ail +','Laitue',NULL,'Asteraceae',NULL,'Cycle court');
INSERT INTO Associations_détails (IdxAsReEsGrFa,Association,Espèce,Groupe,Famille,Requise,Notes) VALUES ('Ail +1 -Rosaceae','Ail +',NULL,NULL,'Rosaceae',NULL,NULL);
INSERT INTO Associations_détails (IdxAsReEsGrFa,Association,Espèce,Groupe,Famille,Requise,Notes) VALUES ('Ail +1 -Topinambour','Ail +','Topinambour',NULL,'Asteraceae',NULL,NULL);
INSERT INTO Associations_détails (IdxAsReEsGrFa,Association,Espèce,Groupe,Famille,Requise,Notes) VALUES ('Ail Concombre +0x-Ail','Ail Concombre +','Ail',NULL,'Alliaceae','x',NULL);
INSERT INTO Associations_détails (IdxAsReEsGrFa,Association,Espèce,Groupe,Famille,Requise,Notes) VALUES ('Ail Concombre +0x-Concombre','Ail Concombre +','Concombre',NULL,'Cucurbitaceae','x',NULL);
INSERT INTO Associations_détails (IdxAsReEsGrFa,Association,Espèce,Groupe,Famille,Requise,Notes) VALUES ('Ail Haricot !0x-Ail','Ail Haricot !','Ail',NULL,'Alliaceae','x',NULL);
INSERT INTO Associations_détails (IdxAsReEsGrFa,Association,Espèce,Groupe,Famille,Requise,Notes) VALUES ('Ail Haricot !1 -Haricot','Ail Haricot !',NULL,'Haricot','Fabaceae',NULL,NULL);
INSERT INTO Associations_détails (IdxAsReEsGrFa,Association,Espèce,Groupe,Famille,Requise,Notes) VALUES ('Ail Pois +0x-Ail','Ail Pois +','Ail',NULL,'Alliaceae','x',NULL);
INSERT INTO Associations_détails (IdxAsReEsGrFa,Association,Espèce,Groupe,Famille,Requise,Notes) VALUES ('Ail Pois +1 -Pois','Ail Pois +',NULL,'Pois','Fabaceae',NULL,NULL);
INSERT INTO Associations_détails (IdxAsReEsGrFa,Association,Espèce,Groupe,Famille,Requise,Notes) VALUES ('Ail Tomate +0x-Ail','Ail Tomate +','Ail',NULL,'Alliaceae','x',NULL);
INSERT INTO Associations_détails (IdxAsReEsGrFa,Association,Espèce,Groupe,Famille,Requise,Notes) VALUES ('Ail Tomate +0x-Tomate','Ail Tomate +','Tomate',NULL,'Solanaceae','x',NULL);
INSERT INTO Associations_détails (IdxAsReEsGrFa,Association,Espèce,Groupe,Famille,Requise,Notes) VALUES ('Aubergine +0x-Aubergine','Aubergine +','Aubergine',NULL,'Solanaceae','x',NULL);
INSERT INTO Associations_détails (IdxAsReEsGrFa,Association,Espèce,Groupe,Famille,Requise,Notes) VALUES ('Aubergine +1 -Aneth','Aubergine +','Aneth',NULL,'Apiaceae',NULL,NULL);
INSERT INTO Associations_détails (IdxAsReEsGrFa,Association,Espèce,Groupe,Famille,Requise,Notes) VALUES ('Aubergine +1 -Fabaceae','Aubergine +',NULL,NULL,'Fabaceae',NULL,NULL);
INSERT INTO Associations_détails (IdxAsReEsGrFa,Association,Espèce,Groupe,Famille,Requise,Notes) VALUES ('Aubergine +1 -Tagètes','Aubergine +','Tagètes',NULL,'Asteraceae',NULL,NULL);
INSERT INTO Associations_détails (IdxAsReEsGrFa,Association,Espèce,Groupe,Famille,Requise,Notes) VALUES ('Aubergine Basilic +0x-Aubergine','Aubergine Basilic +','Aubergine',NULL,'Solanaceae','x',NULL);
INSERT INTO Associations_détails (IdxAsReEsGrFa,Association,Espèce,Groupe,Famille,Requise,Notes) VALUES ('Aubergine Basilic +0x-Basilic','Aubergine Basilic +','Basilic',NULL,'Lamiaceae','x',NULL);
INSERT INTO Associations_détails (IdxAsReEsGrFa,Association,Espèce,Groupe,Famille,Requise,Notes) VALUES ('Basilic !0x-Basilic','Basilic !','Basilic',NULL,'Lamiaceae','x',NULL);
INSERT INTO Associations_détails (IdxAsReEsGrFa,Association,Espèce,Groupe,Famille,Requise,Notes) VALUES ('Basilic !1 -Absinthe','Basilic !','Absinthe',NULL,'Asteraceae',NULL,NULL);
INSERT INTO Associations_détails (IdxAsReEsGrFa,Association,Espèce,Groupe,Famille,Requise,Notes) VALUES ('Basilic +0x-Basilic','Basilic +','Basilic',NULL,'Lamiaceae','x',NULL);
INSERT INTO Associations_détails (IdxAsReEsGrFa,Association,Espèce,Groupe,Famille,Requise,Notes) VALUES ('Basilic +1 -Asperge','Basilic +','Asperge',NULL,'Asparagaceae',NULL,NULL);
INSERT INTO Associations_détails (IdxAsReEsGrFa,Association,Espèce,Groupe,Famille,Requise,Notes) VALUES ('Basilic +1 -Concombre','Basilic +','Concombre',NULL,'Cucurbitaceae',NULL,NULL);
INSERT INTO Associations_détails (IdxAsReEsGrFa,Association,Espèce,Groupe,Famille,Requise,Notes) VALUES ('Basilic +1 -Courge','Basilic +','Courge',NULL,'Cucurbitaceae',NULL,NULL);
INSERT INTO Associations_détails (IdxAsReEsGrFa,Association,Espèce,Groupe,Famille,Requise,Notes) VALUES ('Basilic +1 -Courgette','Basilic +','Courgette',NULL,'Cucurbitaceae',NULL,NULL);
INSERT INTO Associations_détails (IdxAsReEsGrFa,Association,Espèce,Groupe,Famille,Requise,Notes) VALUES ('Basilic +1 -Melon','Basilic +','Melon',NULL,'Cucurbitaceae',NULL,NULL);
INSERT INTO Associations_détails (IdxAsReEsGrFa,Association,Espèce,Groupe,Famille,Requise,Notes) VALUES ('Basilic +1 -Poivron piment','Basilic +','Poivron piment',NULL,'Solanaceae',NULL,'Piment');
INSERT INTO Associations_détails (IdxAsReEsGrFa,Association,Espèce,Groupe,Famille,Requise,Notes) VALUES ('Basilic Chou +0x-Basilic','Basilic Chou +','Basilic',NULL,'Lamiaceae','x',NULL);
INSERT INTO Associations_détails (IdxAsReEsGrFa,Association,Espèce,Groupe,Famille,Requise,Notes) VALUES ('Basilic Chou +1 -Chou','Basilic Chou +',NULL,'Chou','Brassicaceae',NULL,NULL);
INSERT INTO Associations_détails (IdxAsReEsGrFa,Association,Espèce,Groupe,Famille,Requise,Notes) VALUES ('Basilic Fenouil +0x-Basilic','Basilic Fenouil +','Basilic',NULL,'Lamiaceae','x',NULL);
INSERT INTO Associations_détails (IdxAsReEsGrFa,Association,Espèce,Groupe,Famille,Requise,Notes) VALUES ('Basilic Fenouil +0x-Fenouil','Basilic Fenouil +','Fenouil',NULL,'Apiaceae','x',NULL);
INSERT INTO Associations_détails (IdxAsReEsGrFa,Association,Espèce,Groupe,Famille,Requise,Notes) VALUES ('Basilic Fève +0x-Basilic','Basilic Fève +','Basilic',NULL,'Lamiaceae','x',NULL);
INSERT INTO Associations_détails (IdxAsReEsGrFa,Association,Espèce,Groupe,Famille,Requise,Notes) VALUES ('Basilic Fève +0x-Fève','Basilic Fève +','Fève',NULL,'Fabaceae','x',NULL);
INSERT INTO Associations_détails (IdxAsReEsGrFa,Association,Espèce,Groupe,Famille,Requise,Notes) VALUES ('Basilic Tomate +0x-Basilic','Basilic Tomate +','Basilic',NULL,'Lamiaceae','x','Repousse la mouche blanche des serres et protège du mildiou.');
INSERT INTO Associations_détails (IdxAsReEsGrFa,Association,Espèce,Groupe,Famille,Requise,Notes) VALUES ('Basilic Tomate +0x-Tomate','Basilic Tomate +','Tomate',NULL,'Solanaceae','x','65 cm entre les plants');
INSERT INTO Associations_détails (IdxAsReEsGrFa,Association,Espèce,Groupe,Famille,Requise,Notes) VALUES ('Betterave !0x-Betterave','Betterave !','Betterave',NULL,'Amaranthaceae','x',NULL);
INSERT INTO Associations_détails (IdxAsReEsGrFa,Association,Espèce,Groupe,Famille,Requise,Notes) VALUES ('Betterave !1 -Epinard','Betterave !','Epinard',NULL,'Amaranthaceae',NULL,NULL);
INSERT INTO Associations_détails (IdxAsReEsGrFa,Association,Espèce,Groupe,Famille,Requise,Notes) VALUES ('Betterave !1 -Poireau','Betterave !','Poireau',NULL,'Alliaceae',NULL,NULL);
INSERT INTO Associations_détails (IdxAsReEsGrFa,Association,Espèce,Groupe,Famille,Requise,Notes) VALUES ('Betterave +0x-Betterave','Betterave +','Betterave',NULL,'Amaranthaceae','x',NULL);
INSERT INTO Associations_détails (IdxAsReEsGrFa,Association,Espèce,Groupe,Famille,Requise,Notes) VALUES ('Betterave +1 -Coriandre','Betterave +','Coriandre',NULL,'Apiaceae',NULL,NULL);
INSERT INTO Associations_détails (IdxAsReEsGrFa,Association,Espèce,Groupe,Famille,Requise,Notes) VALUES ('Betterave +1 -Céleri','Betterave +','Céleri',NULL,'Apiaceae',NULL,NULL);
INSERT INTO Associations_détails (IdxAsReEsGrFa,Association,Espèce,Groupe,Famille,Requise,Notes) VALUES ('Betterave Chou +0x-Betterave','Betterave Chou +','Betterave',NULL,'Amaranthaceae','x',NULL);
INSERT INTO Associations_détails (IdxAsReEsGrFa,Association,Espèce,Groupe,Famille,Requise,Notes) VALUES ('Betterave Chou +1 -Chou','Betterave Chou +',NULL,'Chou','Brassicaceae',NULL,NULL);
INSERT INTO Associations_détails (IdxAsReEsGrFa,Association,Espèce,Groupe,Famille,Requise,Notes) VALUES ('Betterave Laitue +0x-Betterave','Betterave Laitue +','Betterave',NULL,'Amaranthaceae','x',NULL);
INSERT INTO Associations_détails (IdxAsReEsGrFa,Association,Espèce,Groupe,Famille,Requise,Notes) VALUES ('Betterave Laitue +0x-Laitue','Betterave Laitue +','Laitue',NULL,'Asteraceae','x',NULL);
INSERT INTO Associations_détails (IdxAsReEsGrFa,Association,Espèce,Groupe,Famille,Requise,Notes) VALUES ('Betterave Panais +0x-Betterave','Betterave Panais +','Betterave',NULL,'Amaranthaceae','x',NULL);
INSERT INTO Associations_détails (IdxAsReEsGrFa,Association,Espèce,Groupe,Famille,Requise,Notes) VALUES ('Betterave Panais +0x-Panais','Betterave Panais +','Panais',NULL,'Apiaceae','x',NULL);
INSERT INTO Associations_détails (IdxAsReEsGrFa,Association,Espèce,Groupe,Famille,Requise,Notes) VALUES ('Betterave Tomate !0x-Betterave','Betterave Tomate !','Betterave',NULL,'Amaranthaceae','x',NULL);
INSERT INTO Associations_détails (IdxAsReEsGrFa,Association,Espèce,Groupe,Famille,Requise,Notes) VALUES ('Betterave Tomate !0x-Tomate','Betterave Tomate !','Tomate',NULL,'Solanaceae','x',NULL);
INSERT INTO Associations_détails (IdxAsReEsGrFa,Association,Espèce,Groupe,Famille,Requise,Notes) VALUES ('Blette !0x-Blette','Blette !','Blette',NULL,'Amaranthaceae','x',NULL);
INSERT INTO Associations_détails (IdxAsReEsGrFa,Association,Espèce,Groupe,Famille,Requise,Notes) VALUES ('Blette !1 -Absinthe','Blette !','Absinthe',NULL,'Asteraceae',NULL,NULL);
INSERT INTO Associations_détails (IdxAsReEsGrFa,Association,Espèce,Groupe,Famille,Requise,Notes) VALUES ('Blette +0x-Blette','Blette +','Blette',NULL,'Amaranthaceae','x',NULL);
INSERT INTO Associations_détails (IdxAsReEsGrFa,Association,Espèce,Groupe,Famille,Requise,Notes) VALUES ('Blette +1 -Courge','Blette +','Courge',NULL,'Cucurbitaceae',NULL,'Cucurbita pepo');
INSERT INTO Associations_détails (IdxAsReEsGrFa,Association,Espèce,Groupe,Famille,Requise,Notes) VALUES ('Blette +1 -Fève','Blette +','Fève',NULL,'Fabaceae',NULL,NULL);
INSERT INTO Associations_détails (IdxAsReEsGrFa,Association,Espèce,Groupe,Famille,Requise,Notes) VALUES ('Blette +1 -Laitue','Blette +','Laitue',NULL,'Asteraceae',NULL,NULL);
INSERT INTO Associations_détails (IdxAsReEsGrFa,Association,Espèce,Groupe,Famille,Requise,Notes) VALUES ('Blette Chou +0x-Blette','Blette Chou +','Blette',NULL,'Amaranthaceae','x',NULL);
INSERT INTO Associations_détails (IdxAsReEsGrFa,Association,Espèce,Groupe,Famille,Requise,Notes) VALUES ('Blette Chou +1 -Chou','Blette Chou +',NULL,'Chou','Brassicaceae',NULL,NULL);
INSERT INTO Associations_détails (IdxAsReEsGrFa,Association,Espèce,Groupe,Famille,Requise,Notes) VALUES ('Blette Mâche +0x-Blette','Blette Mâche +','Blette',NULL,'Amaranthaceae','x',NULL);
INSERT INTO Associations_détails (IdxAsReEsGrFa,Association,Espèce,Groupe,Famille,Requise,Notes) VALUES ('Blette Mâche +0x-Mâche','Blette Mâche +','Mâche',NULL,'Valerianaceae','x',NULL);
INSERT INTO Associations_détails (IdxAsReEsGrFa,Association,Espèce,Groupe,Famille,Requise,Notes) VALUES ('Blette Navet +0x-Blette','Blette Navet +','Blette',NULL,'Amaranthaceae','x',NULL);
INSERT INTO Associations_détails (IdxAsReEsGrFa,Association,Espèce,Groupe,Famille,Requise,Notes) VALUES ('Blette Navet +0x-Navet','Blette Navet +','Navet',NULL,'Brassicaceae','x',NULL);
INSERT INTO Associations_détails (IdxAsReEsGrFa,Association,Espèce,Groupe,Famille,Requise,Notes) VALUES ('Capucine +0x-Capucine','Capucine +','Capucine',NULL,'Tropaeolaceae','x',NULL);
INSERT INTO Associations_détails (IdxAsReEsGrFa,Association,Espèce,Groupe,Famille,Requise,Notes) VALUES ('Capucine +1 -Artichaut','Capucine +','Artichaut',NULL,'Asteraceae',NULL,NULL);
INSERT INTO Associations_détails (IdxAsReEsGrFa,Association,Espèce,Groupe,Famille,Requise,Notes) VALUES ('Capucine +1 -Chou brocoli','Capucine +','Chou brocoli',NULL,'Brassicaceae',NULL,NULL);
INSERT INTO Associations_détails (IdxAsReEsGrFa,Association,Espèce,Groupe,Famille,Requise,Notes) VALUES ('Capucine +1 -Radis','Capucine +',NULL,'Radis','Brassicaceae',NULL,NULL);
INSERT INTO Associations_détails (IdxAsReEsGrFa,Association,Espèce,Groupe,Famille,Requise,Notes) VALUES ('Carotte !0x-Carotte','Carotte !','Carotte',NULL,'Apiaceae','x',NULL);
INSERT INTO Associations_détails (IdxAsReEsGrFa,Association,Espèce,Groupe,Famille,Requise,Notes) VALUES ('Carotte !1 -Aneth','Carotte !','Aneth',NULL,'Apiaceae',NULL,NULL);
INSERT INTO Associations_détails (IdxAsReEsGrFa,Association,Espèce,Groupe,Famille,Requise,Notes) VALUES ('Carotte !1 -Blette','Carotte !','Blette',NULL,'Amaranthaceae',NULL,NULL);
INSERT INTO Associations_détails (IdxAsReEsGrFa,Association,Espèce,Groupe,Famille,Requise,Notes) VALUES ('Carotte !1 -Maïs','Carotte !','Maïs',NULL,'Poaceae',NULL,NULL);
INSERT INTO Associations_détails (IdxAsReEsGrFa,Association,Espèce,Groupe,Famille,Requise,Notes) VALUES ('Carotte +0x-Carotte','Carotte +','Carotte',NULL,'Apiaceae','x',NULL);
INSERT INTO Associations_détails (IdxAsReEsGrFa,Association,Espèce,Groupe,Famille,Requise,Notes) VALUES ('Carotte +1 -Absinthe','Carotte +','Absinthe',NULL,'Asteraceae',NULL,'Couper des feuilles fraîches et les mettre sur la planche à protéger.');
INSERT INTO Associations_détails (IdxAsReEsGrFa,Association,Espèce,Groupe,Famille,Requise,Notes) VALUES ('Carotte +1 -Betterave','Carotte +','Betterave',NULL,'Amaranthaceae',NULL,NULL);
INSERT INTO Associations_détails (IdxAsReEsGrFa,Association,Espèce,Groupe,Famille,Requise,Notes) VALUES ('Carotte +1 -Ciboulette','Carotte +','Ciboulette',NULL,'Alliaceae',NULL,NULL);
INSERT INTO Associations_détails (IdxAsReEsGrFa,Association,Espèce,Groupe,Famille,Requise,Notes) VALUES ('Carotte +1 -Coriandre','Carotte +','Coriandre',NULL,'Apiaceae',NULL,NULL);
INSERT INTO Associations_détails (IdxAsReEsGrFa,Association,Espèce,Groupe,Famille,Requise,Notes) VALUES ('Carotte +1 -Echalote','Carotte +','Echalote',NULL,'Alliaceae',NULL,NULL);
INSERT INTO Associations_détails (IdxAsReEsGrFa,Association,Espèce,Groupe,Famille,Requise,Notes) VALUES ('Carotte +1 -Panais','Carotte +','Panais',NULL,'Apiaceae',NULL,NULL);
INSERT INTO Associations_détails (IdxAsReEsGrFa,Association,Espèce,Groupe,Famille,Requise,Notes) VALUES ('Carotte +1 -Pois','Carotte +',NULL,'Pois','Fabaceae',NULL,NULL);
INSERT INTO Associations_détails (IdxAsReEsGrFa,Association,Espèce,Groupe,Famille,Requise,Notes) VALUES ('Carotte +1 -Poivron piment','Carotte +','Poivron piment',NULL,'Solanaceae',NULL,'Piment');
INSERT INTO Associations_détails (IdxAsReEsGrFa,Association,Espèce,Groupe,Famille,Requise,Notes) VALUES ('Carotte +1 -Romarin','Carotte +','Romarin',NULL,'Lamiaceae',NULL,NULL);
INSERT INTO Associations_détails (IdxAsReEsGrFa,Association,Espèce,Groupe,Famille,Requise,Notes) VALUES ('Carotte +1 -Salsifis','Carotte +','Salsifis',NULL,'Asteraceae',NULL,NULL);
INSERT INTO Associations_détails (IdxAsReEsGrFa,Association,Espèce,Groupe,Famille,Requise,Notes) VALUES ('Carotte +1 -Sauge','Carotte +','Sauge',NULL,'Lamiaceae',NULL,NULL);
INSERT INTO Associations_détails (IdxAsReEsGrFa,Association,Espèce,Groupe,Famille,Requise,Notes) VALUES ('Carotte Haricot +0x-Carotte','Carotte Haricot +','Carotte',NULL,'Apiaceae','x',NULL);
INSERT INTO Associations_détails (IdxAsReEsGrFa,Association,Espèce,Groupe,Famille,Requise,Notes) VALUES ('Carotte Haricot +1 -Haricot','Carotte Haricot +',NULL,'Haricot','Fabaceae',NULL,NULL);
INSERT INTO Associations_détails (IdxAsReEsGrFa,Association,Espèce,Groupe,Famille,Requise,Notes) VALUES ('Carotte Laitue +0x-Carotte','Carotte Laitue +','Carotte',NULL,'Apiaceae','x',NULL);
INSERT INTO Associations_détails (IdxAsReEsGrFa,Association,Espèce,Groupe,Famille,Requise,Notes) VALUES ('Carotte Laitue +0x-Laitue','Carotte Laitue +','Laitue',NULL,'Asteraceae','x','Cycle court');
INSERT INTO Associations_détails (IdxAsReEsGrFa,Association,Espèce,Groupe,Famille,Requise,Notes) VALUES ('Carotte Oignon +0x-Carotte','Carotte Oignon +','Carotte',NULL,'Apiaceae','x',NULL);
INSERT INTO Associations_détails (IdxAsReEsGrFa,Association,Espèce,Groupe,Famille,Requise,Notes) VALUES ('Carotte Oignon +0x-Oignon','Carotte Oignon +','Oignon',NULL,'Alliaceae','x',NULL);
INSERT INTO Associations_détails (IdxAsReEsGrFa,Association,Espèce,Groupe,Famille,Requise,Notes) VALUES ('Carotte Poireau +0x-Carotte','Carotte Poireau +','Carotte',NULL,'Apiaceae','x','Eloigne la teigne et le thrips du poireau. '||x'0a0a'||'Un rang de poireaux entre 2 rangs de carottes.'||x'0a0a'||'30 cm entres les rangs de poireaux et carottes.');
INSERT INTO Associations_détails (IdxAsReEsGrFa,Association,Espèce,Groupe,Famille,Requise,Notes) VALUES ('Carotte Poireau +0x-Poireau','Carotte Poireau +','Poireau',NULL,'Alliaceae','x','Eloigne la mouche de la carotte. '||x'0a0a'||'Un rang de poireaux entre 2 rangs de carottes.'||x'0a0a'||'30 cm entres les rangs de poireaux et carottes.');
INSERT INTO Associations_détails (IdxAsReEsGrFa,Association,Espèce,Groupe,Famille,Requise,Notes) VALUES ('Carotte Radis +0x-Carotte','Carotte Radis +','Carotte',NULL,'Apiaceae','x',NULL);
INSERT INTO Associations_détails (IdxAsReEsGrFa,Association,Espèce,Groupe,Famille,Requise,Notes) VALUES ('Carotte Radis +0x-Radis','Carotte Radis +','Radis',NULL,'Brassicaceae','x','Cycle court, marque le rang.'||x'0a0a'||'Semer en mélange carotte et radis sur le même rang.'||x'0a0a'||'Rangs espacés de 25 cm.');
INSERT INTO Associations_détails (IdxAsReEsGrFa,Association,Espèce,Groupe,Famille,Requise,Notes) VALUES ('Carotte Roquette +0x-Carotte','Carotte Roquette +','Carotte',NULL,'Apiaceae','x',NULL);
INSERT INTO Associations_détails (IdxAsReEsGrFa,Association,Espèce,Groupe,Famille,Requise,Notes) VALUES ('Carotte Roquette +0x-Roquette','Carotte Roquette +','Roquette',NULL,'Brassicaceae','x',NULL);
INSERT INTO Associations_détails (IdxAsReEsGrFa,Association,Espèce,Groupe,Famille,Requise,Notes) VALUES ('Carotte Tomate +0x-Carotte','Carotte Tomate +','Carotte',NULL,'Apiaceae','x',NULL);
INSERT INTO Associations_détails (IdxAsReEsGrFa,Association,Espèce,Groupe,Famille,Requise,Notes) VALUES ('Carotte Tomate +0x-Tomate','Carotte Tomate +','Tomate',NULL,'Solanaceae','x',NULL);
INSERT INTO Associations_détails (IdxAsReEsGrFa,Association,Espèce,Groupe,Famille,Requise,Notes) VALUES ('Chicorée frisée !0x-Chicorée frisée','Chicorée frisée !','Chicorée frisée',NULL,'Asteraceae','x',NULL);
INSERT INTO Associations_détails (IdxAsReEsGrFa,Association,Espèce,Groupe,Famille,Requise,Notes) VALUES ('Chicorée frisée !1 -Asperge','Chicorée frisée !','Asperge',NULL,'Asparagaceae',NULL,NULL);
INSERT INTO Associations_détails (IdxAsReEsGrFa,Association,Espèce,Groupe,Famille,Requise,Notes) VALUES ('Chicorée frisée !1 -Chou de Bruxelles','Chicorée frisée !','Chou de Bruxelles',NULL,'Brassicaceae',NULL,NULL);
INSERT INTO Associations_détails (IdxAsReEsGrFa,Association,Espèce,Groupe,Famille,Requise,Notes) VALUES ('Chicorée frisée Navet !0x-Chicorée frisée','Chicorée frisée Navet !','Chicorée frisée',NULL,'Asteraceae','x',NULL);
INSERT INTO Associations_détails (IdxAsReEsGrFa,Association,Espèce,Groupe,Famille,Requise,Notes) VALUES ('Chicorée frisée Navet !0x-Navet','Chicorée frisée Navet !','Navet',NULL,'Brassicaceae','x',NULL);
INSERT INTO Associations_détails (IdxAsReEsGrFa,Association,Espèce,Groupe,Famille,Requise,Notes) VALUES ('Chicorée frisée Roquette +0x-Chicorée frisée','Chicorée frisée Roquette +','Chicorée frisée',NULL,'Asteraceae','x',NULL);
INSERT INTO Associations_détails (IdxAsReEsGrFa,Association,Espèce,Groupe,Famille,Requise,Notes) VALUES ('Chicorée frisée Roquette +0x-Roquette','Chicorée frisée Roquette +','Roquette',NULL,'Brassicaceae','x',NULL);
INSERT INTO Associations_détails (IdxAsReEsGrFa,Association,Espèce,Groupe,Famille,Requise,Notes) VALUES ('Chicorée sauvage !0x-Chicorée sauvage','Chicorée sauvage !','Chicorée sauvage',NULL,'Asteraceae','x',NULL);
INSERT INTO Associations_détails (IdxAsReEsGrFa,Association,Espèce,Groupe,Famille,Requise,Notes) VALUES ('Chicorée sauvage !1 -Asperge','Chicorée sauvage !','Asperge',NULL,'Asparagaceae',NULL,NULL);
INSERT INTO Associations_détails (IdxAsReEsGrFa,Association,Espèce,Groupe,Famille,Requise,Notes) VALUES ('Chicorée sauvage +0x-Chicorée sauvage','Chicorée sauvage +','Chicorée sauvage',NULL,'Asteraceae','x',NULL);
INSERT INTO Associations_détails (IdxAsReEsGrFa,Association,Espèce,Groupe,Famille,Requise,Notes) VALUES ('Chicorée sauvage +1 -Chicorée frisée','Chicorée sauvage +','Chicorée frisée',NULL,'Asteraceae',NULL,NULL);
INSERT INTO Associations_détails (IdxAsReEsGrFa,Association,Espèce,Groupe,Famille,Requise,Notes) VALUES ('Chicorée sauvage +1 -Pommier','Chicorée sauvage +','Pommier',NULL,'Rosaceae',NULL,NULL);
INSERT INTO Associations_détails (IdxAsReEsGrFa,Association,Espèce,Groupe,Famille,Requise,Notes) VALUES ('Chicorée sauvage Navet +0x-Chicorée sauvage','Chicorée sauvage Navet +','Chicorée sauvage',NULL,'Asteraceae','x',NULL);
INSERT INTO Associations_détails (IdxAsReEsGrFa,Association,Espèce,Groupe,Famille,Requise,Notes) VALUES ('Chicorée sauvage Navet +0x-Navet','Chicorée sauvage Navet +','Navet',NULL,'Brassicaceae','x',NULL);
INSERT INTO Associations_détails (IdxAsReEsGrFa,Association,Espèce,Groupe,Famille,Requise,Notes) VALUES ('Chou Coriandre +0x-Coriandre','Chou Coriandre +','Coriandre',NULL,'Apiaceae','x',NULL);
INSERT INTO Associations_détails (IdxAsReEsGrFa,Association,Espèce,Groupe,Famille,Requise,Notes) VALUES ('Chou Coriandre +1 -Chou','Chou Coriandre +',NULL,'Chou','Brassicaceae',NULL,NULL);
INSERT INTO Associations_détails (IdxAsReEsGrFa,Association,Espèce,Groupe,Famille,Requise,Notes) VALUES ('Chou Cosmos +0x-Cosmos','Chou Cosmos +','Cosmos',NULL,'Asteraceae','x','Rang au sud de celui des choux'||x'0a0a'||'Désoriente la péiride du chou (?).');
INSERT INTO Associations_détails (IdxAsReEsGrFa,Association,Espèce,Groupe,Famille,Requise,Notes) VALUES ('Chou Cosmos +1 -Chou','Chou Cosmos +',NULL,'Chou','Brassicaceae',NULL,'Rang au nord de celui des cosmos');
INSERT INTO Associations_détails (IdxAsReEsGrFa,Association,Espèce,Groupe,Famille,Requise,Notes) VALUES ('Chou Fenouil !0x-Fenouil','Chou Fenouil !','Fenouil',NULL,'Apiaceae','x',NULL);
INSERT INTO Associations_détails (IdxAsReEsGrFa,Association,Espèce,Groupe,Famille,Requise,Notes) VALUES ('Chou Fenouil !1 -Chou','Chou Fenouil !',NULL,'Chou','Brassicaceae',NULL,NULL);
INSERT INTO Associations_détails (IdxAsReEsGrFa,Association,Espèce,Groupe,Famille,Requise,Notes) VALUES ('Chou Laitue +0x-Laitue','Chou Laitue +','Laitue',NULL,'Asteraceae','x','Culture intercalaire.'||x'0a0a'||'Début mai planter 1 chou pour 1 laitue à 40 cm de distance. '||x'0a0a'||'Récolter en juillet.');
INSERT INTO Associations_détails (IdxAsReEsGrFa,Association,Espèce,Groupe,Famille,Requise,Notes) VALUES ('Chou Laitue +1 -Chou','Chou Laitue +',NULL,'Chou','Brassicaceae',NULL,'Début mai planter 1 chou pour 1 laitue à 40 cm de distance. '||x'0a0a'||'Récolter en septembre octobre.');
INSERT INTO Associations_détails (IdxAsReEsGrFa,Association,Espèce,Groupe,Famille,Requise,Notes) VALUES ('Chou Mâche !0x-Mâche','Chou Mâche !','Mâche',NULL,'Valerianaceae','x',NULL);
INSERT INTO Associations_détails (IdxAsReEsGrFa,Association,Espèce,Groupe,Famille,Requise,Notes) VALUES ('Chou Mâche !1 -Chou','Chou Mâche !',NULL,'Chou','Brassicaceae',NULL,NULL);
INSERT INTO Associations_détails (IdxAsReEsGrFa,Association,Espèce,Groupe,Famille,Requise,Notes) VALUES ('Chou brocoli !0x-Chou brocoli','Chou brocoli !','Chou brocoli',NULL,'Brassicaceae','x',NULL);
INSERT INTO Associations_détails (IdxAsReEsGrFa,Association,Espèce,Groupe,Famille,Requise,Notes) VALUES ('Chou brocoli !1 -Courgette','Chou brocoli !','Courgette',NULL,'Cucurbitaceae',NULL,NULL);
INSERT INTO Associations_détails (IdxAsReEsGrFa,Association,Espèce,Groupe,Famille,Requise,Notes) VALUES ('Chou brocoli !1 -Maïs','Chou brocoli !','Maïs',NULL,'Poaceae',NULL,NULL);
INSERT INTO Associations_détails (IdxAsReEsGrFa,Association,Espèce,Groupe,Famille,Requise,Notes) VALUES ('Chou brocoli !1 -Origan','Chou brocoli !','Origan',NULL,'Lamiaceae',NULL,NULL);
INSERT INTO Associations_détails (IdxAsReEsGrFa,Association,Espèce,Groupe,Famille,Requise,Notes) VALUES ('Chou brocoli !1 -Poireau','Chou brocoli !','Poireau',NULL,'Alliaceae',NULL,NULL);
INSERT INTO Associations_détails (IdxAsReEsGrFa,Association,Espèce,Groupe,Famille,Requise,Notes) VALUES ('Chou brocoli +0x-Chou brocoli','Chou brocoli +','Chou brocoli',NULL,'Brassicaceae','x',NULL);
INSERT INTO Associations_détails (IdxAsReEsGrFa,Association,Espèce,Groupe,Famille,Requise,Notes) VALUES ('Chou brocoli +1 -Artichaut','Chou brocoli +','Artichaut',NULL,'Asteraceae',NULL,NULL);
INSERT INTO Associations_détails (IdxAsReEsGrFa,Association,Espèce,Groupe,Famille,Requise,Notes) VALUES ('Chou brocoli +1 -Camomille','Chou brocoli +','Camomille',NULL,'Asteraceae',NULL,NULL);
INSERT INTO Associations_détails (IdxAsReEsGrFa,Association,Espèce,Groupe,Famille,Requise,Notes) VALUES ('Chou brocoli +1 -Concombre','Chou brocoli +','Concombre',NULL,'Cucurbitaceae',NULL,NULL);
INSERT INTO Associations_détails (IdxAsReEsGrFa,Association,Espèce,Groupe,Famille,Requise,Notes) VALUES ('Chou brocoli +1 -Courge','Chou brocoli +','Courge',NULL,'Cucurbitaceae',NULL,NULL);
INSERT INTO Associations_détails (IdxAsReEsGrFa,Association,Espèce,Groupe,Famille,Requise,Notes) VALUES ('Chou brocoli +1 -Fabaceae','Chou brocoli +',NULL,NULL,'Fabaceae',NULL,NULL);
INSERT INTO Associations_détails (IdxAsReEsGrFa,Association,Espèce,Groupe,Famille,Requise,Notes) VALUES ('Chou brocoli +1 -Mélisse','Chou brocoli +','Mélisse',NULL,'Lamiaceae',NULL,NULL);
INSERT INTO Associations_détails (IdxAsReEsGrFa,Association,Espèce,Groupe,Famille,Requise,Notes) VALUES ('Chou brocoli +1 -Oignon','Chou brocoli +','Oignon',NULL,'Alliaceae',NULL,NULL);
INSERT INTO Associations_détails (IdxAsReEsGrFa,Association,Espèce,Groupe,Famille,Requise,Notes) VALUES ('Chou brocoli +1 -Romarin','Chou brocoli +','Romarin',NULL,'Lamiaceae',NULL,NULL);
INSERT INTO Associations_détails (IdxAsReEsGrFa,Association,Espèce,Groupe,Famille,Requise,Notes) VALUES ('Chou de Bruxelles !0x-Chou de Bruxelles','Chou de Bruxelles !','Chou de Bruxelles',NULL,'Brassicaceae','x',NULL);
INSERT INTO Associations_détails (IdxAsReEsGrFa,Association,Espèce,Groupe,Famille,Requise,Notes) VALUES ('Chou de Bruxelles !1 -Courgette','Chou de Bruxelles !','Courgette',NULL,'Cucurbitaceae',NULL,NULL);
INSERT INTO Associations_détails (IdxAsReEsGrFa,Association,Espèce,Groupe,Famille,Requise,Notes) VALUES ('Chou de Bruxelles !1 -Maïs','Chou de Bruxelles !','Maïs',NULL,'Poaceae',NULL,NULL);
INSERT INTO Associations_détails (IdxAsReEsGrFa,Association,Espèce,Groupe,Famille,Requise,Notes) VALUES ('Chou de Bruxelles !1 -Origan','Chou de Bruxelles !','Origan',NULL,'Lamiaceae',NULL,NULL);
INSERT INTO Associations_détails (IdxAsReEsGrFa,Association,Espèce,Groupe,Famille,Requise,Notes) VALUES ('Chou de Bruxelles !1 -Poireau','Chou de Bruxelles !','Poireau',NULL,'Alliaceae',NULL,NULL);
INSERT INTO Associations_détails (IdxAsReEsGrFa,Association,Espèce,Groupe,Famille,Requise,Notes) VALUES ('Chou de Bruxelles +0x-Chou de Bruxelles','Chou de Bruxelles +','Chou de Bruxelles',NULL,'Brassicaceae','x',NULL);
INSERT INTO Associations_détails (IdxAsReEsGrFa,Association,Espèce,Groupe,Famille,Requise,Notes) VALUES ('Chou de Bruxelles +1 -Artichaut','Chou de Bruxelles +','Artichaut',NULL,'Asteraceae',NULL,NULL);
INSERT INTO Associations_détails (IdxAsReEsGrFa,Association,Espèce,Groupe,Famille,Requise,Notes) VALUES ('Chou de Bruxelles +1 -Camomille','Chou de Bruxelles +','Camomille',NULL,'Asteraceae',NULL,NULL);
INSERT INTO Associations_détails (IdxAsReEsGrFa,Association,Espèce,Groupe,Famille,Requise,Notes) VALUES ('Chou de Bruxelles +1 -Concombre','Chou de Bruxelles +','Concombre',NULL,'Cucurbitaceae',NULL,NULL);
INSERT INTO Associations_détails (IdxAsReEsGrFa,Association,Espèce,Groupe,Famille,Requise,Notes) VALUES ('Chou de Bruxelles +1 -Courge','Chou de Bruxelles +','Courge',NULL,'Cucurbitaceae',NULL,NULL);
INSERT INTO Associations_détails (IdxAsReEsGrFa,Association,Espèce,Groupe,Famille,Requise,Notes) VALUES ('Chou de Bruxelles +1 -Fabaceae','Chou de Bruxelles +',NULL,NULL,'Fabaceae',NULL,NULL);
INSERT INTO Associations_détails (IdxAsReEsGrFa,Association,Espèce,Groupe,Famille,Requise,Notes) VALUES ('Chou de Bruxelles +1 -Menthe','Chou de Bruxelles +','Menthe',NULL,'Lamiaceae',NULL,'Menthe pouliot');
INSERT INTO Associations_détails (IdxAsReEsGrFa,Association,Espèce,Groupe,Famille,Requise,Notes) VALUES ('Chou de Bruxelles +1 -Mélisse','Chou de Bruxelles +','Mélisse',NULL,'Lamiaceae',NULL,NULL);
INSERT INTO Associations_détails (IdxAsReEsGrFa,Association,Espèce,Groupe,Famille,Requise,Notes) VALUES ('Chou de Bruxelles +1 -Oignon','Chou de Bruxelles +','Oignon',NULL,'Alliaceae',NULL,NULL);
INSERT INTO Associations_détails (IdxAsReEsGrFa,Association,Espèce,Groupe,Famille,Requise,Notes) VALUES ('Chou de Bruxelles +1 -Romarin','Chou de Bruxelles +','Romarin',NULL,'Lamiaceae',NULL,NULL);
INSERT INTO Associations_détails (IdxAsReEsGrFa,Association,Espèce,Groupe,Famille,Requise,Notes) VALUES ('Chou de Chine !0x-Chou de Chine','Chou de Chine !','Chou de Chine',NULL,'Brassicaceae','x',NULL);
INSERT INTO Associations_détails (IdxAsReEsGrFa,Association,Espèce,Groupe,Famille,Requise,Notes) VALUES ('Chou de Chine !1 -Courgette','Chou de Chine !','Courgette',NULL,'Cucurbitaceae',NULL,NULL);
INSERT INTO Associations_détails (IdxAsReEsGrFa,Association,Espèce,Groupe,Famille,Requise,Notes) VALUES ('Chou de Chine !1 -Maïs','Chou de Chine !','Maïs',NULL,'Poaceae',NULL,NULL);
INSERT INTO Associations_détails (IdxAsReEsGrFa,Association,Espèce,Groupe,Famille,Requise,Notes) VALUES ('Chou de Chine !1 -Origan','Chou de Chine !','Origan',NULL,'Lamiaceae',NULL,NULL);
INSERT INTO Associations_détails (IdxAsReEsGrFa,Association,Espèce,Groupe,Famille,Requise,Notes) VALUES ('Chou de Chine !1 -Poireau','Chou de Chine !','Poireau',NULL,'Alliaceae',NULL,NULL);
INSERT INTO Associations_détails (IdxAsReEsGrFa,Association,Espèce,Groupe,Famille,Requise,Notes) VALUES ('Chou de Chine +0x-Chou de Chine','Chou de Chine +','Chou de Chine',NULL,'Brassicaceae','x',NULL);
INSERT INTO Associations_détails (IdxAsReEsGrFa,Association,Espèce,Groupe,Famille,Requise,Notes) VALUES ('Chou de Chine +1 -Artichaut','Chou de Chine +','Artichaut',NULL,'Asteraceae',NULL,NULL);
INSERT INTO Associations_détails (IdxAsReEsGrFa,Association,Espèce,Groupe,Famille,Requise,Notes) VALUES ('Chou de Chine +1 -Camomille','Chou de Chine +','Camomille',NULL,'Asteraceae',NULL,NULL);
INSERT INTO Associations_détails (IdxAsReEsGrFa,Association,Espèce,Groupe,Famille,Requise,Notes) VALUES ('Chou de Chine +1 -Concombre','Chou de Chine +','Concombre',NULL,'Cucurbitaceae',NULL,NULL);
INSERT INTO Associations_détails (IdxAsReEsGrFa,Association,Espèce,Groupe,Famille,Requise,Notes) VALUES ('Chou de Chine +1 -Courge','Chou de Chine +','Courge',NULL,'Cucurbitaceae',NULL,NULL);
INSERT INTO Associations_détails (IdxAsReEsGrFa,Association,Espèce,Groupe,Famille,Requise,Notes) VALUES ('Chou de Chine +1 -Fabaceae','Chou de Chine +',NULL,NULL,'Fabaceae',NULL,NULL);
INSERT INTO Associations_détails (IdxAsReEsGrFa,Association,Espèce,Groupe,Famille,Requise,Notes) VALUES ('Chou de Chine +1 -Mélisse','Chou de Chine +','Mélisse',NULL,'Lamiaceae',NULL,NULL);
INSERT INTO Associations_détails (IdxAsReEsGrFa,Association,Espèce,Groupe,Famille,Requise,Notes) VALUES ('Chou de Chine +1 -Oignon','Chou de Chine +','Oignon',NULL,'Alliaceae',NULL,NULL);
INSERT INTO Associations_détails (IdxAsReEsGrFa,Association,Espèce,Groupe,Famille,Requise,Notes) VALUES ('Chou de Chine +1 -Romarin','Chou de Chine +','Romarin',NULL,'Lamiaceae',NULL,NULL);
INSERT INTO Associations_détails (IdxAsReEsGrFa,Association,Espèce,Groupe,Famille,Requise,Notes) VALUES ('Chou frisé !0x-Chou frisé','Chou frisé !','Chou frisé',NULL,'Brassicaceae','x',NULL);
INSERT INTO Associations_détails (IdxAsReEsGrFa,Association,Espèce,Groupe,Famille,Requise,Notes) VALUES ('Chou frisé !1 -Courgette','Chou frisé !','Courgette',NULL,'Cucurbitaceae',NULL,NULL);
INSERT INTO Associations_détails (IdxAsReEsGrFa,Association,Espèce,Groupe,Famille,Requise,Notes) VALUES ('Chou frisé !1 -Maïs','Chou frisé !','Maïs',NULL,'Poaceae',NULL,NULL);
INSERT INTO Associations_détails (IdxAsReEsGrFa,Association,Espèce,Groupe,Famille,Requise,Notes) VALUES ('Chou frisé !1 -Origan','Chou frisé !','Origan',NULL,'Lamiaceae',NULL,NULL);
INSERT INTO Associations_détails (IdxAsReEsGrFa,Association,Espèce,Groupe,Famille,Requise,Notes) VALUES ('Chou frisé !1 -Poireau','Chou frisé !','Poireau',NULL,'Alliaceae',NULL,NULL);
INSERT INTO Associations_détails (IdxAsReEsGrFa,Association,Espèce,Groupe,Famille,Requise,Notes) VALUES ('Chou frisé +0x-Chou frisé','Chou frisé +','Chou frisé',NULL,'Brassicaceae','x',NULL);
INSERT INTO Associations_détails (IdxAsReEsGrFa,Association,Espèce,Groupe,Famille,Requise,Notes) VALUES ('Chou frisé +1 -Artichaut','Chou frisé +','Artichaut',NULL,'Asteraceae',NULL,NULL);
INSERT INTO Associations_détails (IdxAsReEsGrFa,Association,Espèce,Groupe,Famille,Requise,Notes) VALUES ('Chou frisé +1 -Camomille','Chou frisé +','Camomille',NULL,'Asteraceae',NULL,NULL);
INSERT INTO Associations_détails (IdxAsReEsGrFa,Association,Espèce,Groupe,Famille,Requise,Notes) VALUES ('Chou frisé +1 -Concombre','Chou frisé +','Concombre',NULL,'Cucurbitaceae',NULL,NULL);
INSERT INTO Associations_détails (IdxAsReEsGrFa,Association,Espèce,Groupe,Famille,Requise,Notes) VALUES ('Chou frisé +1 -Courge','Chou frisé +','Courge',NULL,'Cucurbitaceae',NULL,NULL);
INSERT INTO Associations_détails (IdxAsReEsGrFa,Association,Espèce,Groupe,Famille,Requise,Notes) VALUES ('Chou frisé +1 -Fabaceae','Chou frisé +',NULL,NULL,'Fabaceae',NULL,NULL);
INSERT INTO Associations_détails (IdxAsReEsGrFa,Association,Espèce,Groupe,Famille,Requise,Notes) VALUES ('Chou frisé +1 -Mélisse','Chou frisé +','Mélisse',NULL,'Lamiaceae',NULL,NULL);
INSERT INTO Associations_détails (IdxAsReEsGrFa,Association,Espèce,Groupe,Famille,Requise,Notes) VALUES ('Chou frisé +1 -Oignon','Chou frisé +','Oignon',NULL,'Alliaceae',NULL,NULL);
INSERT INTO Associations_détails (IdxAsReEsGrFa,Association,Espèce,Groupe,Famille,Requise,Notes) VALUES ('Chou frisé +1 -Romarin','Chou frisé +','Romarin',NULL,'Lamiaceae',NULL,NULL);
INSERT INTO Associations_détails (IdxAsReEsGrFa,Association,Espèce,Groupe,Famille,Requise,Notes) VALUES ('Chou pommé !0x-Chou pommé','Chou pommé !','Chou pommé',NULL,'Brassicaceae','x',NULL);
INSERT INTO Associations_détails (IdxAsReEsGrFa,Association,Espèce,Groupe,Famille,Requise,Notes) VALUES ('Chou pommé !1 -Courgette','Chou pommé !','Courgette',NULL,'Cucurbitaceae',NULL,NULL);
INSERT INTO Associations_détails (IdxAsReEsGrFa,Association,Espèce,Groupe,Famille,Requise,Notes) VALUES ('Chou pommé !1 -Maïs','Chou pommé !','Maïs',NULL,'Poaceae',NULL,NULL);
INSERT INTO Associations_détails (IdxAsReEsGrFa,Association,Espèce,Groupe,Famille,Requise,Notes) VALUES ('Chou pommé !1 -Origan','Chou pommé !','Origan',NULL,'Lamiaceae',NULL,NULL);
INSERT INTO Associations_détails (IdxAsReEsGrFa,Association,Espèce,Groupe,Famille,Requise,Notes) VALUES ('Chou pommé !1 -Poireau','Chou pommé !','Poireau',NULL,'Alliaceae',NULL,NULL);
INSERT INTO Associations_détails (IdxAsReEsGrFa,Association,Espèce,Groupe,Famille,Requise,Notes) VALUES ('Chou pommé +0x-Chou pommé','Chou pommé +','Chou pommé',NULL,'Brassicaceae','x',NULL);
INSERT INTO Associations_détails (IdxAsReEsGrFa,Association,Espèce,Groupe,Famille,Requise,Notes) VALUES ('Chou pommé +1 -Artichaut','Chou pommé +','Artichaut',NULL,'Asteraceae',NULL,NULL);
INSERT INTO Associations_détails (IdxAsReEsGrFa,Association,Espèce,Groupe,Famille,Requise,Notes) VALUES ('Chou pommé +1 -Camomille','Chou pommé +','Camomille',NULL,'Asteraceae',NULL,NULL);
INSERT INTO Associations_détails (IdxAsReEsGrFa,Association,Espèce,Groupe,Famille,Requise,Notes) VALUES ('Chou pommé +1 -Concombre','Chou pommé +','Concombre',NULL,'Cucurbitaceae',NULL,NULL);
INSERT INTO Associations_détails (IdxAsReEsGrFa,Association,Espèce,Groupe,Famille,Requise,Notes) VALUES ('Chou pommé +1 -Courge','Chou pommé +','Courge',NULL,'Cucurbitaceae',NULL,NULL);
INSERT INTO Associations_détails (IdxAsReEsGrFa,Association,Espèce,Groupe,Famille,Requise,Notes) VALUES ('Chou pommé +1 -Fabaceae','Chou pommé +',NULL,NULL,'Fabaceae',NULL,NULL);
INSERT INTO Associations_détails (IdxAsReEsGrFa,Association,Espèce,Groupe,Famille,Requise,Notes) VALUES ('Chou pommé +1 -Mélisse','Chou pommé +','Mélisse',NULL,'Lamiaceae',NULL,NULL);
INSERT INTO Associations_détails (IdxAsReEsGrFa,Association,Espèce,Groupe,Famille,Requise,Notes) VALUES ('Chou pommé +1 -Oignon','Chou pommé +','Oignon',NULL,'Alliaceae',NULL,NULL);
INSERT INTO Associations_détails (IdxAsReEsGrFa,Association,Espèce,Groupe,Famille,Requise,Notes) VALUES ('Chou pommé +1 -Romarin','Chou pommé +','Romarin',NULL,'Lamiaceae',NULL,NULL);
INSERT INTO Associations_détails (IdxAsReEsGrFa,Association,Espèce,Groupe,Famille,Requise,Notes) VALUES ('Chou-fleur !0x-Chou-fleur','Chou-fleur !','Chou-fleur',NULL,'Brassicaceae','x',NULL);
INSERT INTO Associations_détails (IdxAsReEsGrFa,Association,Espèce,Groupe,Famille,Requise,Notes) VALUES ('Chou-fleur !1 -Courgette','Chou-fleur !','Courgette',NULL,'Cucurbitaceae',NULL,NULL);
INSERT INTO Associations_détails (IdxAsReEsGrFa,Association,Espèce,Groupe,Famille,Requise,Notes) VALUES ('Chou-fleur !1 -Maïs','Chou-fleur !','Maïs',NULL,'Poaceae',NULL,NULL);
INSERT INTO Associations_détails (IdxAsReEsGrFa,Association,Espèce,Groupe,Famille,Requise,Notes) VALUES ('Chou-fleur !1 -Origan','Chou-fleur !','Origan',NULL,'Lamiaceae',NULL,NULL);
INSERT INTO Associations_détails (IdxAsReEsGrFa,Association,Espèce,Groupe,Famille,Requise,Notes) VALUES ('Chou-fleur !1 -Poireau','Chou-fleur !','Poireau',NULL,'Alliaceae',NULL,NULL);
INSERT INTO Associations_détails (IdxAsReEsGrFa,Association,Espèce,Groupe,Famille,Requise,Notes) VALUES ('Chou-fleur +0x-Chou-fleur','Chou-fleur +','Chou-fleur',NULL,'Brassicaceae','x',NULL);
INSERT INTO Associations_détails (IdxAsReEsGrFa,Association,Espèce,Groupe,Famille,Requise,Notes) VALUES ('Chou-fleur +1 -Artichaut','Chou-fleur +','Artichaut',NULL,'Asteraceae',NULL,NULL);
INSERT INTO Associations_détails (IdxAsReEsGrFa,Association,Espèce,Groupe,Famille,Requise,Notes) VALUES ('Chou-fleur +1 -Camomille','Chou-fleur +','Camomille',NULL,'Asteraceae',NULL,NULL);
INSERT INTO Associations_détails (IdxAsReEsGrFa,Association,Espèce,Groupe,Famille,Requise,Notes) VALUES ('Chou-fleur +1 -Concombre','Chou-fleur +','Concombre',NULL,'Cucurbitaceae',NULL,NULL);
INSERT INTO Associations_détails (IdxAsReEsGrFa,Association,Espèce,Groupe,Famille,Requise,Notes) VALUES ('Chou-fleur +1 -Courge','Chou-fleur +','Courge',NULL,'Cucurbitaceae',NULL,NULL);
INSERT INTO Associations_détails (IdxAsReEsGrFa,Association,Espèce,Groupe,Famille,Requise,Notes) VALUES ('Chou-fleur +1 -Fabaceae','Chou-fleur +',NULL,NULL,'Fabaceae',NULL,NULL);
INSERT INTO Associations_détails (IdxAsReEsGrFa,Association,Espèce,Groupe,Famille,Requise,Notes) VALUES ('Chou-fleur +1 -Mélisse','Chou-fleur +','Mélisse',NULL,'Lamiaceae',NULL,NULL);
INSERT INTO Associations_détails (IdxAsReEsGrFa,Association,Espèce,Groupe,Famille,Requise,Notes) VALUES ('Chou-fleur +1 -Oignon','Chou-fleur +','Oignon',NULL,'Alliaceae',NULL,NULL);
INSERT INTO Associations_détails (IdxAsReEsGrFa,Association,Espèce,Groupe,Famille,Requise,Notes) VALUES ('Chou-fleur +1 -Romarin','Chou-fleur +','Romarin',NULL,'Lamiaceae',NULL,NULL);
INSERT INTO Associations_détails (IdxAsReEsGrFa,Association,Espèce,Groupe,Famille,Requise,Notes) VALUES ('Chou-rave !0x-Chou-fleur','Chou-rave !','Chou-fleur',NULL,'Brassicaceae','x',NULL);
INSERT INTO Associations_détails (IdxAsReEsGrFa,Association,Espèce,Groupe,Famille,Requise,Notes) VALUES ('Chou-rave !1 -Courgette','Chou-rave !','Courgette',NULL,'Cucurbitaceae',NULL,NULL);
INSERT INTO Associations_détails (IdxAsReEsGrFa,Association,Espèce,Groupe,Famille,Requise,Notes) VALUES ('Chou-rave !1 -Maïs','Chou-rave !','Maïs',NULL,'Poaceae',NULL,NULL);
INSERT INTO Associations_détails (IdxAsReEsGrFa,Association,Espèce,Groupe,Famille,Requise,Notes) VALUES ('Chou-rave !1 -Origan','Chou-rave !','Origan',NULL,'Lamiaceae',NULL,NULL);
INSERT INTO Associations_détails (IdxAsReEsGrFa,Association,Espèce,Groupe,Famille,Requise,Notes) VALUES ('Chou-rave !1 -Poireau','Chou-rave !','Poireau',NULL,'Alliaceae',NULL,NULL);
INSERT INTO Associations_détails (IdxAsReEsGrFa,Association,Espèce,Groupe,Famille,Requise,Notes) VALUES ('Chou-rave !1 -Poivron piment','Chou-rave !','Poivron piment',NULL,'Solanaceae',NULL,'Piment');
INSERT INTO Associations_détails (IdxAsReEsGrFa,Association,Espèce,Groupe,Famille,Requise,Notes) VALUES ('Chou-rave +0x-Chou-rave','Chou-rave +','Chou-rave',NULL,'Brassicaceae','x',NULL);
INSERT INTO Associations_détails (IdxAsReEsGrFa,Association,Espèce,Groupe,Famille,Requise,Notes) VALUES ('Chou-rave +1 -Artichaut','Chou-rave +','Artichaut',NULL,'Asteraceae',NULL,NULL);
INSERT INTO Associations_détails (IdxAsReEsGrFa,Association,Espèce,Groupe,Famille,Requise,Notes) VALUES ('Chou-rave +1 -Camomille','Chou-rave +','Camomille',NULL,'Asteraceae',NULL,NULL);
INSERT INTO Associations_détails (IdxAsReEsGrFa,Association,Espèce,Groupe,Famille,Requise,Notes) VALUES ('Chou-rave +1 -Concombre','Chou-rave +','Concombre',NULL,'Cucurbitaceae',NULL,NULL);
INSERT INTO Associations_détails (IdxAsReEsGrFa,Association,Espèce,Groupe,Famille,Requise,Notes) VALUES ('Chou-rave +1 -Courge','Chou-rave +','Courge',NULL,'Cucurbitaceae',NULL,NULL);
INSERT INTO Associations_détails (IdxAsReEsGrFa,Association,Espèce,Groupe,Famille,Requise,Notes) VALUES ('Chou-rave +1 -Fabaceae','Chou-rave +',NULL,NULL,'Fabaceae',NULL,NULL);
INSERT INTO Associations_détails (IdxAsReEsGrFa,Association,Espèce,Groupe,Famille,Requise,Notes) VALUES ('Chou-rave +1 -Mélisse','Chou-rave +','Mélisse',NULL,'Lamiaceae',NULL,NULL);
INSERT INTO Associations_détails (IdxAsReEsGrFa,Association,Espèce,Groupe,Famille,Requise,Notes) VALUES ('Chou-rave +1 -Oignon','Chou-rave +','Oignon',NULL,'Alliaceae',NULL,NULL);
INSERT INTO Associations_détails (IdxAsReEsGrFa,Association,Espèce,Groupe,Famille,Requise,Notes) VALUES ('Chou-rave +1 -Romarin','Chou-rave +','Romarin',NULL,'Lamiaceae',NULL,NULL);
INSERT INTO Associations_détails (IdxAsReEsGrFa,Association,Espèce,Groupe,Famille,Requise,Notes) VALUES ('Concombre Tomate +0x-Concombre','Concombre Tomate +','Concombre',NULL,'Cucurbitaceae','x',NULL);
INSERT INTO Associations_détails (IdxAsReEsGrFa,Association,Espèce,Groupe,Famille,Requise,Notes) VALUES ('Concombre Tomate +0x-Tomate','Concombre Tomate +','Tomate',NULL,'Solanaceae','x',NULL);
INSERT INTO Associations_détails (IdxAsReEsGrFa,Association,Espèce,Groupe,Famille,Requise,Notes) VALUES ('Coriandre +0x-Coriandre','Coriandre +','Coriandre',NULL,'Apiaceae','x',NULL);
INSERT INTO Associations_détails (IdxAsReEsGrFa,Association,Espèce,Groupe,Famille,Requise,Notes) VALUES ('Coriandre +1 -Cucurbitaceae','Coriandre +',NULL,NULL,'Cucurbitaceae',NULL,NULL);
INSERT INTO Associations_détails (IdxAsReEsGrFa,Association,Espèce,Groupe,Famille,Requise,Notes) VALUES ('Coriandre Pois +0x-Coriandre','Coriandre Pois +','Coriandre',NULL,'Apiaceae','x',NULL);
INSERT INTO Associations_détails (IdxAsReEsGrFa,Association,Espèce,Groupe,Famille,Requise,Notes) VALUES ('Coriandre Pois +1 -Pois','Coriandre Pois +',NULL,'Pois','Fabaceae',NULL,NULL);
INSERT INTO Associations_détails (IdxAsReEsGrFa,Association,Espèce,Groupe,Famille,Requise,Notes) VALUES ('Coriandre Sauge !0x-Coriandre','Coriandre Sauge !','Coriandre',NULL,'Apiaceae','x',NULL);
INSERT INTO Associations_détails (IdxAsReEsGrFa,Association,Espèce,Groupe,Famille,Requise,Notes) VALUES ('Coriandre Sauge !0x-Sauge','Coriandre Sauge !','Sauge',NULL,'Lamiaceae','x',NULL);
INSERT INTO Associations_détails (IdxAsReEsGrFa,Association,Espèce,Groupe,Famille,Requise,Notes) VALUES ('Courge Pomme de terre +0x-Courge','Courge Pomme de terre +','Courge',NULL,'Cucurbitaceae','x','Potirons, courges spaguettis ou courges coureuses.'||x'0a0a'||'Semer en mars.'||x'0a0a'||'1 rangs sur 4, rangs espacés de 40 cm.');
INSERT INTO Associations_détails (IdxAsReEsGrFa,Association,Espèce,Groupe,Famille,Requise,Notes) VALUES ('Courge Pomme de terre +0x-Pomme de terre','Courge Pomme de terre +','Pomme de terre',NULL,'Solanaceae','x','Planter en janvier février et récolter en mai.'||x'0a0a'||'3 rangs sur 4, rangs espacé de 40 cm.');
INSERT INTO Associations_détails (IdxAsReEsGrFa,Association,Espèce,Groupe,Famille,Requise,Notes) VALUES ('Céleri +0x-Céleri','Céleri +','Céleri',NULL,'Apiaceae','x',NULL);
INSERT INTO Associations_détails (IdxAsReEsGrFa,Association,Espèce,Groupe,Famille,Requise,Notes) VALUES ('Céleri +1 -Chou','Céleri +',NULL,'Chou','Brassicaceae',NULL,NULL);
INSERT INTO Associations_détails (IdxAsReEsGrFa,Association,Espèce,Groupe,Famille,Requise,Notes) VALUES ('Céleri +1 -Poivron piment','Céleri +','Poivron piment',NULL,'Solanaceae',NULL,NULL);
INSERT INTO Associations_détails (IdxAsReEsGrFa,Association,Espèce,Groupe,Famille,Requise,Notes) VALUES ('Céleri Haricot +0x-Céleri','Céleri Haricot +','Céleri',NULL,'Apiaceae','x',NULL);
INSERT INTO Associations_détails (IdxAsReEsGrFa,Association,Espèce,Groupe,Famille,Requise,Notes) VALUES ('Céleri Haricot +1 -Haricot','Céleri Haricot +',NULL,'Haricot','Fabaceae',NULL,NULL);
INSERT INTO Associations_détails (IdxAsReEsGrFa,Association,Espèce,Groupe,Famille,Requise,Notes) VALUES ('Céleri Poireau +0x-Céleri','Céleri Poireau +','Céleri',NULL,'Apiaceae','x',NULL);
INSERT INTO Associations_détails (IdxAsReEsGrFa,Association,Espèce,Groupe,Famille,Requise,Notes) VALUES ('Céleri Poireau +0x-Poireau','Céleri Poireau +','Poireau',NULL,'Alliaceae','x',NULL);
INSERT INTO Associations_détails (IdxAsReEsGrFa,Association,Espèce,Groupe,Famille,Requise,Notes) VALUES ('Epinard +0x-Epinard','Epinard +','Epinard',NULL,'Amaranthaceae','x',NULL);
INSERT INTO Associations_détails (IdxAsReEsGrFa,Association,Espèce,Groupe,Famille,Requise,Notes) VALUES ('Epinard +1 -Artichaut','Epinard +','Artichaut',NULL,'Asteraceae',NULL,NULL);
INSERT INTO Associations_détails (IdxAsReEsGrFa,Association,Espèce,Groupe,Famille,Requise,Notes) VALUES ('Epinard +1 -Chicorée','Epinard +',NULL,'Chicorée','Asteraceae',NULL,NULL);
INSERT INTO Associations_détails (IdxAsReEsGrFa,Association,Espèce,Groupe,Famille,Requise,Notes) VALUES ('Epinard +1 -Fraisier','Epinard +','Fraisier',NULL,'Rosaceae',NULL,NULL);
INSERT INTO Associations_détails (IdxAsReEsGrFa,Association,Espèce,Groupe,Famille,Requise,Notes) VALUES ('Epinard +1 -Salsifis','Epinard +','Salsifis',NULL,'Asteraceae',NULL,NULL);
INSERT INTO Associations_détails (IdxAsReEsGrFa,Association,Espèce,Groupe,Famille,Requise,Notes) VALUES ('Epinard Chou +0x-Epinard','Epinard Chou +','Epinard',NULL,'Amaranthaceae','x',NULL);
INSERT INTO Associations_détails (IdxAsReEsGrFa,Association,Espèce,Groupe,Famille,Requise,Notes) VALUES ('Epinard Chou +1 -Chou','Epinard Chou +',NULL,'Chou','Brassicaceae',NULL,NULL);
INSERT INTO Associations_détails (IdxAsReEsGrFa,Association,Espèce,Groupe,Famille,Requise,Notes) VALUES ('Epinard Haricot +0x-Epinard','Epinard Haricot +','Epinard',NULL,'Amaranthaceae','x',NULL);
INSERT INTO Associations_détails (IdxAsReEsGrFa,Association,Espèce,Groupe,Famille,Requise,Notes) VALUES ('Epinard Haricot +1 -Haricot','Epinard Haricot +',NULL,'Haricot','Fabaceae',NULL,NULL);
INSERT INTO Associations_détails (IdxAsReEsGrFa,Association,Espèce,Groupe,Famille,Requise,Notes) VALUES ('Epinard Navet +0x-Epinard','Epinard Navet +','Epinard',NULL,'Amaranthaceae','x',NULL);
INSERT INTO Associations_détails (IdxAsReEsGrFa,Association,Espèce,Groupe,Famille,Requise,Notes) VALUES ('Epinard Navet +0x-Navet','Epinard Navet +','Navet',NULL,'Brassicaceae','x',NULL);
INSERT INTO Associations_détails (IdxAsReEsGrFa,Association,Espèce,Groupe,Famille,Requise,Notes) VALUES ('Epinard Oignon +0x-Epinard','Epinard Oignon +','Epinard',NULL,'Amaranthaceae','x',NULL);
INSERT INTO Associations_détails (IdxAsReEsGrFa,Association,Espèce,Groupe,Famille,Requise,Notes) VALUES ('Epinard Oignon +0x-Oignon','Epinard Oignon +','Oignon',NULL,'Alliaceae','x',NULL);
INSERT INTO Associations_détails (IdxAsReEsGrFa,Association,Espèce,Groupe,Famille,Requise,Notes) VALUES ('Epinard Radis +0x-Epinard','Epinard Radis +','Epinard',NULL,'Amaranthaceae','x',NULL);
INSERT INTO Associations_détails (IdxAsReEsGrFa,Association,Espèce,Groupe,Famille,Requise,Notes) VALUES ('Epinard Radis +0x-Radis','Epinard Radis +','Radis',NULL,'Brassicaceae','x',NULL);
INSERT INTO Associations_détails (IdxAsReEsGrFa,Association,Espèce,Groupe,Famille,Requise,Notes) VALUES ('Fenouil !0x-Fenouil','Fenouil !','Fenouil',NULL,'Apiaceae','x',NULL);
INSERT INTO Associations_détails (IdxAsReEsGrFa,Association,Espèce,Groupe,Famille,Requise,Notes) VALUES ('Fenouil !1 -Absinthe','Fenouil !','Absinthe',NULL,'Asteraceae',NULL,NULL);
INSERT INTO Associations_détails (IdxAsReEsGrFa,Association,Espèce,Groupe,Famille,Requise,Notes) VALUES ('Fenouil !1 -Concombre','Fenouil !','Concombre',NULL,'Cucurbitaceae',NULL,NULL);
INSERT INTO Associations_détails (IdxAsReEsGrFa,Association,Espèce,Groupe,Famille,Requise,Notes) VALUES ('Fenouil !1 -Coriandre','Fenouil !','Coriandre',NULL,'Apiaceae',NULL,NULL);
INSERT INTO Associations_détails (IdxAsReEsGrFa,Association,Espèce,Groupe,Famille,Requise,Notes) VALUES ('Fenouil !1 -Courge','Fenouil !','Courge',NULL,'Cucurbitaceae',NULL,'Pâtisson');
INSERT INTO Associations_détails (IdxAsReEsGrFa,Association,Espèce,Groupe,Famille,Requise,Notes) VALUES ('Fenouil !1 -Epinard','Fenouil !','Epinard',NULL,'Amaranthaceae',NULL,NULL);
INSERT INTO Associations_détails (IdxAsReEsGrFa,Association,Espèce,Groupe,Famille,Requise,Notes) VALUES ('Fenouil !1 -Poivron piment','Fenouil !','Poivron piment',NULL,'Solanaceae',NULL,'Piment');
INSERT INTO Associations_détails (IdxAsReEsGrFa,Association,Espèce,Groupe,Famille,Requise,Notes) VALUES ('Fenouil !1 -Souci','Fenouil !','Souci',NULL,'Asteraceae',NULL,NULL);
INSERT INTO Associations_détails (IdxAsReEsGrFa,Association,Espèce,Groupe,Famille,Requise,Notes) VALUES ('Fenouil !1 -Tomate','Fenouil !','Tomate',NULL,'Solanaceae',NULL,NULL);
INSERT INTO Associations_détails (IdxAsReEsGrFa,Association,Espèce,Groupe,Famille,Requise,Notes) VALUES ('Fenouil +0x-Fenouil','Fenouil +','Fenouil',NULL,'Apiaceae','x',NULL);
INSERT INTO Associations_détails (IdxAsReEsGrFa,Association,Espèce,Groupe,Famille,Requise,Notes) VALUES ('Fenouil +1 -Céleri','Fenouil +','Céleri',NULL,'Apiaceae',NULL,'Céleri-rave');
INSERT INTO Associations_détails (IdxAsReEsGrFa,Association,Espèce,Groupe,Famille,Requise,Notes) VALUES ('Fenouil Haricot !0x-Fenouil','Fenouil Haricot !','Fenouil',NULL,'Apiaceae','x',NULL);
INSERT INTO Associations_détails (IdxAsReEsGrFa,Association,Espèce,Groupe,Famille,Requise,Notes) VALUES ('Fenouil Haricot !1 -Haricot','Fenouil Haricot !',NULL,'Haricot','Fabaceae',NULL,NULL);
INSERT INTO Associations_détails (IdxAsReEsGrFa,Association,Espèce,Groupe,Famille,Requise,Notes) VALUES ('Fenouil Navet !0x-Fenouil','Fenouil Navet !','Fenouil',NULL,'Apiaceae','x',NULL);
INSERT INTO Associations_détails (IdxAsReEsGrFa,Association,Espèce,Groupe,Famille,Requise,Notes) VALUES ('Fenouil Navet !0x-Navet','Fenouil Navet !','Navet',NULL,'Brassicaceae','x',NULL);
INSERT INTO Associations_détails (IdxAsReEsGrFa,Association,Espèce,Groupe,Famille,Requise,Notes) VALUES ('Fenouil Poireau +0x-Fenouil','Fenouil Poireau +','Fenouil',NULL,'Apiaceae','x',NULL);
INSERT INTO Associations_détails (IdxAsReEsGrFa,Association,Espèce,Groupe,Famille,Requise,Notes) VALUES ('Fenouil Poireau +0x-Poireau','Fenouil Poireau +','Poireau',NULL,'Alliaceae','x',NULL);
INSERT INTO Associations_détails (IdxAsReEsGrFa,Association,Espèce,Groupe,Famille,Requise,Notes) VALUES ('Fraisier !0x-Fraisier','Fraisier !','Fraisier',NULL,'Rosaceae','x',NULL);
INSERT INTO Associations_détails (IdxAsReEsGrFa,Association,Espèce,Groupe,Famille,Requise,Notes) VALUES ('Fraisier !1 -Chou','Fraisier !',NULL,'Chou','Brassicaceae',NULL,NULL);
INSERT INTO Associations_détails (IdxAsReEsGrFa,Association,Espèce,Groupe,Famille,Requise,Notes) VALUES ('Fraisier +0x-Fraisier','Fraisier +','Fraisier',NULL,'Rosaceae','x',NULL);
INSERT INTO Associations_détails (IdxAsReEsGrFa,Association,Espèce,Groupe,Famille,Requise,Notes) VALUES ('Fraisier +1 -Ail','Fraisier +','Ail',NULL,'Alliaceae',NULL,NULL);
INSERT INTO Associations_détails (IdxAsReEsGrFa,Association,Espèce,Groupe,Famille,Requise,Notes) VALUES ('Fraisier +1 -Ciboulette','Fraisier +','Ciboulette',NULL,'Alliaceae',NULL,NULL);
INSERT INTO Associations_détails (IdxAsReEsGrFa,Association,Espèce,Groupe,Famille,Requise,Notes) VALUES ('Fraisier +1 -Oignon','Fraisier +','Oignon',NULL,'Alliaceae',NULL,NULL);
INSERT INTO Associations_détails (IdxAsReEsGrFa,Association,Espèce,Groupe,Famille,Requise,Notes) VALUES ('Fraisier Poireau +0x-Fraisier','Fraisier Poireau +','Fraisier',NULL,'Rosaceae','x',NULL);
INSERT INTO Associations_détails (IdxAsReEsGrFa,Association,Espèce,Groupe,Famille,Requise,Notes) VALUES ('Fraisier Poireau +0x-Poireau','Fraisier Poireau +','Poireau',NULL,'Alliaceae','x',NULL);
INSERT INTO Associations_détails (IdxAsReEsGrFa,Association,Espèce,Groupe,Famille,Requise,Notes) VALUES ('Fraisier Pêcher +0x-Fraisier','Fraisier Pêcher +','Fraisier',NULL,'Rosaceae','x',NULL);
INSERT INTO Associations_détails (IdxAsReEsGrFa,Association,Espèce,Groupe,Famille,Requise,Notes) VALUES ('Fraisier Pêcher +0x-Pêcher','Fraisier Pêcher +','Pêcher',NULL,'Rosaceae','x',NULL);
INSERT INTO Associations_détails (IdxAsReEsGrFa,Association,Espèce,Groupe,Famille,Requise,Notes) VALUES ('Fève +0x-Fève','Fève +','Fève',NULL,'Fabaceae','x',NULL);
INSERT INTO Associations_détails (IdxAsReEsGrFa,Association,Espèce,Groupe,Famille,Requise,Notes) VALUES ('Fève +1 -Chou','Fève +',NULL,'Chou','Brassicaceae',NULL,NULL);
INSERT INTO Associations_détails (IdxAsReEsGrFa,Association,Espèce,Groupe,Famille,Requise,Notes) VALUES ('Fève +1 -Maïs','Fève +','Maïs',NULL,'Poaceae',NULL,NULL);
INSERT INTO Associations_détails (IdxAsReEsGrFa,Association,Espèce,Groupe,Famille,Requise,Notes) VALUES ('Fève +1 -Rosaceae','Fève +',NULL,NULL,'Rosaceae',NULL,NULL);
INSERT INTO Associations_détails (IdxAsReEsGrFa,Association,Espèce,Groupe,Famille,Requise,Notes) VALUES ('Fève +1 -Sarriette','Fève +','Sarriette',NULL,'Lamiaceae',NULL,NULL);
INSERT INTO Associations_détails (IdxAsReEsGrFa,Association,Espèce,Groupe,Famille,Requise,Notes) VALUES ('Fève Laitue +0x-Fève','Fève Laitue +','Fève',NULL,'Fabaceae','x',NULL);
INSERT INTO Associations_détails (IdxAsReEsGrFa,Association,Espèce,Groupe,Famille,Requise,Notes) VALUES ('Fève Laitue +0x-Laitue','Fève Laitue +','Laitue',NULL,'Asteraceae','x',NULL);
INSERT INTO Associations_détails (IdxAsReEsGrFa,Association,Espèce,Groupe,Famille,Requise,Notes) VALUES ('Fève Pomme de terre +0x-Fève','Fève Pomme de terre +','Fève',NULL,'Fabaceae','x',NULL);
INSERT INTO Associations_détails (IdxAsReEsGrFa,Association,Espèce,Groupe,Famille,Requise,Notes) VALUES ('Fève Pomme de terre +0x-Pomme de terre','Fève Pomme de terre +','Pomme de terre',NULL,'Solanaceae','x',NULL);
INSERT INTO Associations_détails (IdxAsReEsGrFa,Association,Espèce,Groupe,Famille,Requise,Notes) VALUES ('Groseillier !0x-Groseillier','Groseillier !','Groseillier',NULL,'Grossulariaceae','x',NULL);
INSERT INTO Associations_détails (IdxAsReEsGrFa,Association,Espèce,Groupe,Famille,Requise,Notes) VALUES ('Groseillier !1 -Haricot','Groseillier !',NULL,'Haricot','Fabaceae',NULL,'Haricot à rames');
INSERT INTO Associations_détails (IdxAsReEsGrFa,Association,Espèce,Groupe,Famille,Requise,Notes) VALUES ('Groseillier !1 -Maïs','Groseillier !','Maïs',NULL,'Poaceae',NULL,NULL);
INSERT INTO Associations_détails (IdxAsReEsGrFa,Association,Espèce,Groupe,Famille,Requise,Notes) VALUES ('Groseillier +0x-Groseillier','Groseillier +','Groseillier',NULL,'Grossulariaceae','x',NULL);
INSERT INTO Associations_détails (IdxAsReEsGrFa,Association,Espèce,Groupe,Famille,Requise,Notes) VALUES ('Groseillier +1 -Abricotier','Groseillier +','Abricotier',NULL,'Rosaceae',NULL,NULL);
INSERT INTO Associations_détails (IdxAsReEsGrFa,Association,Espèce,Groupe,Famille,Requise,Notes) VALUES ('Groseillier +1 -Carotte','Groseillier +','Carotte',NULL,'Apiaceae',NULL,NULL);
INSERT INTO Associations_détails (IdxAsReEsGrFa,Association,Espèce,Groupe,Famille,Requise,Notes) VALUES ('Groseillier +1 -Ciboulette','Groseillier +','Ciboulette',NULL,'Alliaceae',NULL,NULL);
INSERT INTO Associations_détails (IdxAsReEsGrFa,Association,Espèce,Groupe,Famille,Requise,Notes) VALUES ('Groseillier +1 -Haricot','Groseillier +',NULL,'Haricot','Fabaceae',NULL,'Haricot nain');
INSERT INTO Associations_détails (IdxAsReEsGrFa,Association,Espèce,Groupe,Famille,Requise,Notes) VALUES ('Groseillier +1 -Navet','Groseillier +','Navet',NULL,'Brassicaceae',NULL,NULL);
INSERT INTO Associations_détails (IdxAsReEsGrFa,Association,Espèce,Groupe,Famille,Requise,Notes) VALUES ('Groseillier +1 -Oignon','Groseillier +','Oignon',NULL,'Alliaceae',NULL,NULL);
INSERT INTO Associations_détails (IdxAsReEsGrFa,Association,Espèce,Groupe,Famille,Requise,Notes) VALUES ('Haricot Laitue +0x-Laitue','Haricot Laitue +','Laitue',NULL,'Asteraceae','x',NULL);
INSERT INTO Associations_détails (IdxAsReEsGrFa,Association,Espèce,Groupe,Famille,Requise,Notes) VALUES ('Haricot Laitue +1 -Haricot','Haricot Laitue +',NULL,'Haricot','Fabaceae',NULL,NULL);
INSERT INTO Associations_détails (IdxAsReEsGrFa,Association,Espèce,Groupe,Famille,Requise,Notes) VALUES ('Haricot Maïs +0x-Maïs','Haricot Maïs +','Maïs',NULL,'Poaceae','x',NULL);
INSERT INTO Associations_détails (IdxAsReEsGrFa,Association,Espèce,Groupe,Famille,Requise,Notes) VALUES ('Haricot Maïs +1 -Haricot','Haricot Maïs +',NULL,'Haricot','Fabaceae',NULL,NULL);
INSERT INTO Associations_détails (IdxAsReEsGrFa,Association,Espèce,Groupe,Famille,Requise,Notes) VALUES ('Haricot Oignon !0x-Oignon','Haricot Oignon !','Oignon',NULL,'Alliaceae','x',NULL);
INSERT INTO Associations_détails (IdxAsReEsGrFa,Association,Espèce,Groupe,Famille,Requise,Notes) VALUES ('Haricot Oignon !1 -Haricot','Haricot Oignon !',NULL,'Haricot','Fabaceae',NULL,NULL);
INSERT INTO Associations_détails (IdxAsReEsGrFa,Association,Espèce,Groupe,Famille,Requise,Notes) VALUES ('Haricot Poireau !0x-Poireau','Haricot Poireau !','Poireau',NULL,'Alliaceae','x',NULL);
INSERT INTO Associations_détails (IdxAsReEsGrFa,Association,Espèce,Groupe,Famille,Requise,Notes) VALUES ('Haricot Poireau !1 -Haricot','Haricot Poireau !',NULL,'Haricot','Fabaceae',NULL,NULL);
INSERT INTO Associations_détails (IdxAsReEsGrFa,Association,Espèce,Groupe,Famille,Requise,Notes) VALUES ('Haricot Pomme de terre +0x-Pomme de terre','Haricot Pomme de terre +','Pomme de terre',NULL,'Solanaceae','x',NULL);
INSERT INTO Associations_détails (IdxAsReEsGrFa,Association,Espèce,Groupe,Famille,Requise,Notes) VALUES ('Haricot Pomme de terre +1 -Haricot','Haricot Pomme de terre +',NULL,'Haricot','Fabaceae',NULL,NULL);
INSERT INTO Associations_détails (IdxAsReEsGrFa,Association,Espèce,Groupe,Famille,Requise,Notes) VALUES ('Haricot mangetout !0x-Haricot mangetout','Haricot mangetout !','Haricot mangetout',NULL,'Fabaceae','x',NULL);
INSERT INTO Associations_détails (IdxAsReEsGrFa,Association,Espèce,Groupe,Famille,Requise,Notes) VALUES ('Haricot mangetout !1 -Actinidia','Haricot mangetout !','Actinidia',NULL,'Actinidiaceae',NULL,NULL);
INSERT INTO Associations_détails (IdxAsReEsGrFa,Association,Espèce,Groupe,Famille,Requise,Notes) VALUES ('Haricot mangetout !1 -Ciboulette','Haricot mangetout !','Ciboulette',NULL,'Alliaceae',NULL,NULL);
INSERT INTO Associations_détails (IdxAsReEsGrFa,Association,Espèce,Groupe,Famille,Requise,Notes) VALUES ('Haricot mangetout !1 -Courgette','Haricot mangetout !','Courgette',NULL,'Cucurbitaceae',NULL,NULL);
INSERT INTO Associations_détails (IdxAsReEsGrFa,Association,Espèce,Groupe,Famille,Requise,Notes) VALUES ('Haricot mangetout !1 -Echalote','Haricot mangetout !','Echalote',NULL,'Alliaceae',NULL,NULL);
INSERT INTO Associations_détails (IdxAsReEsGrFa,Association,Espèce,Groupe,Famille,Requise,Notes) VALUES ('Haricot mangetout !1 -Pois','Haricot mangetout !',NULL,'Pois','Fabaceae',NULL,NULL);
INSERT INTO Associations_détails (IdxAsReEsGrFa,Association,Espèce,Groupe,Famille,Requise,Notes) VALUES ('Haricot mangetout +0x-Haricot mangetout','Haricot mangetout +','Haricot mangetout',NULL,'Fabaceae','x',NULL);
INSERT INTO Associations_détails (IdxAsReEsGrFa,Association,Espèce,Groupe,Famille,Requise,Notes) VALUES ('Haricot mangetout +1 -Bourrache','Haricot mangetout +','Bourrache',NULL,'Boraginaceae',NULL,NULL);
INSERT INTO Associations_détails (IdxAsReEsGrFa,Association,Espèce,Groupe,Famille,Requise,Notes) VALUES ('Haricot mangetout +1 -Capucine','Haricot mangetout +','Capucine',NULL,'Tropaeolaceae',NULL,NULL);
INSERT INTO Associations_détails (IdxAsReEsGrFa,Association,Espèce,Groupe,Famille,Requise,Notes) VALUES ('Haricot mangetout +1 -Chou','Haricot mangetout +',NULL,'Chou','Brassicaceae',NULL,NULL);
INSERT INTO Associations_détails (IdxAsReEsGrFa,Association,Espèce,Groupe,Famille,Requise,Notes) VALUES ('Haricot mangetout +1 -Concombre','Haricot mangetout +','Concombre',NULL,'Cucurbitaceae',NULL,NULL);
INSERT INTO Associations_détails (IdxAsReEsGrFa,Association,Espèce,Groupe,Famille,Requise,Notes) VALUES ('Haricot mangetout +1 -Courge','Haricot mangetout +','Courge',NULL,'Cucurbitaceae',NULL,'Potimaron');
INSERT INTO Associations_détails (IdxAsReEsGrFa,Association,Espèce,Groupe,Famille,Requise,Notes) VALUES ('Haricot mangetout +1 -Melon','Haricot mangetout +','Melon',NULL,'Cucurbitaceae',NULL,NULL);
INSERT INTO Associations_détails (IdxAsReEsGrFa,Association,Espèce,Groupe,Famille,Requise,Notes) VALUES ('Haricot mangetout +1 -Sarriette','Haricot mangetout +','Sarriette',NULL,'Lamiaceae',NULL,NULL);
INSERT INTO Associations_détails (IdxAsReEsGrFa,Association,Espèce,Groupe,Famille,Requise,Notes) VALUES ('Haricot mangetout +1 -Tournesol','Haricot mangetout +','Tournesol',NULL,'Apiaceae',NULL,NULL);
INSERT INTO Associations_détails (IdxAsReEsGrFa,Association,Espèce,Groupe,Famille,Requise,Notes) VALUES ('Haricot à écosser !0x-Haricot mangetout','Haricot à écosser !','Haricot mangetout',NULL,'Fabaceae','x',NULL);
INSERT INTO Associations_détails (IdxAsReEsGrFa,Association,Espèce,Groupe,Famille,Requise,Notes) VALUES ('Haricot à écosser !1 -Actinidia','Haricot à écosser !','Actinidia',NULL,'Actinidiaceae',NULL,NULL);
INSERT INTO Associations_détails (IdxAsReEsGrFa,Association,Espèce,Groupe,Famille,Requise,Notes) VALUES ('Haricot à écosser !1 -Ciboulette','Haricot à écosser !','Ciboulette',NULL,'Alliaceae',NULL,NULL);
INSERT INTO Associations_détails (IdxAsReEsGrFa,Association,Espèce,Groupe,Famille,Requise,Notes) VALUES ('Haricot à écosser !1 -Courgette','Haricot à écosser !','Courgette',NULL,'Cucurbitaceae',NULL,NULL);
INSERT INTO Associations_détails (IdxAsReEsGrFa,Association,Espèce,Groupe,Famille,Requise,Notes) VALUES ('Haricot à écosser !1 -Echalote','Haricot à écosser !','Echalote',NULL,'Alliaceae',NULL,NULL);
INSERT INTO Associations_détails (IdxAsReEsGrFa,Association,Espèce,Groupe,Famille,Requise,Notes) VALUES ('Haricot à écosser !1 -Pois','Haricot à écosser !',NULL,'Pois','Fabaceae',NULL,NULL);
INSERT INTO Associations_détails (IdxAsReEsGrFa,Association,Espèce,Groupe,Famille,Requise,Notes) VALUES ('Haricot à écosser +0x-Haricot à écosser','Haricot à écosser +','Haricot à écosser',NULL,'Fabaceae','x',NULL);
INSERT INTO Associations_détails (IdxAsReEsGrFa,Association,Espèce,Groupe,Famille,Requise,Notes) VALUES ('Haricot à écosser +1 -Bourrache','Haricot à écosser +','Bourrache',NULL,'Boraginaceae',NULL,NULL);
INSERT INTO Associations_détails (IdxAsReEsGrFa,Association,Espèce,Groupe,Famille,Requise,Notes) VALUES ('Haricot à écosser +1 -Capucine','Haricot à écosser +','Capucine',NULL,'Tropaeolaceae',NULL,NULL);
INSERT INTO Associations_détails (IdxAsReEsGrFa,Association,Espèce,Groupe,Famille,Requise,Notes) VALUES ('Haricot à écosser +1 -Chou','Haricot à écosser +',NULL,'Chou','Brassicaceae',NULL,NULL);
INSERT INTO Associations_détails (IdxAsReEsGrFa,Association,Espèce,Groupe,Famille,Requise,Notes) VALUES ('Haricot à écosser +1 -Concombre','Haricot à écosser +','Concombre',NULL,'Cucurbitaceae',NULL,NULL);
INSERT INTO Associations_détails (IdxAsReEsGrFa,Association,Espèce,Groupe,Famille,Requise,Notes) VALUES ('Haricot à écosser +1 -Courge','Haricot à écosser +','Courge',NULL,'Cucurbitaceae',NULL,'Potimaron');
INSERT INTO Associations_détails (IdxAsReEsGrFa,Association,Espèce,Groupe,Famille,Requise,Notes) VALUES ('Haricot à écosser +1 -Melon','Haricot à écosser +','Melon',NULL,'Cucurbitaceae',NULL,NULL);
INSERT INTO Associations_détails (IdxAsReEsGrFa,Association,Espèce,Groupe,Famille,Requise,Notes) VALUES ('Haricot à écosser +1 -Sarriette','Haricot à écosser +','Sarriette',NULL,'Lamiaceae',NULL,NULL);
INSERT INTO Associations_détails (IdxAsReEsGrFa,Association,Espèce,Groupe,Famille,Requise,Notes) VALUES ('Haricot à écosser +1 -Tournesol','Haricot à écosser +','Tournesol',NULL,'Apiaceae',NULL,NULL);
INSERT INTO Associations_détails (IdxAsReEsGrFa,Association,Espèce,Groupe,Famille,Requise,Notes) VALUES ('Laitue !0x-Laitue','Laitue !','Laitue',NULL,'Asteraceae','x',NULL);
INSERT INTO Associations_détails (IdxAsReEsGrFa,Association,Espèce,Groupe,Famille,Requise,Notes) VALUES ('Laitue !1 -Panais','Laitue !','Panais',NULL,'Apiaceae',NULL,NULL);
INSERT INTO Associations_détails (IdxAsReEsGrFa,Association,Espèce,Groupe,Famille,Requise,Notes) VALUES ('Laitue !1 -Persil','Laitue !','Persil',NULL,'Apiaceae',NULL,NULL);
INSERT INTO Associations_détails (IdxAsReEsGrFa,Association,Espèce,Groupe,Famille,Requise,Notes) VALUES ('Laitue +0x-Laitue','Laitue +','Laitue',NULL,'Asteraceae','x',NULL);
INSERT INTO Associations_détails (IdxAsReEsGrFa,Association,Espèce,Groupe,Famille,Requise,Notes) VALUES ('Laitue +1 -Aneth','Laitue +','Aneth',NULL,'Apiaceae',NULL,NULL);
INSERT INTO Associations_détails (IdxAsReEsGrFa,Association,Espèce,Groupe,Famille,Requise,Notes) VALUES ('Laitue +1 -Artichaut','Laitue +','Artichaut',NULL,'Asteraceae',NULL,NULL);
INSERT INTO Associations_détails (IdxAsReEsGrFa,Association,Espèce,Groupe,Famille,Requise,Notes) VALUES ('Laitue +1 -Courge','Laitue +','Courge',NULL,'Cucurbitaceae',NULL,NULL);
INSERT INTO Associations_détails (IdxAsReEsGrFa,Association,Espèce,Groupe,Famille,Requise,Notes) VALUES ('Laitue +1 -Fraisier','Laitue +','Fraisier',NULL,'Rosaceae',NULL,NULL);
INSERT INTO Associations_détails (IdxAsReEsGrFa,Association,Espèce,Groupe,Famille,Requise,Notes) VALUES ('Laitue +1 -Melon','Laitue +','Melon',NULL,'Cucurbitaceae',NULL,NULL);
INSERT INTO Associations_détails (IdxAsReEsGrFa,Association,Espèce,Groupe,Famille,Requise,Notes) VALUES ('Laitue +1 -Navet','Laitue +','Navet',NULL,'Brassicaceae',NULL,NULL);
INSERT INTO Associations_détails (IdxAsReEsGrFa,Association,Espèce,Groupe,Famille,Requise,Notes) VALUES ('Laitue +1 -Pois','Laitue +',NULL,'Pois','Fabaceae',NULL,NULL);
INSERT INTO Associations_détails (IdxAsReEsGrFa,Association,Espèce,Groupe,Famille,Requise,Notes) VALUES ('Laitue +1 -Poivron piment','Laitue +','Poivron piment',NULL,'Solanaceae',NULL,'Poivron');
INSERT INTO Associations_détails (IdxAsReEsGrFa,Association,Espèce,Groupe,Famille,Requise,Notes) VALUES ('Laitue Oignon +0x-Laitue','Laitue Oignon +','Laitue',NULL,'Asteraceae','x','Cycle court');
INSERT INTO Associations_détails (IdxAsReEsGrFa,Association,Espèce,Groupe,Famille,Requise,Notes) VALUES ('Laitue Oignon +0x-Oignon','Laitue Oignon +','Oignon',NULL,'Alliaceae','x','Cycle long');
INSERT INTO Associations_détails (IdxAsReEsGrFa,Association,Espèce,Groupe,Famille,Requise,Notes) VALUES ('Laitue Poireau +0x-Laitue','Laitue Poireau +','Laitue',NULL,'Asteraceae','x',NULL);
INSERT INTO Associations_détails (IdxAsReEsGrFa,Association,Espèce,Groupe,Famille,Requise,Notes) VALUES ('Laitue Poireau +0x-Poireau','Laitue Poireau +','Poireau',NULL,'Alliaceae','x',NULL);
INSERT INTO Associations_détails (IdxAsReEsGrFa,Association,Espèce,Groupe,Famille,Requise,Notes) VALUES ('Laitue Tomate !0x-Laitue','Laitue Tomate !','Laitue',NULL,'Asteraceae','x',NULL);
INSERT INTO Associations_détails (IdxAsReEsGrFa,Association,Espèce,Groupe,Famille,Requise,Notes) VALUES ('Laitue Tomate !0x-Tomate','Laitue Tomate !','Tomate',NULL,'Solanaceae','x',NULL);
INSERT INTO Associations_détails (IdxAsReEsGrFa,Association,Espèce,Groupe,Famille,Requise,Notes) VALUES ('Lavande !0x-Lavande','Lavande !','Lavande',NULL,'Lamiaceae','x',NULL);
INSERT INTO Associations_détails (IdxAsReEsGrFa,Association,Espèce,Groupe,Famille,Requise,Notes) VALUES ('Lavande !1 -Mélisse','Lavande !','Mélisse',NULL,'Lamiaceae',NULL,NULL);
INSERT INTO Associations_détails (IdxAsReEsGrFa,Association,Espèce,Groupe,Famille,Requise,Notes) VALUES ('Lavande +0x-Lavande','Lavande +','Lavande',NULL,'Lamiaceae','x',NULL);
INSERT INTO Associations_détails (IdxAsReEsGrFa,Association,Espèce,Groupe,Famille,Requise,Notes) VALUES ('Lavande +1 -Rutaceae','Lavande +',NULL,NULL,'Rutaceae',NULL,'Agrumes');
INSERT INTO Associations_détails (IdxAsReEsGrFa,Association,Espèce,Groupe,Famille,Requise,Notes) VALUES ('Maïs !0x-Maïs','Maïs !','Maïs',NULL,'Poaceae','x',NULL);
INSERT INTO Associations_détails (IdxAsReEsGrFa,Association,Espèce,Groupe,Famille,Requise,Notes) VALUES ('Maïs !1 -Actinidia','Maïs !','Actinidia',NULL,'Actinidiaceae',NULL,NULL);
INSERT INTO Associations_détails (IdxAsReEsGrFa,Association,Espèce,Groupe,Famille,Requise,Notes) VALUES ('Maïs !1 -Laitue','Maïs !','Laitue',NULL,'Asteraceae',NULL,NULL);
INSERT INTO Associations_détails (IdxAsReEsGrFa,Association,Espèce,Groupe,Famille,Requise,Notes) VALUES ('Maïs !1 -Oignon','Maïs !','Oignon',NULL,'Alliaceae',NULL,NULL);
INSERT INTO Associations_détails (IdxAsReEsGrFa,Association,Espèce,Groupe,Famille,Requise,Notes) VALUES ('Maïs +0x-Maïs','Maïs +','Maïs',NULL,'Poaceae','x',NULL);
INSERT INTO Associations_détails (IdxAsReEsGrFa,Association,Espèce,Groupe,Famille,Requise,Notes) VALUES ('Maïs +1 -Achillée millefeuille','Maïs +','Achillée millefeuille',NULL,'Asteraceae',NULL,NULL);
INSERT INTO Associations_détails (IdxAsReEsGrFa,Association,Espèce,Groupe,Famille,Requise,Notes) VALUES ('Maïs +1 -Betterave','Maïs +','Betterave',NULL,'Amaranthaceae',NULL,NULL);
INSERT INTO Associations_détails (IdxAsReEsGrFa,Association,Espèce,Groupe,Famille,Requise,Notes) VALUES ('Maïs +1 -Courge','Maïs +','Courge',NULL,'Cucurbitaceae',NULL,'Potiron');
INSERT INTO Associations_détails (IdxAsReEsGrFa,Association,Espèce,Groupe,Famille,Requise,Notes) VALUES ('Maïs +1 -Pois','Maïs +',NULL,'Pois','Fabaceae',NULL,NULL);
INSERT INTO Associations_détails (IdxAsReEsGrFa,Association,Espèce,Groupe,Famille,Requise,Notes) VALUES ('Melon +0x-Melon','Melon +','Melon',NULL,'Cucurbitaceae','x',NULL);
INSERT INTO Associations_détails (IdxAsReEsGrFa,Association,Espèce,Groupe,Famille,Requise,Notes) VALUES ('Melon +1 -Fabaceae','Melon +',NULL,NULL,'Fabaceae',NULL,NULL);
INSERT INTO Associations_détails (IdxAsReEsGrFa,Association,Espèce,Groupe,Famille,Requise,Notes) VALUES ('Menthe +0x-Menthe','Menthe +','Menthe',NULL,'Lamiaceae','x',NULL);
INSERT INTO Associations_détails (IdxAsReEsGrFa,Association,Espèce,Groupe,Famille,Requise,Notes) VALUES ('Menthe +1 -Poirier','Menthe +','Poirier',NULL,'Rosaceae',NULL,NULL);
INSERT INTO Associations_détails (IdxAsReEsGrFa,Association,Espèce,Groupe,Famille,Requise,Notes) VALUES ('Menthe +1 -Pommier','Menthe +','Pommier',NULL,'Rosaceae',NULL,NULL);
INSERT INTO Associations_détails (IdxAsReEsGrFa,Association,Espèce,Groupe,Famille,Requise,Notes) VALUES ('Milpa +0x-Courge','Milpa +','Courge',NULL,'Cucurbitaceae','x','Potiron de préférence.'||x'0a0a'||'Couvre sol, freine les adventisses et préserve l''humidité du sol.');
INSERT INTO Associations_détails (IdxAsReEsGrFa,Association,Espèce,Groupe,Famille,Requise,Notes) VALUES ('Milpa +0x-Haricot à écosser','Milpa +','Haricot à écosser',NULL,'Fabaceae','x','Haricots à rames, ils apportent de l''azote.');
INSERT INTO Associations_détails (IdxAsReEsGrFa,Association,Espèce,Groupe,Famille,Requise,Notes) VALUES ('Milpa +0x-Maïs','Milpa +','Maïs',NULL,'Poaceae','x','Tuteur pour les haricots');
INSERT INTO Associations_détails (IdxAsReEsGrFa,Association,Espèce,Groupe,Famille,Requise,Notes) VALUES ('Moutarde !0x-Moutarde','Moutarde !','Moutarde',NULL,'Brassicaceae','x',NULL);
INSERT INTO Associations_détails (IdxAsReEsGrFa,Association,Espèce,Groupe,Famille,Requise,Notes) VALUES ('Moutarde !1 -Tournesol','Moutarde !','Tournesol',NULL,'Apiaceae',NULL,NULL);
INSERT INTO Associations_détails (IdxAsReEsGrFa,Association,Espèce,Groupe,Famille,Requise,Notes) VALUES ('Moutarde +0x-Moutarde','Moutarde +','Moutarde',NULL,'Brassicaceae','x',NULL);
INSERT INTO Associations_détails (IdxAsReEsGrFa,Association,Espèce,Groupe,Famille,Requise,Notes) VALUES ('Moutarde +1 -Chicorée','Moutarde +',NULL,'Chicorée','Asteraceae',NULL,NULL);
INSERT INTO Associations_détails (IdxAsReEsGrFa,Association,Espèce,Groupe,Famille,Requise,Notes) VALUES ('Moutarde +1 -Chou','Moutarde +',NULL,'Chou','Brassicaceae',NULL,NULL);
INSERT INTO Associations_détails (IdxAsReEsGrFa,Association,Espèce,Groupe,Famille,Requise,Notes) VALUES ('Moutarde +1 -Laitue','Moutarde +','Laitue',NULL,'Asteraceae',NULL,NULL);
INSERT INTO Associations_détails (IdxAsReEsGrFa,Association,Espèce,Groupe,Famille,Requise,Notes) VALUES ('Mâche !0x-Mâche','Mâche !','Mâche',NULL,'Valerianaceae','x',NULL);
INSERT INTO Associations_détails (IdxAsReEsGrFa,Association,Espèce,Groupe,Famille,Requise,Notes) VALUES ('Mâche !1 -Actinidia','Mâche !','Actinidia',NULL,'Actinidiaceae',NULL,NULL);
INSERT INTO Associations_détails (IdxAsReEsGrFa,Association,Espèce,Groupe,Famille,Requise,Notes) VALUES ('Mâche !1 -Amarante','Mâche !','Amarante',NULL,'Amaranthaceae',NULL,NULL);
INSERT INTO Associations_détails (IdxAsReEsGrFa,Association,Espèce,Groupe,Famille,Requise,Notes) VALUES ('Mâche !1 -Radis noir','Mâche !','Radis noir',NULL,'Brassicaceae',NULL,NULL);
INSERT INTO Associations_détails (IdxAsReEsGrFa,Association,Espèce,Groupe,Famille,Requise,Notes) VALUES ('Mâche +0x-Mâche','Mâche +','Mâche',NULL,'Valerianaceae','x',NULL);
INSERT INTO Associations_détails (IdxAsReEsGrFa,Association,Espèce,Groupe,Famille,Requise,Notes) VALUES ('Mâche +1 -Courge','Mâche +','Courge',NULL,'Cucurbitaceae',NULL,'Potiron');
INSERT INTO Associations_détails (IdxAsReEsGrFa,Association,Espèce,Groupe,Famille,Requise,Notes) VALUES ('Mâche +1 -Fraisier','Mâche +','Fraisier',NULL,'Rosaceae',NULL,NULL);
INSERT INTO Associations_détails (IdxAsReEsGrFa,Association,Espèce,Groupe,Famille,Requise,Notes) VALUES ('Mâche Navet !0x-Mâche','Mâche Navet !','Mâche',NULL,'Valerianaceae','x',NULL);
INSERT INTO Associations_détails (IdxAsReEsGrFa,Association,Espèce,Groupe,Famille,Requise,Notes) VALUES ('Mâche Navet !0x-Navet','Mâche Navet !','Navet',NULL,'Brassicaceae','x',NULL);
INSERT INTO Associations_détails (IdxAsReEsGrFa,Association,Espèce,Groupe,Famille,Requise,Notes) VALUES ('Mâche Oignon +0x-Mâche','Mâche Oignon +','Mâche',NULL,'Valerianaceae','x',NULL);
INSERT INTO Associations_détails (IdxAsReEsGrFa,Association,Espèce,Groupe,Famille,Requise,Notes) VALUES ('Mâche Oignon +0x-Oignon','Mâche Oignon +','Oignon',NULL,'Alliaceae','x',NULL);
INSERT INTO Associations_détails (IdxAsReEsGrFa,Association,Espèce,Groupe,Famille,Requise,Notes) VALUES ('Mâche Poireau +0x-Mâche','Mâche Poireau +','Mâche',NULL,'Valerianaceae','x',NULL);
INSERT INTO Associations_détails (IdxAsReEsGrFa,Association,Espèce,Groupe,Famille,Requise,Notes) VALUES ('Mâche Poireau +0x-Poireau','Mâche Poireau +','Poireau',NULL,'Alliaceae','x',NULL);
INSERT INTO Associations_détails (IdxAsReEsGrFa,Association,Espèce,Groupe,Famille,Requise,Notes) VALUES ('Navet !0x-Navet','Navet !','Navet',NULL,'Brassicaceae','x',NULL);
INSERT INTO Associations_détails (IdxAsReEsGrFa,Association,Espèce,Groupe,Famille,Requise,Notes) VALUES ('Navet !1 -Actinidia','Navet !','Actinidia',NULL,'Actinidiaceae',NULL,NULL);
INSERT INTO Associations_détails (IdxAsReEsGrFa,Association,Espèce,Groupe,Famille,Requise,Notes) VALUES ('Navet !1 -Chou','Navet !',NULL,'Chou','Brassicaceae',NULL,NULL);
INSERT INTO Associations_détails (IdxAsReEsGrFa,Association,Espèce,Groupe,Famille,Requise,Notes) VALUES ('Navet !1 -Sarriette','Navet !','Sarriette',NULL,'Lamiaceae',NULL,NULL);
INSERT INTO Associations_détails (IdxAsReEsGrFa,Association,Espèce,Groupe,Famille,Requise,Notes) VALUES ('Navet +0x-Navet','Navet +','Navet',NULL,'Brassicaceae','x',NULL);
INSERT INTO Associations_détails (IdxAsReEsGrFa,Association,Espèce,Groupe,Famille,Requise,Notes) VALUES ('Navet +1 -Fraisier','Navet +','Fraisier',NULL,'Rosaceae',NULL,NULL);
INSERT INTO Associations_détails (IdxAsReEsGrFa,Association,Espèce,Groupe,Famille,Requise,Notes) VALUES ('Navet +1 -Poireau','Navet +','Poireau',NULL,'Alliaceae',NULL,NULL);
INSERT INTO Associations_détails (IdxAsReEsGrFa,Association,Espèce,Groupe,Famille,Requise,Notes) VALUES ('Oignon !0x-Oignon','Oignon !','Oignon',NULL,'Alliaceae','x',NULL);
INSERT INTO Associations_détails (IdxAsReEsGrFa,Association,Espèce,Groupe,Famille,Requise,Notes) VALUES ('Oignon !1 -Actinidia','Oignon !','Actinidia',NULL,'Actinidiaceae',NULL,NULL);
INSERT INTO Associations_détails (IdxAsReEsGrFa,Association,Espèce,Groupe,Famille,Requise,Notes) VALUES ('Oignon !1 -Fève','Oignon !','Fève',NULL,'Fabaceae',NULL,NULL);
INSERT INTO Associations_détails (IdxAsReEsGrFa,Association,Espèce,Groupe,Famille,Requise,Notes) VALUES ('Oignon +0x-Oignon','Oignon +','Oignon',NULL,'Alliaceae','x',NULL);
INSERT INTO Associations_détails (IdxAsReEsGrFa,Association,Espèce,Groupe,Famille,Requise,Notes) VALUES ('Oignon +1 -Tomate','Oignon +','Tomate',NULL,'Solanaceae',NULL,NULL);
INSERT INTO Associations_détails (IdxAsReEsGrFa,Association,Espèce,Groupe,Famille,Requise,Notes) VALUES ('Oignon +1 -Trèfle','Oignon +',NULL,'Trèfle','Fabaceae',NULL,NULL);
INSERT INTO Associations_détails (IdxAsReEsGrFa,Association,Espèce,Groupe,Famille,Requise,Notes) VALUES ('Oignon Pois !0x-Oignon','Oignon Pois !','Oignon',NULL,'Alliaceae','x',NULL);
INSERT INTO Associations_détails (IdxAsReEsGrFa,Association,Espèce,Groupe,Famille,Requise,Notes) VALUES ('Oignon Pois !1 -Pois','Oignon Pois !',NULL,'Pois','Fabaceae',NULL,NULL);
INSERT INTO Associations_détails (IdxAsReEsGrFa,Association,Espèce,Groupe,Famille,Requise,Notes) VALUES ('Oignon Radis +0x-Oignon','Oignon Radis +','Oignon',NULL,'Alliaceae','x',NULL);
INSERT INTO Associations_détails (IdxAsReEsGrFa,Association,Espèce,Groupe,Famille,Requise,Notes) VALUES ('Oignon Radis +0x-Radis','Oignon Radis +','Radis',NULL,'Brassicaceae','x',NULL);
INSERT INTO Associations_détails (IdxAsReEsGrFa,Association,Espèce,Groupe,Famille,Requise,Notes) VALUES ('Panais +0x-Panais','Panais +','Panais',NULL,'Apiaceae','x',NULL);
INSERT INTO Associations_détails (IdxAsReEsGrFa,Association,Espèce,Groupe,Famille,Requise,Notes) VALUES ('Panais +1 -Chou-rave','Panais +','Chou-rave',NULL,'Brassicaceae',NULL,NULL);
INSERT INTO Associations_détails (IdxAsReEsGrFa,Association,Espèce,Groupe,Famille,Requise,Notes) VALUES ('Panais +1 -Oignon','Panais +','Oignon',NULL,'Alliaceae',NULL,'Oignon blanc');
INSERT INTO Associations_détails (IdxAsReEsGrFa,Association,Espèce,Groupe,Famille,Requise,Notes) VALUES ('Panais Radis +0x-Panais','Panais Radis +','Panais',NULL,'Apiaceae','x',NULL);
INSERT INTO Associations_détails (IdxAsReEsGrFa,Association,Espèce,Groupe,Famille,Requise,Notes) VALUES ('Panais Radis +0x-Radis','Panais Radis +','Radis',NULL,'Brassicaceae','x',NULL);
INSERT INTO Associations_détails (IdxAsReEsGrFa,Association,Espèce,Groupe,Famille,Requise,Notes) VALUES ('Patate douce !0x-Patate douce','Patate douce !','Patate douce',NULL,'Convolvulaceae','x',NULL);
INSERT INTO Associations_détails (IdxAsReEsGrFa,Association,Espèce,Groupe,Famille,Requise,Notes) VALUES ('Patate douce !1 -Poivron piment','Patate douce !','Poivron piment',NULL,'Solanaceae',NULL,NULL);
INSERT INTO Associations_détails (IdxAsReEsGrFa,Association,Espèce,Groupe,Famille,Requise,Notes) VALUES ('Physalis +0x-Physalis','Physalis +','Physalis',NULL,'Solanaceae','x',NULL);
INSERT INTO Associations_détails (IdxAsReEsGrFa,Association,Espèce,Groupe,Famille,Requise,Notes) VALUES ('Physalis +1 -Fabaceae','Physalis +',NULL,NULL,'Fabaceae',NULL,NULL);
INSERT INTO Associations_détails (IdxAsReEsGrFa,Association,Espèce,Groupe,Famille,Requise,Notes) VALUES ('Poireau +0x-Poireau','Poireau +','Poireau',NULL,'Alliaceae','x',NULL);
INSERT INTO Associations_détails (IdxAsReEsGrFa,Association,Espèce,Groupe,Famille,Requise,Notes) VALUES ('Poireau +1 -Artichaut','Poireau +','Artichaut',NULL,'Asteraceae',NULL,NULL);
INSERT INTO Associations_détails (IdxAsReEsGrFa,Association,Espèce,Groupe,Famille,Requise,Notes) VALUES ('Poireau +1 -Asperge','Poireau +','Asperge',NULL,'Asparagaceae',NULL,NULL);
INSERT INTO Associations_détails (IdxAsReEsGrFa,Association,Espèce,Groupe,Famille,Requise,Notes) VALUES ('Poireau +1 -Moutarde','Poireau +','Moutarde',NULL,'Brassicaceae',NULL,NULL);
INSERT INTO Associations_détails (IdxAsReEsGrFa,Association,Espèce,Groupe,Famille,Requise,Notes) VALUES ('Poireau +1 -Tomate','Poireau +','Tomate',NULL,'Solanaceae',NULL,NULL);
INSERT INTO Associations_détails (IdxAsReEsGrFa,Association,Espèce,Groupe,Famille,Requise,Notes) VALUES ('Poireau Pois !0x-Poireau','Poireau Pois !','Poireau',NULL,'Alliaceae','x',NULL);
INSERT INTO Associations_détails (IdxAsReEsGrFa,Association,Espèce,Groupe,Famille,Requise,Notes) VALUES ('Poireau Pois !1 -Pois','Poireau Pois !',NULL,'Pois','Fabaceae',NULL,NULL);
INSERT INTO Associations_détails (IdxAsReEsGrFa,Association,Espèce,Groupe,Famille,Requise,Notes) VALUES ('Poirier +0x-Poirier','Poirier +','Poirier',NULL,'Rosaceae','x',NULL);
INSERT INTO Associations_détails (IdxAsReEsGrFa,Association,Espèce,Groupe,Famille,Requise,Notes) VALUES ('Poirier +1 -Trèfle','Poirier +',NULL,'Trèfle','Fabaceae',NULL,NULL);
INSERT INTO Associations_détails (IdxAsReEsGrFa,Association,Espèce,Groupe,Famille,Requise,Notes) VALUES ('Pois mangetout !0x-Pois mangetout','Pois mangetout !','Pois mangetout',NULL,'Fabaceae','x',NULL);
INSERT INTO Associations_détails (IdxAsReEsGrFa,Association,Espèce,Groupe,Famille,Requise,Notes) VALUES ('Pois mangetout !1 -Echalote','Pois mangetout !','Echalote',NULL,'Alliaceae',NULL,NULL);
INSERT INTO Associations_détails (IdxAsReEsGrFa,Association,Espèce,Groupe,Famille,Requise,Notes) VALUES ('Pois mangetout !1 -Persil','Pois mangetout !','Persil',NULL,'Apiaceae',NULL,NULL);
INSERT INTO Associations_détails (IdxAsReEsGrFa,Association,Espèce,Groupe,Famille,Requise,Notes) VALUES ('Pois mangetout +0x-Pois mangetout','Pois mangetout +','Pois mangetout',NULL,'Fabaceae','x',NULL);
INSERT INTO Associations_détails (IdxAsReEsGrFa,Association,Espèce,Groupe,Famille,Requise,Notes) VALUES ('Pois mangetout +1 -Ricin','Pois mangetout +','Ricin',NULL,'Euphorbiaceae',NULL,NULL);
INSERT INTO Associations_détails (IdxAsReEsGrFa,Association,Espèce,Groupe,Famille,Requise,Notes) VALUES ('Pois mangetout +1 -Sarriette','Pois mangetout +','Sarriette',NULL,'Lamiaceae',NULL,NULL);
INSERT INTO Associations_détails (IdxAsReEsGrFa,Association,Espèce,Groupe,Famille,Requise,Notes) VALUES ('Pois à écosser !0x-Pois à écosser','Pois à écosser !','Pois à écosser',NULL,'Fabaceae','x',NULL);
INSERT INTO Associations_détails (IdxAsReEsGrFa,Association,Espèce,Groupe,Famille,Requise,Notes) VALUES ('Pois à écosser !1 -Echalote','Pois à écosser !','Echalote',NULL,'Alliaceae',NULL,NULL);
INSERT INTO Associations_détails (IdxAsReEsGrFa,Association,Espèce,Groupe,Famille,Requise,Notes) VALUES ('Pois à écosser !1 -Persil','Pois à écosser !','Persil',NULL,'Apiaceae',NULL,NULL);
INSERT INTO Associations_détails (IdxAsReEsGrFa,Association,Espèce,Groupe,Famille,Requise,Notes) VALUES ('Pois à écosser +0x-Pois à écosser','Pois à écosser +','Pois à écosser',NULL,'Fabaceae','x',NULL);
INSERT INTO Associations_détails (IdxAsReEsGrFa,Association,Espèce,Groupe,Famille,Requise,Notes) VALUES ('Pois à écosser +1 -Ricin','Pois à écosser +','Ricin',NULL,'Euphorbiaceae',NULL,NULL);
INSERT INTO Associations_détails (IdxAsReEsGrFa,Association,Espèce,Groupe,Famille,Requise,Notes) VALUES ('Pois à écosser +1 -Sarriette','Pois à écosser +','Sarriette',NULL,'Lamiaceae',NULL,NULL);
INSERT INTO Associations_détails (IdxAsReEsGrFa,Association,Espèce,Groupe,Famille,Requise,Notes) VALUES ('Poivron piment !0x-Poivron piment','Poivron piment !','Poivron piment',NULL,'Solanaceae','x',NULL);
INSERT INTO Associations_détails (IdxAsReEsGrFa,Association,Espèce,Groupe,Famille,Requise,Notes) VALUES ('Poivron piment !1 -Alliaceae','Poivron piment !',NULL,NULL,'Alliaceae',NULL,NULL);
INSERT INTO Associations_détails (IdxAsReEsGrFa,Association,Espèce,Groupe,Famille,Requise,Notes) VALUES ('Poivron piment +0x-Poivron piment','Poivron piment +','Poivron piment',NULL,'Solanaceae','x',NULL);
INSERT INTO Associations_détails (IdxAsReEsGrFa,Association,Espèce,Groupe,Famille,Requise,Notes) VALUES ('Poivron piment +1 -Fabaceae','Poivron piment +',NULL,NULL,'Fabaceae',NULL,NULL);
INSERT INTO Associations_détails (IdxAsReEsGrFa,Association,Espèce,Groupe,Famille,Requise,Notes) VALUES ('Pomme de terre !0x-Pomme de terre','Pomme de terre !','Pomme de terre',NULL,'Solanaceae','x',NULL);
INSERT INTO Associations_détails (IdxAsReEsGrFa,Association,Espèce,Groupe,Famille,Requise,Notes) VALUES ('Pomme de terre !1 -Actinidia','Pomme de terre !','Actinidia',NULL,'Actinidiaceae',NULL,NULL);
INSERT INTO Associations_détails (IdxAsReEsGrFa,Association,Espèce,Groupe,Famille,Requise,Notes) VALUES ('Pomme de terre !1 -Noyer','Pomme de terre !','Noyer',NULL,'Juglandaceae',NULL,NULL);
INSERT INTO Associations_détails (IdxAsReEsGrFa,Association,Espèce,Groupe,Famille,Requise,Notes) VALUES ('Pomme de terre !1 -Tournesol','Pomme de terre !','Tournesol',NULL,'Apiaceae',NULL,NULL);
INSERT INTO Associations_détails (IdxAsReEsGrFa,Association,Espèce,Groupe,Famille,Requise,Notes) VALUES ('Pomme de terre +0x-Pomme de terre','Pomme de terre +','Pomme de terre',NULL,'Solanaceae','x',NULL);
INSERT INTO Associations_détails (IdxAsReEsGrFa,Association,Espèce,Groupe,Famille,Requise,Notes) VALUES ('Pomme de terre +1 -Asperge','Pomme de terre +','Asperge',NULL,'Asparagaceae',NULL,NULL);
INSERT INTO Associations_détails (IdxAsReEsGrFa,Association,Espèce,Groupe,Famille,Requise,Notes) VALUES ('Pomme de terre +1 -Capucine','Pomme de terre +','Capucine',NULL,'Tropaeolaceae',NULL,NULL);
INSERT INTO Associations_détails (IdxAsReEsGrFa,Association,Espèce,Groupe,Famille,Requise,Notes) VALUES ('Pomme de terre +1 -Chou de Bruxelles','Pomme de terre +','Chou de Bruxelles',NULL,'Brassicaceae',NULL,NULL);
INSERT INTO Associations_détails (IdxAsReEsGrFa,Association,Espèce,Groupe,Famille,Requise,Notes) VALUES ('Pomme de terre +1 -Chou pommé','Pomme de terre +','Chou pommé',NULL,'Brassicaceae',NULL,NULL);
INSERT INTO Associations_détails (IdxAsReEsGrFa,Association,Espèce,Groupe,Famille,Requise,Notes) VALUES ('Pomme de terre +1 -Coriandre','Pomme de terre +','Coriandre',NULL,'Apiaceae',NULL,NULL);
INSERT INTO Associations_détails (IdxAsReEsGrFa,Association,Espèce,Groupe,Famille,Requise,Notes) VALUES ('Pomme de terre +1 -Céleri','Pomme de terre +','Céleri',NULL,'Apiaceae',NULL,NULL);
INSERT INTO Associations_détails (IdxAsReEsGrFa,Association,Espèce,Groupe,Famille,Requise,Notes) VALUES ('Pomme de terre +1 -Maïs','Pomme de terre +','Maïs',NULL,'Poaceae',NULL,NULL);
INSERT INTO Associations_détails (IdxAsReEsGrFa,Association,Espèce,Groupe,Famille,Requise,Notes) VALUES ('Pomme de terre +1 -Souci','Pomme de terre +','Souci',NULL,'Asteraceae',NULL,NULL);
INSERT INTO Associations_détails (IdxAsReEsGrFa,Association,Espèce,Groupe,Famille,Requise,Notes) VALUES ('Pomme de terre Pois +0x-Pomme de terre','Pomme de terre Pois +','Pomme de terre',NULL,'Solanaceae','x',NULL);
INSERT INTO Associations_détails (IdxAsReEsGrFa,Association,Espèce,Groupe,Famille,Requise,Notes) VALUES ('Pomme de terre Pois +1 -Pois','Pomme de terre Pois +',NULL,'Pois','Fabaceae',NULL,NULL);
INSERT INTO Associations_détails (IdxAsReEsGrFa,Association,Espèce,Groupe,Famille,Requise,Notes) VALUES ('Pommier +0x-Pommier','Pommier +','Pommier',NULL,'Rosaceae','x',NULL);
INSERT INTO Associations_détails (IdxAsReEsGrFa,Association,Espèce,Groupe,Famille,Requise,Notes) VALUES ('Pommier +1 -Apiaceae','Pommier +',NULL,NULL,'Apiaceae',NULL,NULL);
INSERT INTO Associations_détails (IdxAsReEsGrFa,Association,Espèce,Groupe,Famille,Requise,Notes) VALUES ('Pommier +1 -Camomille','Pommier +','Camomille',NULL,'Asteraceae',NULL,'Camomille allemande');
INSERT INTO Associations_détails (IdxAsReEsGrFa,Association,Espèce,Groupe,Famille,Requise,Notes) VALUES ('Pommier +1 -Capucine','Pommier +','Capucine',NULL,'Tropaeolaceae',NULL,NULL);
INSERT INTO Associations_détails (IdxAsReEsGrFa,Association,Espèce,Groupe,Famille,Requise,Notes) VALUES ('Pommier +1 -Noyer','Pommier +','Noyer',NULL,'Juglandaceae',NULL,NULL);
INSERT INTO Associations_détails (IdxAsReEsGrFa,Association,Espèce,Groupe,Famille,Requise,Notes) VALUES ('Pommier +1 -Phacélie','Pommier +','Phacélie',NULL,'Hydrophyllaceae',NULL,NULL);
INSERT INTO Associations_détails (IdxAsReEsGrFa,Association,Espèce,Groupe,Famille,Requise,Notes) VALUES ('Pommier +1 -Potentille','Pommier +',NULL,'Potentille',NULL,NULL,'Plante hôte d''acariens auxiliaires');
INSERT INTO Associations_détails (IdxAsReEsGrFa,Association,Espèce,Groupe,Famille,Requise,Notes) VALUES ('Pommier +1 -Trèfle','Pommier +',NULL,'Trèfle','Fabaceae',NULL,NULL);
INSERT INTO Associations_détails (IdxAsReEsGrFa,Association,Espèce,Groupe,Famille,Requise,Notes) VALUES ('Pêcher !0x-Pêcher','Pêcher !','Pêcher',NULL,'Rosaceae','x',NULL);
INSERT INTO Associations_détails (IdxAsReEsGrFa,Association,Espèce,Groupe,Famille,Requise,Notes) VALUES ('Pêcher !1 -Erable','Pêcher !',NULL,'Erable',NULL,NULL,NULL);
INSERT INTO Associations_détails (IdxAsReEsGrFa,Association,Espèce,Groupe,Famille,Requise,Notes) VALUES ('Pêcher !1 -Noisetier','Pêcher !','Noisetier',NULL,NULL,NULL,NULL);
INSERT INTO Associations_détails (IdxAsReEsGrFa,Association,Espèce,Groupe,Famille,Requise,Notes) VALUES ('Pêcher !1 -Orme','Pêcher !',NULL,'Orme',NULL,NULL,NULL);
INSERT INTO Associations_détails (IdxAsReEsGrFa,Association,Espèce,Groupe,Famille,Requise,Notes) VALUES ('Pêcher +0x-Pêcher','Pêcher +','Pêcher',NULL,'Rosaceae','x',NULL);
INSERT INTO Associations_détails (IdxAsReEsGrFa,Association,Espèce,Groupe,Famille,Requise,Notes) VALUES ('Pêcher +1 -Absinthe','Pêcher +','Absinthe',NULL,'Asteraceae',NULL,NULL);
INSERT INTO Associations_détails (IdxAsReEsGrFa,Association,Espèce,Groupe,Famille,Requise,Notes) VALUES ('Pêcher +1 -Ail','Pêcher +','Ail',NULL,'Alliaceae',NULL,'Protège des ravageurs, des maladies cryptogamiques et de la cloque.');
INSERT INTO Associations_détails (IdxAsReEsGrFa,Association,Espèce,Groupe,Famille,Requise,Notes) VALUES ('Pêcher +1 -Chénopode vivace','Pêcher +','Chénopode vivace',NULL,'Amaranthaceae',NULL,'Chénopode blanc (invasif)');
INSERT INTO Associations_détails (IdxAsReEsGrFa,Association,Espèce,Groupe,Famille,Requise,Notes) VALUES ('Pêcher +1 -Ciboulette','Pêcher +','Ciboulette',NULL,'Alliaceae',NULL,'Protège des ravageurs, des maladies cryptogamiques et de la cloque.');
INSERT INTO Associations_détails (IdxAsReEsGrFa,Association,Espèce,Groupe,Famille,Requise,Notes) VALUES ('Radis !0x-Radis','Radis !','Radis',NULL,'Brassicaceae','x',NULL);
INSERT INTO Associations_détails (IdxAsReEsGrFa,Association,Espèce,Groupe,Famille,Requise,Notes) VALUES ('Radis !1 -Chou','Radis !',NULL,'Chou','Brassicaceae',NULL,NULL);
INSERT INTO Associations_détails (IdxAsReEsGrFa,Association,Espèce,Groupe,Famille,Requise,Notes) VALUES ('Radis !1 -Ciboulette','Radis !','Ciboulette',NULL,'Alliaceae',NULL,NULL);
INSERT INTO Associations_détails (IdxAsReEsGrFa,Association,Espèce,Groupe,Famille,Requise,Notes) VALUES ('Radis !1 -Mâche','Radis !','Mâche',NULL,'Valerianaceae',NULL,NULL);
INSERT INTO Associations_détails (IdxAsReEsGrFa,Association,Espèce,Groupe,Famille,Requise,Notes) VALUES ('Radis +0x-Radis','Radis +','Radis',NULL,'Brassicaceae','x',NULL);
INSERT INTO Associations_détails (IdxAsReEsGrFa,Association,Espèce,Groupe,Famille,Requise,Notes) VALUES ('Radis +1 -Concombre','Radis +','Concombre',NULL,'Cucurbitaceae',NULL,NULL);
INSERT INTO Associations_détails (IdxAsReEsGrFa,Association,Espèce,Groupe,Famille,Requise,Notes) VALUES ('Radis +1 -Céleri','Radis +','Céleri',NULL,'Apiaceae',NULL,'Céleri-rave');
INSERT INTO Associations_détails (IdxAsReEsGrFa,Association,Espèce,Groupe,Famille,Requise,Notes) VALUES ('Radis +1 -Haricot','Radis +',NULL,'Haricot','Fabaceae',NULL,NULL);
INSERT INTO Associations_détails (IdxAsReEsGrFa,Association,Espèce,Groupe,Famille,Requise,Notes) VALUES ('Radis +1 -Pois','Radis +',NULL,'Pois','Fabaceae',NULL,NULL);
INSERT INTO Associations_détails (IdxAsReEsGrFa,Association,Espèce,Groupe,Famille,Requise,Notes) VALUES ('Radis +1 -Pomme de terre','Radis +','Pomme de terre',NULL,'Solanaceae',NULL,NULL);
INSERT INTO Associations_détails (IdxAsReEsGrFa,Association,Espèce,Groupe,Famille,Requise,Notes) VALUES ('Radis Tomate +0x-Radis','Radis Tomate +','Radis',NULL,'Brassicaceae','x',NULL);
INSERT INTO Associations_détails (IdxAsReEsGrFa,Association,Espèce,Groupe,Famille,Requise,Notes) VALUES ('Radis Tomate +0x-Tomate','Radis Tomate +','Tomate',NULL,'Solanaceae','x',NULL);
INSERT INTO Associations_détails (IdxAsReEsGrFa,Association,Espèce,Groupe,Famille,Requise,Notes) VALUES ('Raifort !0x-Raifort','Raifort !','Raifort',NULL,'Brassicaceae','x',NULL);
INSERT INTO Associations_détails (IdxAsReEsGrFa,Association,Espèce,Groupe,Famille,Requise,Notes) VALUES ('Raifort !1 -Concombre','Raifort !','Concombre',NULL,'Cucurbitaceae',NULL,NULL);
INSERT INTO Associations_détails (IdxAsReEsGrFa,Association,Espèce,Groupe,Famille,Requise,Notes) VALUES ('Raifort +0x-Raifort','Raifort +','Raifort',NULL,'Brassicaceae','x',NULL);
INSERT INTO Associations_détails (IdxAsReEsGrFa,Association,Espèce,Groupe,Famille,Requise,Notes) VALUES ('Raifort +1 -Abricotier','Raifort +','Abricotier',NULL,'Rosaceae',NULL,NULL);
INSERT INTO Associations_détails (IdxAsReEsGrFa,Association,Espèce,Groupe,Famille,Requise,Notes) VALUES ('Raifort +1 -Amandier','Raifort +','Amandier',NULL,'Rosaceae',NULL,NULL);
INSERT INTO Associations_détails (IdxAsReEsGrFa,Association,Espèce,Groupe,Famille,Requise,Notes) VALUES ('Raifort +1 -Cerisier','Raifort +','Cerisier',NULL,'Rosaceae',NULL,NULL);
INSERT INTO Associations_détails (IdxAsReEsGrFa,Association,Espèce,Groupe,Famille,Requise,Notes) VALUES ('Raifort +1 -Néflier','Raifort +','Néflier',NULL,'Rosaceae',NULL,NULL);
INSERT INTO Associations_détails (IdxAsReEsGrFa,Association,Espèce,Groupe,Famille,Requise,Notes) VALUES ('Raifort +1 -Poirier','Raifort +','Poirier',NULL,'Rosaceae',NULL,NULL);
INSERT INTO Associations_détails (IdxAsReEsGrFa,Association,Espèce,Groupe,Famille,Requise,Notes) VALUES ('Raifort +1 -Pommier','Raifort +','Pommier',NULL,'Rosaceae',NULL,NULL);
INSERT INTO Associations_détails (IdxAsReEsGrFa,Association,Espèce,Groupe,Famille,Requise,Notes) VALUES ('Raifort +1 -Prunier','Raifort +','Prunier',NULL,'Rosaceae',NULL,NULL);
INSERT INTO Associations_détails (IdxAsReEsGrFa,Association,Espèce,Groupe,Famille,Requise,Notes) VALUES ('Ricin +0x-Ricin','Ricin +','Ricin',NULL,'Euphorbiaceae','x',NULL);
INSERT INTO Associations_détails (IdxAsReEsGrFa,Association,Espèce,Groupe,Famille,Requise,Notes) VALUES ('Ricin +1 -Tomate','Ricin +','Tomate',NULL,'Solanaceae',NULL,NULL);
INSERT INTO Associations_détails (IdxAsReEsGrFa,Association,Espèce,Groupe,Famille,Requise,Notes) VALUES ('Romarin !0x-Romarin','Romarin !','Romarin',NULL,'Lamiaceae','x',NULL);
INSERT INTO Associations_détails (IdxAsReEsGrFa,Association,Espèce,Groupe,Famille,Requise,Notes) VALUES ('Romarin !1 -Amaranthaceae','Romarin !',NULL,NULL,'Amaranthaceae',NULL,NULL);
INSERT INTO Associations_détails (IdxAsReEsGrFa,Association,Espèce,Groupe,Famille,Requise,Notes) VALUES ('Romarin !1 -Asteraceae','Romarin !',NULL,NULL,'Asteraceae',NULL,NULL);
INSERT INTO Associations_détails (IdxAsReEsGrFa,Association,Espèce,Groupe,Famille,Requise,Notes) VALUES ('Romarin !1 -Cucurbitaceae','Romarin !',NULL,NULL,'Cucurbitaceae',NULL,NULL);
INSERT INTO Associations_détails (IdxAsReEsGrFa,Association,Espèce,Groupe,Famille,Requise,Notes) VALUES ('Romarin !1 -Fabaceae','Romarin !',NULL,NULL,'Fabaceae',NULL,NULL);
INSERT INTO Associations_détails (IdxAsReEsGrFa,Association,Espèce,Groupe,Famille,Requise,Notes) VALUES ('Romarin !1 -Solanaceae','Romarin !',NULL,NULL,'Solanaceae',NULL,NULL);
INSERT INTO Associations_détails (IdxAsReEsGrFa,Association,Espèce,Groupe,Famille,Requise,Notes) VALUES ('Sauge !0x-Sauge','Sauge !','Sauge',NULL,'Lamiaceae','x',NULL);
INSERT INTO Associations_détails (IdxAsReEsGrFa,Association,Espèce,Groupe,Famille,Requise,Notes) VALUES ('Sauge !1 -Mélisse','Sauge !','Mélisse',NULL,'Lamiaceae',NULL,NULL);
INSERT INTO Associations_détails (IdxAsReEsGrFa,Association,Espèce,Groupe,Famille,Requise,Notes) VALUES ('Sauge !1 -Romarin','Sauge !','Romarin',NULL,'Lamiaceae',NULL,NULL);
INSERT INTO Associations_détails (IdxAsReEsGrFa,Association,Espèce,Groupe,Famille,Requise,Notes) VALUES ('Sauge !1 -Sarriette','Sauge !','Sarriette',NULL,'Lamiaceae',NULL,NULL);
INSERT INTO Associations_détails (IdxAsReEsGrFa,Association,Espèce,Groupe,Famille,Requise,Notes) VALUES ('Sauge !1 -Thym','Sauge !','Thym',NULL,'Lamiaceae',NULL,NULL);
INSERT INTO Associations_détails (IdxAsReEsGrFa,Association,Espèce,Groupe,Famille,Requise,Notes) VALUES ('Sauge +0x-Sauge','Sauge +','Sauge',NULL,'Lamiaceae','x',NULL);
INSERT INTO Associations_détails (IdxAsReEsGrFa,Association,Espèce,Groupe,Famille,Requise,Notes) VALUES ('Sauge +1 -Chou','Sauge +',NULL,'Chou','Brassicaceae',NULL,NULL);
INSERT INTO Associations_détails (IdxAsReEsGrFa,Association,Espèce,Groupe,Famille,Requise,Notes) VALUES ('Souci !0x-Souci','Souci !','Souci',NULL,'Asteraceae','x',NULL);
INSERT INTO Associations_détails (IdxAsReEsGrFa,Association,Espèce,Groupe,Famille,Requise,Notes) VALUES ('Souci !1 -Ail','Souci !','Ail',NULL,'Alliaceae',NULL,NULL);
INSERT INTO Associations_détails (IdxAsReEsGrFa,Association,Espèce,Groupe,Famille,Requise,Notes) VALUES ('Souci !1 -Sarrasin','Souci !','Sarrasin',NULL,'Polygonaceae',NULL,NULL);
INSERT INTO Associations_détails (IdxAsReEsGrFa,Association,Espèce,Groupe,Famille,Requise,Notes) VALUES ('Souci +0x-Souci','Souci +','Souci',NULL,'Asteraceae','x',NULL);
INSERT INTO Associations_détails (IdxAsReEsGrFa,Association,Espèce,Groupe,Famille,Requise,Notes) VALUES ('Souci +1 -Chicorée sauvage','Souci +','Chicorée sauvage',NULL,'Asteraceae',NULL,NULL);
INSERT INTO Associations_détails (IdxAsReEsGrFa,Association,Espèce,Groupe,Famille,Requise,Notes) VALUES ('Souci +1 -Fraisier','Souci +','Fraisier',NULL,'Rosaceae',NULL,NULL);
INSERT INTO Associations_détails (IdxAsReEsGrFa,Association,Espèce,Groupe,Famille,Requise,Notes) VALUES ('Souci +1 -Haricot','Souci +',NULL,'Haricot','Fabaceae',NULL,NULL);
INSERT INTO Associations_détails (IdxAsReEsGrFa,Association,Espèce,Groupe,Famille,Requise,Notes) VALUES ('Souci +1 -Tomate','Souci +','Tomate',NULL,'Solanaceae',NULL,NULL);
INSERT INTO Associations_détails (IdxAsReEsGrFa,Association,Espèce,Groupe,Famille,Requise,Notes) VALUES ('Thym +0x-Thym','Thym +','Thym',NULL,'Lamiaceae','x',NULL);
INSERT INTO Associations_détails (IdxAsReEsGrFa,Association,Espèce,Groupe,Famille,Requise,Notes) VALUES ('Thym +1 -Chou','Thym +',NULL,'Chou','Brassicaceae',NULL,NULL);
INSERT INTO Associations_détails (IdxAsReEsGrFa,Association,Espèce,Groupe,Famille,Requise,Notes) VALUES ('Thym +1 -Fraisier','Thym +','Fraisier',NULL,'Rosaceae',NULL,NULL);
INSERT INTO Associations_détails (IdxAsReEsGrFa,Association,Espèce,Groupe,Famille,Requise,Notes) VALUES ('Tomate !0x-Tomate','Tomate !','Tomate',NULL,'Solanaceae','x',NULL);
INSERT INTO Associations_détails (IdxAsReEsGrFa,Association,Espèce,Groupe,Famille,Requise,Notes) VALUES ('Tomate !1 -Abricotier','Tomate !','Abricotier',NULL,'Rosaceae',NULL,NULL);
INSERT INTO Associations_détails (IdxAsReEsGrFa,Association,Espèce,Groupe,Famille,Requise,Notes) VALUES ('Tomate !1 -Absinthe','Tomate !','Absinthe',NULL,'Asteraceae',NULL,NULL);
INSERT INTO Associations_détails (IdxAsReEsGrFa,Association,Espèce,Groupe,Famille,Requise,Notes) VALUES ('Tomate !1 -Alliaceae','Tomate !',NULL,NULL,'Alliaceae',NULL,NULL);
INSERT INTO Associations_détails (IdxAsReEsGrFa,Association,Espèce,Groupe,Famille,Requise,Notes) VALUES ('Tomate !1 -Aneth','Tomate !','Aneth',NULL,'Apiaceae',NULL,NULL);
INSERT INTO Associations_détails (IdxAsReEsGrFa,Association,Espèce,Groupe,Famille,Requise,Notes) VALUES ('Tomate !1 -Blette','Tomate !','Blette',NULL,'Amaranthaceae',NULL,NULL);
INSERT INTO Associations_détails (IdxAsReEsGrFa,Association,Espèce,Groupe,Famille,Requise,Notes) VALUES ('Tomate !1 -Chicorée sauvage','Tomate !','Chicorée sauvage',NULL,'Asteraceae',NULL,NULL);
INSERT INTO Associations_détails (IdxAsReEsGrFa,Association,Espèce,Groupe,Famille,Requise,Notes) VALUES ('Tomate !1 -Chou de Bruxelles','Tomate !','Chou de Bruxelles',NULL,'Brassicaceae',NULL,NULL);
INSERT INTO Associations_détails (IdxAsReEsGrFa,Association,Espèce,Groupe,Famille,Requise,Notes) VALUES ('Tomate !1 -Coriandre','Tomate !','Coriandre',NULL,'Apiaceae',NULL,NULL);
INSERT INTO Associations_détails (IdxAsReEsGrFa,Association,Espèce,Groupe,Famille,Requise,Notes) VALUES ('Tomate !1 -Melon','Tomate !','Melon',NULL,'Cucurbitaceae',NULL,NULL);
INSERT INTO Associations_détails (IdxAsReEsGrFa,Association,Espèce,Groupe,Famille,Requise,Notes) VALUES ('Tomate !1 -Moutarde','Tomate !','Moutarde',NULL,'Brassicaceae',NULL,'Moutarde blanche');
INSERT INTO Associations_détails (IdxAsReEsGrFa,Association,Espèce,Groupe,Famille,Requise,Notes) VALUES ('Tomate !1 -Noyer','Tomate !','Noyer',NULL,'Juglandaceae',NULL,NULL);
INSERT INTO Associations_détails (IdxAsReEsGrFa,Association,Espèce,Groupe,Famille,Requise,Notes) VALUES ('Tomate !1 -Persil','Tomate !','Persil',NULL,'Apiaceae',NULL,NULL);
INSERT INTO Associations_détails (IdxAsReEsGrFa,Association,Espèce,Groupe,Famille,Requise,Notes) VALUES ('Tomate !1 -Poivron piment','Tomate !','Poivron piment',NULL,'Solanaceae',NULL,'Poivron');
INSERT INTO Associations_détails (IdxAsReEsGrFa,Association,Espèce,Groupe,Famille,Requise,Notes) VALUES ('Tomate !1 -Tournesol','Tomate !','Tournesol',NULL,'Apiaceae',NULL,NULL);
INSERT INTO Associations_détails (IdxAsReEsGrFa,Association,Espèce,Groupe,Famille,Requise,Notes) VALUES ('Tomate +0x-Tomate','Tomate +','Tomate',NULL,'Solanaceae','x',NULL);
INSERT INTO Associations_détails (IdxAsReEsGrFa,Association,Espèce,Groupe,Famille,Requise,Notes) VALUES ('Tomate +1 -Camomille','Tomate +','Camomille',NULL,'Asteraceae',NULL,'Camomille allemande');
INSERT INTO Associations_détails (IdxAsReEsGrFa,Association,Espèce,Groupe,Famille,Requise,Notes) VALUES ('Tomate +1 -Capucine','Tomate +','Capucine',NULL,'Tropaeolaceae',NULL,NULL);
INSERT INTO Associations_détails (IdxAsReEsGrFa,Association,Espèce,Groupe,Famille,Requise,Notes) VALUES ('Tomate +1 -Chou brocoli','Tomate +','Chou brocoli',NULL,'Brassicaceae',NULL,NULL);
INSERT INTO Associations_détails (IdxAsReEsGrFa,Association,Espèce,Groupe,Famille,Requise,Notes) VALUES ('Tomate +1 -Chou de Chine','Tomate +','Chou de Chine',NULL,'Brassicaceae',NULL,NULL);
INSERT INTO Associations_détails (IdxAsReEsGrFa,Association,Espèce,Groupe,Famille,Requise,Notes) VALUES ('Tomate +1 -Chou frisé','Tomate +','Chou frisé',NULL,'Brassicaceae',NULL,NULL);
INSERT INTO Associations_détails (IdxAsReEsGrFa,Association,Espèce,Groupe,Famille,Requise,Notes) VALUES ('Tomate +1 -Chou pommé','Tomate +','Chou pommé',NULL,'Brassicaceae',NULL,NULL);
INSERT INTO Associations_détails (IdxAsReEsGrFa,Association,Espèce,Groupe,Famille,Requise,Notes) VALUES ('Tomate +1 -Chou-fleur','Tomate +','Chou-fleur',NULL,'Brassicaceae',NULL,NULL);
INSERT INTO Associations_détails (IdxAsReEsGrFa,Association,Espèce,Groupe,Famille,Requise,Notes) VALUES ('Tomate +1 -Chou-rave','Tomate +','Chou-rave',NULL,'Brassicaceae',NULL,NULL);
INSERT INTO Associations_détails (IdxAsReEsGrFa,Association,Espèce,Groupe,Famille,Requise,Notes) VALUES ('Tomate +1 -Cosmos','Tomate +','Cosmos',NULL,'Asteraceae',NULL,NULL);
INSERT INTO Associations_détails (IdxAsReEsGrFa,Association,Espèce,Groupe,Famille,Requise,Notes) VALUES ('Tomate +1 -Céleri','Tomate +','Céleri',NULL,'Apiaceae',NULL,NULL);
INSERT INTO Associations_détails (IdxAsReEsGrFa,Association,Espèce,Groupe,Famille,Requise,Notes) VALUES ('Tomate +1 -Fabaceae','Tomate +',NULL,NULL,'Fabaceae',NULL,NULL);
INSERT INTO Associations_détails (IdxAsReEsGrFa,Association,Espèce,Groupe,Famille,Requise,Notes) VALUES ('Tomate +1 -Maïs','Tomate +','Maïs',NULL,'Poaceae',NULL,NULL);
INSERT INTO Associations_détails (IdxAsReEsGrFa,Association,Espèce,Groupe,Famille,Requise,Notes) VALUES ('Tomate +1 -Navet','Tomate +','Navet',NULL,'Brassicaceae',NULL,NULL);
INSERT INTO Associations_détails (IdxAsReEsGrFa,Association,Espèce,Groupe,Famille,Requise,Notes) VALUES ('Tomate +1 -Pomme de terre','Tomate +','Pomme de terre',NULL,'Solanaceae',NULL,NULL);
INSERT INTO Associations_détails (IdxAsReEsGrFa,Association,Espèce,Groupe,Famille,Requise,Notes) VALUES ('Tomate +1 -Tagètes','Tomate +','Tagètes',NULL,'Asteraceae',NULL,'Laisser en place plusieurs semaines pour une action efficace contre les nématodes.'||x'0a0a'||'1 plan pour 3 de tomate.');
INSERT INTO Associations_détails (IdxAsReEsGrFa,Association,Espèce,Groupe,Famille,Requise,Notes) VALUES ('Vigne +0x-Vigne','Vigne +','Vigne',NULL,NULL,'x',NULL);
INSERT INTO Associations_détails (IdxAsReEsGrFa,Association,Espèce,Groupe,Famille,Requise,Notes) VALUES ('Vigne +1 -Origan','Vigne +','Origan',NULL,'Lamiaceae',NULL,NULL);
INSERT INTO Associations_détails (IdxAsReEsGrFa,Association,Espèce,Groupe,Famille,Requise,Notes) VALUES ('Vigne +1 -Prunier','Vigne +','Prunier',NULL,'Rosaceae',NULL,NULL);
INSERT INTO Associations_détails (IdxAsReEsGrFa,Association,Espèce,Groupe,Famille,Requise,Notes) VALUES ('Vigne +1 -Pêcher','Vigne +','Pêcher',NULL,'Rosaceae',NULL,NULL);

INSERT INTO Espèces (Espèce,Famille,Catégories,Rendement,Niveau,Densité,Dose_semis,Nb_graines_g,FG,T_germ,Levée,Irrig,Conservation,A_planifier,Vivace,Besoins,S_taille,Effet,Usages,Obj_annuel,N,P,K,Date_inv,Inventaire,Prix_kg,Notes) VALUES ('Abricotier','Rosaceae','🍎',NULL,NULL,NULL,NULL,NULL,NULL,NULL,NULL,NULL,NULL,NULL,'x','- Expo ensoleillèe, lumière et froid en hiver, soleil en été'||x'0a'||'- Ne demande pas de forte fertilisation'||x'0a0a'||'Défavorable:'||x'0a0a'||'Gelées printanières',NULL,NULL,NULL,NULL,NULL,NULL,NULL,NULL,NULL,NULL,NULL);
INSERT INTO Espèces (Espèce,Famille,Catégories,Rendement,Niveau,Densité,Dose_semis,Nb_graines_g,FG,T_germ,Levée,Irrig,Conservation,A_planifier,Vivace,Besoins,S_taille,Effet,Usages,Obj_annuel,N,P,K,Date_inv,Inventaire,Prix_kg,Notes) VALUES ('Absinthe','Asteraceae','🌺',NULL,NULL,NULL,NULL,NULL,NULL,NULL,NULL,NULL,NULL,NULL,'x','- Expo ensoleillée'||x'0a0a'||'- Sol riche et léger'||x'0a0a'||'Aromatique semi-persistante.',NULL,'Allélopathique fort',NULL,NULL,NULL,NULL,NULL,NULL,NULL,NULL,NULL);
INSERT INTO Espèces (Espèce,Famille,Catégories,Rendement,Niveau,Densité,Dose_semis,Nb_graines_g,FG,T_germ,Levée,Irrig,Conservation,A_planifier,Vivace,Besoins,S_taille,Effet,Usages,Obj_annuel,N,P,K,Date_inv,Inventaire,Prix_kg,Notes) VALUES ('Achillée millefeuille','Asteraceae','🌺',NULL,NULL,NULL,NULL,NULL,NULL,NULL,NULL,NULL,NULL,NULL,'x','- Expo ensoleillée'||x'0a'||'- Sol  bien drainé, tout type',NULL,NULL,NULL,NULL,NULL,NULL,NULL,NULL,NULL,NULL,NULL);
INSERT INTO Espèces (Espèce,Famille,Catégories,Rendement,Niveau,Densité,Dose_semis,Nb_graines_g,FG,T_germ,Levée,Irrig,Conservation,A_planifier,Vivace,Besoins,S_taille,Effet,Usages,Obj_annuel,N,P,K,Date_inv,Inventaire,Prix_kg,Notes) VALUES ('Actinidia','Actinidiaceae','🍎',NULL,NULL,NULL,NULL,NULL,NULL,NULL,NULL,NULL,NULL,NULL,'x','- Expo abrité,est/sud-est.'||x'0a'||'- Sol frais, riche en humus.'||x'0a'||'- Très résistant au froid.'||x'0a0a'||'Défavorable:'||x'0a0a'||'Gelées printanières',NULL,NULL,NULL,NULL,NULL,NULL,NULL,NULL,NULL,NULL,NULL);
INSERT INTO Espèces (Espèce,Famille,Catégories,Rendement,Niveau,Densité,Dose_semis,Nb_graines_g,FG,T_germ,Levée,Irrig,Conservation,A_planifier,Vivace,Besoins,S_taille,Effet,Usages,Obj_annuel,N,P,K,Date_inv,Inventaire,Prix_kg,Notes) VALUES ('Ail','Alliaceae','🧅',0.85,'Moyen',28,NULL,NULL,NULL,NULL,NULL,NULL,NULL,'x',NULL,NULL,NULL,'Antibiotique, insectifuge, nématicide et antifongique',NULL,NULL,9,4,10,NULL,NULL,NULL,NULL);
INSERT INTO Espèces (Espèce,Famille,Catégories,Rendement,Niveau,Densité,Dose_semis,Nb_graines_g,FG,T_germ,Levée,Irrig,Conservation,A_planifier,Vivace,Besoins,S_taille,Effet,Usages,Obj_annuel,N,P,K,Date_inv,Inventaire,Prix_kg,Notes) VALUES ('Albizia','Fabaceae','🌳',NULL,NULL,NULL,NULL,NULL,NULL,NULL,NULL,NULL,NULL,NULL,'x',NULL,NULL,NULL,NULL,NULL,NULL,NULL,NULL,NULL,NULL,NULL,NULL);
INSERT INTO Espèces (Espèce,Famille,Catégories,Rendement,Niveau,Densité,Dose_semis,Nb_graines_g,FG,T_germ,Levée,Irrig,Conservation,A_planifier,Vivace,Besoins,S_taille,Effet,Usages,Obj_annuel,N,P,K,Date_inv,Inventaire,Prix_kg,Notes) VALUES ('Amandier','Rosaceae','🍎 🐝',NULL,NULL,NULL,NULL,NULL,NULL,NULL,NULL,NULL,NULL,NULL,'x','- Sol profond, riche en calcaire'||x'0a'||'- Etés chauds et hivers courts'||x'0a'||'- Supporte sécheresse (200mm/an suffisant)'||x'0a0a'||'Défavorable:'||x'0a0a'||'- Sol à humidité stagnante'||x'0a'||'- Gelées printanières',NULL,NULL,NULL,NULL,NULL,NULL,NULL,NULL,NULL,NULL,NULL);
INSERT INTO Espèces (Espèce,Famille,Catégories,Rendement,Niveau,Densité,Dose_semis,Nb_graines_g,FG,T_germ,Levée,Irrig,Conservation,A_planifier,Vivace,Besoins,S_taille,Effet,Usages,Obj_annuel,N,P,K,Date_inv,Inventaire,Prix_kg,Notes) VALUES ('Amarante','Amaranthaceae','🌽 🌿',NULL,'Facile',6.25,NULL,NULL,NULL,NULL,NULL,NULL,NULL,NULL,NULL,NULL,NULL,'Hôte des carabes',NULL,NULL,NULL,NULL,NULL,NULL,NULL,NULL,NULL);
INSERT INTO Espèces (Espèce,Famille,Catégories,Rendement,Niveau,Densité,Dose_semis,Nb_graines_g,FG,T_germ,Levée,Irrig,Conservation,A_planifier,Vivace,Besoins,S_taille,Effet,Usages,Obj_annuel,N,P,K,Date_inv,Inventaire,Prix_kg,Notes) VALUES ('Aneth','Apiaceae','🌺',NULL,'Difficile',5,NULL,NULL,NULL,NULL,NULL,NULL,NULL,NULL,NULL,NULL,NULL,'Hôte d''insectes auxiliaires',NULL,NULL,NULL,NULL,NULL,NULL,NULL,NULL,NULL);
INSERT INTO Espèces (Espèce,Famille,Catégories,Rendement,Niveau,Densité,Dose_semis,Nb_graines_g,FG,T_germ,Levée,Irrig,Conservation,A_planifier,Vivace,Besoins,S_taille,Effet,Usages,Obj_annuel,N,P,K,Date_inv,Inventaire,Prix_kg,Notes) VALUES ('Argousier',NULL,'🍓',NULL,NULL,NULL,NULL,NULL,NULL,NULL,NULL,NULL,NULL,NULL,'x','Expo ensoleillèe',NULL,NULL,NULL,NULL,NULL,NULL,NULL,NULL,NULL,NULL,NULL);
INSERT INTO Espèces (Espèce,Famille,Catégories,Rendement,Niveau,Densité,Dose_semis,Nb_graines_g,FG,T_germ,Levée,Irrig,Conservation,A_planifier,Vivace,Besoins,S_taille,Effet,Usages,Obj_annuel,N,P,K,Date_inv,Inventaire,Prix_kg,Notes) VALUES ('Artichaut','Asteraceae','🌿',NULL,NULL,NULL,NULL,NULL,NULL,NULL,NULL,NULL,NULL,NULL,'x','- Expo ensoleillée'||x'0a'||'- Sol plutôt léger, riche et bien drainé',NULL,NULL,NULL,NULL,NULL,NULL,NULL,NULL,NULL,NULL,NULL);
INSERT INTO Espèces (Espèce,Famille,Catégories,Rendement,Niveau,Densité,Dose_semis,Nb_graines_g,FG,T_germ,Levée,Irrig,Conservation,A_planifier,Vivace,Besoins,S_taille,Effet,Usages,Obj_annuel,N,P,K,Date_inv,Inventaire,Prix_kg,Notes) VALUES ('Asperge','Asparagaceae','🌿',NULL,NULL,NULL,NULL,NULL,NULL,NULL,NULL,NULL,NULL,NULL,'x','- Expo ensoleillée'||x'0a'||'- Sol léger, bien drainé',NULL,NULL,NULL,NULL,NULL,NULL,NULL,NULL,NULL,NULL,NULL);
INSERT INTO Espèces (Espèce,Famille,Catégories,Rendement,Niveau,Densité,Dose_semis,Nb_graines_g,FG,T_germ,Levée,Irrig,Conservation,A_planifier,Vivace,Besoins,S_taille,Effet,Usages,Obj_annuel,N,P,K,Date_inv,Inventaire,Prix_kg,Notes) VALUES ('Aubergine','Solanaceae','🍆',3,'Difficile',2.4,0.04,250,6,'24-30',6,NULL,NULL,'x',NULL,NULL,NULL,NULL,NULL,NULL,16,7,21,NULL,NULL,NULL,NULL);
INSERT INTO Espèces (Espèce,Famille,Catégories,Rendement,Niveau,Densité,Dose_semis,Nb_graines_g,FG,T_germ,Levée,Irrig,Conservation,A_planifier,Vivace,Besoins,S_taille,Effet,Usages,Obj_annuel,N,P,K,Date_inv,Inventaire,Prix_kg,Notes) VALUES ('Bambou','Poaceae','🪓',NULL,NULL,NULL,NULL,NULL,NULL,NULL,NULL,NULL,NULL,NULL,'x',NULL,NULL,NULL,NULL,NULL,NULL,NULL,NULL,NULL,NULL,NULL,NULL);
INSERT INTO Espèces (Espèce,Famille,Catégories,Rendement,Niveau,Densité,Dose_semis,Nb_graines_g,FG,T_germ,Levée,Irrig,Conservation,A_planifier,Vivace,Besoins,S_taille,Effet,Usages,Obj_annuel,N,P,K,Date_inv,Inventaire,Prix_kg,Notes) VALUES ('Basilic','Lamiaceae','🌺',0.4,'Facile',3,NULL,600,NULL,NULL,10,NULL,NULL,'x',NULL,NULL,NULL,'Hôte d''insectes auxiliaires',NULL,NULL,9,4,10,NULL,NULL,NULL,NULL);
INSERT INTO Espèces (Espèce,Famille,Catégories,Rendement,Niveau,Densité,Dose_semis,Nb_graines_g,FG,T_germ,Levée,Irrig,Conservation,A_planifier,Vivace,Besoins,S_taille,Effet,Usages,Obj_annuel,N,P,K,Date_inv,Inventaire,Prix_kg,Notes) VALUES ('Betterave','Amaranthaceae','🥕',2.5,'Facile',22,1,50,6,'10-30',10,NULL,NULL,'x',NULL,NULL,NULL,'Allélopathique fort',NULL,NULL,11,6,16,NULL,NULL,NULL,NULL);
INSERT INTO Espèces (Espèce,Famille,Catégories,Rendement,Niveau,Densité,Dose_semis,Nb_graines_g,FG,T_germ,Levée,Irrig,Conservation,A_planifier,Vivace,Besoins,S_taille,Effet,Usages,Obj_annuel,N,P,K,Date_inv,Inventaire,Prix_kg,Notes) VALUES ('Blette','Amaranthaceae','🌿',8,'Facile',6,1,60,5,'10-30',15,NULL,NULL,'x',NULL,NULL,NULL,'Allélopathique',NULL,NULL,14,7,22,NULL,NULL,NULL,NULL);
INSERT INTO Espèces (Espèce,Famille,Catégories,Rendement,Niveau,Densité,Dose_semis,Nb_graines_g,FG,T_germ,Levée,Irrig,Conservation,A_planifier,Vivace,Besoins,S_taille,Effet,Usages,Obj_annuel,N,P,K,Date_inv,Inventaire,Prix_kg,Notes) VALUES ('Bourrache','Boraginaceae','🌺 🐝',NULL,'Facile',6,NULL,NULL,NULL,NULL,NULL,NULL,NULL,NULL,NULL,NULL,NULL,NULL,NULL,NULL,NULL,NULL,NULL,NULL,NULL,NULL,NULL);
INSERT INTO Espèces (Espèce,Famille,Catégories,Rendement,Niveau,Densité,Dose_semis,Nb_graines_g,FG,T_germ,Levée,Irrig,Conservation,A_planifier,Vivace,Besoins,S_taille,Effet,Usages,Obj_annuel,N,P,K,Date_inv,Inventaire,Prix_kg,Notes) VALUES ('Camomille','Asteraceae','🌺',NULL,NULL,NULL,NULL,NULL,NULL,NULL,NULL,NULL,NULL,NULL,'x','- Expo ensoleillèe'||x'0a'||'- Sol bien drainé et sablonneux',NULL,NULL,NULL,NULL,NULL,NULL,NULL,NULL,NULL,NULL,NULL);
INSERT INTO Espèces (Espèce,Famille,Catégories,Rendement,Niveau,Densité,Dose_semis,Nb_graines_g,FG,T_germ,Levée,Irrig,Conservation,A_planifier,Vivace,Besoins,S_taille,Effet,Usages,Obj_annuel,N,P,K,Date_inv,Inventaire,Prix_kg,Notes) VALUES ('Capucine','Tropaeolaceae','🌼 🌿 🌽',NULL,'Facile',6,NULL,NULL,NULL,NULL,NULL,NULL,NULL,NULL,NULL,NULL,NULL,'Repousse les pucerons',NULL,NULL,4,4,6,NULL,NULL,NULL,NULL);
INSERT INTO Espèces (Espèce,Famille,Catégories,Rendement,Niveau,Densité,Dose_semis,Nb_graines_g,FG,T_germ,Levée,Irrig,Conservation,A_planifier,Vivace,Besoins,S_taille,Effet,Usages,Obj_annuel,N,P,K,Date_inv,Inventaire,Prix_kg,Notes) VALUES ('Carotte','Apiaceae','🥕',3,'Difficile',80,0.35,925,4.5,'7-30',15,NULL,NULL,'x',NULL,NULL,NULL,NULL,NULL,NULL,7,5,15,NULL,NULL,NULL,NULL);
INSERT INTO Espèces (Espèce,Famille,Catégories,Rendement,Niveau,Densité,Dose_semis,Nb_graines_g,FG,T_germ,Levée,Irrig,Conservation,A_planifier,Vivace,Besoins,S_taille,Effet,Usages,Obj_annuel,N,P,K,Date_inv,Inventaire,Prix_kg,Notes) VALUES ('Céleri','Apiaceae','🌿',5,'Moyen',5,0.02,2500,7,'16-21',15,NULL,NULL,'x',NULL,NULL,NULL,'Repousse la piéride et la teigne du poireau',NULL,NULL,16,7,21,NULL,NULL,NULL,NULL);
INSERT INTO Espèces (Espèce,Famille,Catégories,Rendement,Niveau,Densité,Dose_semis,Nb_graines_g,FG,T_germ,Levée,Irrig,Conservation,A_planifier,Vivace,Besoins,S_taille,Effet,Usages,Obj_annuel,N,P,K,Date_inv,Inventaire,Prix_kg,Notes) VALUES ('Cerisier','Rosaceae','🍎 🐝',NULL,NULL,NULL,NULL,NULL,NULL,NULL,NULL,NULL,NULL,NULL,'x','Sol fertile, profond et bien drainé'||x'0a0a'||'Défavorable:'||x'0a0a'||'Taille',NULL,NULL,NULL,NULL,NULL,NULL,NULL,NULL,NULL,NULL,NULL);
INSERT INTO Espèces (Espèce,Famille,Catégories,Rendement,Niveau,Densité,Dose_semis,Nb_graines_g,FG,T_germ,Levée,Irrig,Conservation,A_planifier,Vivace,Besoins,S_taille,Effet,Usages,Obj_annuel,N,P,K,Date_inv,Inventaire,Prix_kg,Notes) VALUES ('Châtaignier','Fabaceae','🍎 🪓 🐝',NULL,NULL,NULL,NULL,NULL,NULL,NULL,NULL,NULL,NULL,NULL,'x','Chaleur'||x'0a0a'||'Défavorable:'||x'0a0a'||'- Sol argileux et humide'||x'0a'||'- Gelées printanières',NULL,NULL,NULL,NULL,NULL,NULL,NULL,NULL,NULL,NULL,NULL);
INSERT INTO Espèces (Espèce,Famille,Catégories,Rendement,Niveau,Densité,Dose_semis,Nb_graines_g,FG,T_germ,Levée,Irrig,Conservation,A_planifier,Vivace,Besoins,S_taille,Effet,Usages,Obj_annuel,N,P,K,Date_inv,Inventaire,Prix_kg,Notes) VALUES ('Chayote','Cucurbitaceae','🍆',NULL,NULL,NULL,NULL,NULL,NULL,NULL,NULL,NULL,NULL,NULL,'x',NULL,NULL,NULL,NULL,NULL,NULL,NULL,NULL,NULL,NULL,NULL,NULL);
INSERT INTO Espèces (Espèce,Famille,Catégories,Rendement,Niveau,Densité,Dose_semis,Nb_graines_g,FG,T_germ,Levée,Irrig,Conservation,A_planifier,Vivace,Besoins,S_taille,Effet,Usages,Obj_annuel,N,P,K,Date_inv,Inventaire,Prix_kg,Notes) VALUES ('Chénopode','Amaranthaceae','🌿',NULL,'Moyen',4,NULL,NULL,NULL,NULL,NULL,NULL,NULL,NULL,NULL,NULL,NULL,NULL,NULL,NULL,NULL,NULL,NULL,NULL,NULL,NULL,NULL);
INSERT INTO Espèces (Espèce,Famille,Catégories,Rendement,Niveau,Densité,Dose_semis,Nb_graines_g,FG,T_germ,Levée,Irrig,Conservation,A_planifier,Vivace,Besoins,S_taille,Effet,Usages,Obj_annuel,N,P,K,Date_inv,Inventaire,Prix_kg,Notes) VALUES ('Chénopode vivace','Amaranthaceae','🌿',NULL,NULL,NULL,NULL,NULL,NULL,NULL,NULL,NULL,NULL,NULL,'x','- Expo mi-ombragée'||x'0a'||'- Sol riche et léger, frais, riche en azote',NULL,NULL,NULL,NULL,NULL,NULL,NULL,NULL,NULL,NULL,NULL);
INSERT INTO Espèces (Espèce,Famille,Catégories,Rendement,Niveau,Densité,Dose_semis,Nb_graines_g,FG,T_germ,Levée,Irrig,Conservation,A_planifier,Vivace,Besoins,S_taille,Effet,Usages,Obj_annuel,N,P,K,Date_inv,Inventaire,Prix_kg,Notes) VALUES ('Chicorée frisée','Asteraceae','🌿',NULL,'Facile',10,0.27,600,9,'25',4,NULL,NULL,'x',NULL,'Scarole',NULL,NULL,NULL,NULL,NULL,NULL,NULL,NULL,NULL,NULL,NULL);
INSERT INTO Espèces (Espèce,Famille,Catégories,Rendement,Niveau,Densité,Dose_semis,Nb_graines_g,FG,T_germ,Levée,Irrig,Conservation,A_planifier,Vivace,Besoins,S_taille,Effet,Usages,Obj_annuel,N,P,K,Date_inv,Inventaire,Prix_kg,Notes) VALUES ('Chicorée sauvage','Asteraceae','🌿',NULL,'Facile',12,0.27,700,8,'10',8.5,NULL,NULL,'x',NULL,NULL,NULL,NULL,NULL,NULL,NULL,NULL,NULL,NULL,NULL,NULL,NULL);
INSERT INTO Espèces (Espèce,Famille,Catégories,Rendement,Niveau,Densité,Dose_semis,Nb_graines_g,FG,T_germ,Levée,Irrig,Conservation,A_planifier,Vivace,Besoins,S_taille,Effet,Usages,Obj_annuel,N,P,K,Date_inv,Inventaire,Prix_kg,Notes) VALUES ('Chou brocoli','Brassicaceae','🌿',1.5,'Moyen',3.3,0.03,250,4.5,'7-30',7.5,NULL,NULL,'x',NULL,NULL,NULL,'Allélopathique fort',NULL,NULL,15,6,19,NULL,NULL,NULL,NULL);
INSERT INTO Espèces (Espèce,Famille,Catégories,Rendement,Niveau,Densité,Dose_semis,Nb_graines_g,FG,T_germ,Levée,Irrig,Conservation,A_planifier,Vivace,Besoins,S_taille,Effet,Usages,Obj_annuel,N,P,K,Date_inv,Inventaire,Prix_kg,Notes) VALUES ('Chou de Bruxelles','Brassicaceae','🌿',1,'Moyen',2.5,0.04,350,5.5,'7-20',7.5,NULL,NULL,'x',NULL,NULL,NULL,'Allélopathique fort',NULL,NULL,13,6,16,NULL,NULL,NULL,NULL);
INSERT INTO Espèces (Espèce,Famille,Catégories,Rendement,Niveau,Densité,Dose_semis,Nb_graines_g,FG,T_germ,Levée,Irrig,Conservation,A_planifier,Vivace,Besoins,S_taille,Effet,Usages,Obj_annuel,N,P,K,Date_inv,Inventaire,Prix_kg,Notes) VALUES ('Chou de Chine','Brassicaceae','🌿',2,'Difficile',4,0.03,350,2.5,'7-30',5,NULL,NULL,'x',NULL,NULL,NULL,'Allélopathique fort',NULL,NULL,12,7,18,NULL,NULL,NULL,NULL);
INSERT INTO Espèces (Espèce,Famille,Catégories,Rendement,Niveau,Densité,Dose_semis,Nb_graines_g,FG,T_germ,Levée,Irrig,Conservation,A_planifier,Vivace,Besoins,S_taille,Effet,Usages,Obj_annuel,N,P,K,Date_inv,Inventaire,Prix_kg,Notes) VALUES ('Chou frisé','Brassicaceae','🌿',2,'Facile',3,0.03,300,5.5,'7-20',10,NULL,NULL,'x',NULL,NULL,NULL,'Allélopathique fort',NULL,NULL,14,6,18,NULL,NULL,NULL,NULL);
INSERT INTO Espèces (Espèce,Famille,Catégories,Rendement,Niveau,Densité,Dose_semis,Nb_graines_g,FG,T_germ,Levée,Irrig,Conservation,A_planifier,Vivace,Besoins,S_taille,Effet,Usages,Obj_annuel,N,P,K,Date_inv,Inventaire,Prix_kg,Notes) VALUES ('Chou pommé','Brassicaceae','🌿',2,'Moyen',3,0.03,300,5,'7-30',6,NULL,NULL,'x',NULL,NULL,NULL,'Allélopathique fort',NULL,NULL,14,8,21,NULL,NULL,NULL,NULL);
INSERT INTO Espèces (Espèce,Famille,Catégories,Rendement,Niveau,Densité,Dose_semis,Nb_graines_g,FG,T_germ,Levée,Irrig,Conservation,A_planifier,Vivace,Besoins,S_taille,Effet,Usages,Obj_annuel,N,P,K,Date_inv,Inventaire,Prix_kg,Notes) VALUES ('Chou-fleur','Brassicaceae','🌼',1.5,'Difficile',2.2,0.03,400,5.5,'7-30',9,NULL,NULL,'x',NULL,NULL,NULL,'Allélopathique fort',NULL,NULL,19,8,26,NULL,NULL,NULL,NULL);
INSERT INTO Espèces (Espèce,Famille,Catégories,Rendement,Niveau,Densité,Dose_semis,Nb_graines_g,FG,T_germ,Levée,Irrig,Conservation,A_planifier,Vivace,Besoins,S_taille,Effet,Usages,Obj_annuel,N,P,K,Date_inv,Inventaire,Prix_kg,Notes) VALUES ('Chou-rave','Brassicaceae','🥕',3.5,'Facile',16,0.06,300,5,'7-30',9,NULL,NULL,'x',NULL,NULL,NULL,'Allélopathique fort',NULL,NULL,12,6,17,NULL,NULL,NULL,NULL);
INSERT INTO Espèces (Espèce,Famille,Catégories,Rendement,Niveau,Densité,Dose_semis,Nb_graines_g,FG,T_germ,Levée,Irrig,Conservation,A_planifier,Vivace,Besoins,S_taille,Effet,Usages,Obj_annuel,N,P,K,Date_inv,Inventaire,Prix_kg,Notes) VALUES ('Ciboulette','Alliaceae','🌺',NULL,NULL,NULL,NULL,NULL,NULL,NULL,NULL,NULL,NULL,NULL,'x',NULL,NULL,NULL,NULL,NULL,NULL,NULL,NULL,NULL,NULL,NULL,NULL);
INSERT INTO Espèces (Espèce,Famille,Catégories,Rendement,Niveau,Densité,Dose_semis,Nb_graines_g,FG,T_germ,Levée,Irrig,Conservation,A_planifier,Vivace,Besoins,S_taille,Effet,Usages,Obj_annuel,N,P,K,Date_inv,Inventaire,Prix_kg,Notes) VALUES ('Citronnier','Rutaceae','🍊',NULL,NULL,NULL,NULL,NULL,NULL,NULL,NULL,NULL,NULL,NULL,'x','- Expo ensoleillèe'||x'0a'||'- Sol bien drainé'||x'0a0a'||'Défavorable:'||x'0a0a'||'- Sol humide'||x'0a'||'- Froid et vent',NULL,NULL,NULL,NULL,NULL,NULL,NULL,NULL,NULL,NULL,NULL);
INSERT INTO Espèces (Espèce,Famille,Catégories,Rendement,Niveau,Densité,Dose_semis,Nb_graines_g,FG,T_germ,Levée,Irrig,Conservation,A_planifier,Vivace,Besoins,S_taille,Effet,Usages,Obj_annuel,N,P,K,Date_inv,Inventaire,Prix_kg,Notes) VALUES ('Cognassier','Rosaceae','🍎',NULL,NULL,NULL,NULL,NULL,NULL,NULL,NULL,NULL,NULL,NULL,'x','- Sol profond et frais'||x'0a'||'- Très résistant au froid'||x'0a'||'- Grosse chaleur',NULL,NULL,NULL,NULL,NULL,NULL,NULL,NULL,NULL,NULL,NULL);
INSERT INTO Espèces (Espèce,Famille,Catégories,Rendement,Niveau,Densité,Dose_semis,Nb_graines_g,FG,T_germ,Levée,Irrig,Conservation,A_planifier,Vivace,Besoins,S_taille,Effet,Usages,Obj_annuel,N,P,K,Date_inv,Inventaire,Prix_kg,Notes) VALUES ('Concombre','Cucurbitaceae','🍆',5,'Facile',1.4,0.125,35,10,'16-35',9,NULL,NULL,'x',NULL,NULL,NULL,'Allélopathique fort',NULL,NULL,13,8,21,NULL,NULL,NULL,NULL);
INSERT INTO Espèces (Espèce,Famille,Catégories,Rendement,Niveau,Densité,Dose_semis,Nb_graines_g,FG,T_germ,Levée,Irrig,Conservation,A_planifier,Vivace,Besoins,S_taille,Effet,Usages,Obj_annuel,N,P,K,Date_inv,Inventaire,Prix_kg,Notes) VALUES ('Coriandre','Apiaceae','🌺',NULL,'Moyen',25,NULL,NULL,NULL,NULL,NULL,NULL,NULL,NULL,NULL,NULL,NULL,'Hôte d''insectes auxiliaires, repousse la mouche de la carotte',NULL,NULL,7,3,9,NULL,NULL,NULL,NULL);
INSERT INTO Espèces (Espèce,Famille,Catégories,Rendement,Niveau,Densité,Dose_semis,Nb_graines_g,FG,T_germ,Levée,Irrig,Conservation,A_planifier,Vivace,Besoins,S_taille,Effet,Usages,Obj_annuel,N,P,K,Date_inv,Inventaire,Prix_kg,Notes) VALUES ('Cosmos','Asteraceae',NULL,NULL,'Facile',8.5,NULL,NULL,NULL,NULL,NULL,NULL,NULL,NULL,NULL,NULL,NULL,'Désoriente les pierides du chou et fait une ombre légère.',NULL,NULL,NULL,NULL,NULL,NULL,NULL,NULL,NULL);
INSERT INTO Espèces (Espèce,Famille,Catégories,Rendement,Niveau,Densité,Dose_semis,Nb_graines_g,FG,T_germ,Levée,Irrig,Conservation,A_planifier,Vivace,Besoins,S_taille,Effet,Usages,Obj_annuel,N,P,K,Date_inv,Inventaire,Prix_kg,Notes) VALUES ('Courge','Cucurbitaceae','🍆',5,'Difficile',0.75,0.4,3,5,'21-35',8,NULL,NULL,'x',NULL,NULL,NULL,'Couvre sol, étouffe les petites plantes',NULL,NULL,12,8,23,NULL,NULL,NULL,NULL);
INSERT INTO Espèces (Espèce,Famille,Catégories,Rendement,Niveau,Densité,Dose_semis,Nb_graines_g,FG,T_germ,Levée,Irrig,Conservation,A_planifier,Vivace,Besoins,S_taille,Effet,Usages,Obj_annuel,N,P,K,Date_inv,Inventaire,Prix_kg,Notes) VALUES ('Courgette','Cucurbitaceae','🍆',4.5,'Facile',0.8,0.5,7,5,'21-35',8,NULL,NULL,'x',NULL,NULL,NULL,'Allélopathique fort',NULL,NULL,15,8,17,NULL,NULL,NULL,NULL);
INSERT INTO Espèces (Espèce,Famille,Catégories,Rendement,Niveau,Densité,Dose_semis,Nb_graines_g,FG,T_germ,Levée,Irrig,Conservation,A_planifier,Vivace,Besoins,S_taille,Effet,Usages,Obj_annuel,N,P,K,Date_inv,Inventaire,Prix_kg,Notes) VALUES ('Echalote','Alliaceae','🧅',1.4,'Moyen',24,16,NULL,NULL,NULL,NULL,NULL,NULL,'x',NULL,NULL,NULL,NULL,NULL,NULL,8,8,14,NULL,NULL,NULL,NULL);
INSERT INTO Espèces (Espèce,Famille,Catégories,Rendement,Niveau,Densité,Dose_semis,Nb_graines_g,FG,T_germ,Levée,Irrig,Conservation,A_planifier,Vivace,Besoins,S_taille,Effet,Usages,Obj_annuel,N,P,K,Date_inv,Inventaire,Prix_kg,Notes) VALUES ('Epinard','Amaranthaceae','🌿',2,'Moyen',50,0.75,110,4.5,'7-24',10,NULL,NULL,'x',NULL,NULL,NULL,'Protège le chou de la hernie et des altises',NULL,NULL,9,4,14,NULL,NULL,NULL,NULL);
INSERT INTO Espèces (Espèce,Famille,Catégories,Rendement,Niveau,Densité,Dose_semis,Nb_graines_g,FG,T_germ,Levée,Irrig,Conservation,A_planifier,Vivace,Besoins,S_taille,Effet,Usages,Obj_annuel,N,P,K,Date_inv,Inventaire,Prix_kg,Notes) VALUES ('Feijoa','Myrtaceae','🍎',NULL,NULL,NULL,NULL,NULL,NULL,NULL,NULL,NULL,NULL,NULL,'x','- Expo ensoleillèe'||x'0a'||'- Tout type de sol'||x'0a'||'- Résistant au froid -10°C'||x'0a'||'- Besoin de chaleur pour fructifier',NULL,NULL,NULL,NULL,NULL,NULL,NULL,NULL,NULL,NULL,NULL);
INSERT INTO Espèces (Espèce,Famille,Catégories,Rendement,Niveau,Densité,Dose_semis,Nb_graines_g,FG,T_germ,Levée,Irrig,Conservation,A_planifier,Vivace,Besoins,S_taille,Effet,Usages,Obj_annuel,N,P,K,Date_inv,Inventaire,Prix_kg,Notes) VALUES ('Fenouil','Apiaceae','🧅 🌿',2,'Moyen',12,0.5,200,4,'12',9,NULL,NULL,'x',NULL,NULL,NULL,'Hôte d''insectes auxiliaires',NULL,NULL,9,4,15,NULL,NULL,NULL,NULL);
INSERT INTO Espèces (Espèce,Famille,Catégories,Rendement,Niveau,Densité,Dose_semis,Nb_graines_g,FG,T_germ,Levée,Irrig,Conservation,A_planifier,Vivace,Besoins,S_taille,Effet,Usages,Obj_annuel,N,P,K,Date_inv,Inventaire,Prix_kg,Notes) VALUES ('Fève','Fabaceae','🌽',4,'Moyen',17,45,0.75,5,'8',15,NULL,NULL,'x',NULL,NULL,NULL,NULL,NULL,NULL,4,5,10,NULL,NULL,NULL,NULL);
INSERT INTO Espèces (Espèce,Famille,Catégories,Rendement,Niveau,Densité,Dose_semis,Nb_graines_g,FG,T_germ,Levée,Irrig,Conservation,A_planifier,Vivace,Besoins,S_taille,Effet,Usages,Obj_annuel,N,P,K,Date_inv,Inventaire,Prix_kg,Notes) VALUES ('Figuier','Moraceae','🍎',NULL,NULL,NULL,NULL,NULL,NULL,NULL,NULL,NULL,NULL,NULL,'x','Sol frais et profond'||x'0a0a'||'Défavorable:'||x'0a0a'||'Très sensible au gel',NULL,NULL,NULL,NULL,NULL,NULL,NULL,NULL,NULL,NULL,NULL);
INSERT INTO Espèces (Espèce,Famille,Catégories,Rendement,Niveau,Densité,Dose_semis,Nb_graines_g,FG,T_germ,Levée,Irrig,Conservation,A_planifier,Vivace,Besoins,S_taille,Effet,Usages,Obj_annuel,N,P,K,Date_inv,Inventaire,Prix_kg,Notes) VALUES ('Fraisier','Rosaceae','🍓',NULL,NULL,NULL,NULL,NULL,NULL,NULL,NULL,NULL,NULL,NULL,'x','- Expo ensoleillée ou mi-ombre'||x'0a'||'- Sol riche et bien drainé',NULL,NULL,NULL,NULL,NULL,NULL,NULL,NULL,NULL,NULL,NULL);
INSERT INTO Espèces (Espèce,Famille,Catégories,Rendement,Niveau,Densité,Dose_semis,Nb_graines_g,FG,T_germ,Levée,Irrig,Conservation,A_planifier,Vivace,Besoins,S_taille,Effet,Usages,Obj_annuel,N,P,K,Date_inv,Inventaire,Prix_kg,Notes) VALUES ('Framboisier','Rosaceae','🍓 🐝',NULL,NULL,NULL,NULL,NULL,NULL,NULL,NULL,NULL,NULL,NULL,'x','Sol léger, frais, riche en humus'||x'0a0a'||'Défavorable:'||x'0a0a'||'- Sol à humidité stagnante'||x'0a'||'- Sécheresse excessive'||x'0a'||'- Concurrence des herbes',NULL,NULL,NULL,NULL,NULL,NULL,NULL,NULL,NULL,NULL,NULL);
INSERT INTO Espèces (Espèce,Famille,Catégories,Rendement,Niveau,Densité,Dose_semis,Nb_graines_g,FG,T_germ,Levée,Irrig,Conservation,A_planifier,Vivace,Besoins,S_taille,Effet,Usages,Obj_annuel,N,P,K,Date_inv,Inventaire,Prix_kg,Notes) VALUES ('Frêne','Oleaceae','🪓',NULL,NULL,NULL,NULL,NULL,NULL,NULL,NULL,NULL,NULL,NULL,'x',NULL,NULL,NULL,NULL,NULL,NULL,NULL,NULL,NULL,NULL,NULL,NULL);
INSERT INTO Espèces (Espèce,Famille,Catégories,Rendement,Niveau,Densité,Dose_semis,Nb_graines_g,FG,T_germ,Levée,Irrig,Conservation,A_planifier,Vivace,Besoins,S_taille,Effet,Usages,Obj_annuel,N,P,K,Date_inv,Inventaire,Prix_kg,Notes) VALUES ('Grenadier','Lythraceae','🍎',NULL,NULL,NULL,NULL,NULL,NULL,NULL,NULL,NULL,NULL,NULL,'x','- Sol très humide'||x'0a'||'- Résistant au froid -12°C'||x'0a'||'- Besoin de chaleur pour fructifier',NULL,NULL,NULL,NULL,NULL,NULL,NULL,NULL,NULL,NULL,NULL);
INSERT INTO Espèces (Espèce,Famille,Catégories,Rendement,Niveau,Densité,Dose_semis,Nb_graines_g,FG,T_germ,Levée,Irrig,Conservation,A_planifier,Vivace,Besoins,S_taille,Effet,Usages,Obj_annuel,N,P,K,Date_inv,Inventaire,Prix_kg,Notes) VALUES ('Groseillier','Grossulariaceae','🍓',NULL,NULL,NULL,NULL,NULL,NULL,NULL,NULL,NULL,NULL,NULL,'x','Froid en hiver'||x'0a0a'||'Défavorable:'||x'0a0a'||'- Expo sud/sud-ouest'||x'0a'||'- Forte chaleur en été'||x'0a'||'- Concurrence des herbes',NULL,NULL,NULL,NULL,NULL,NULL,NULL,NULL,NULL,NULL,NULL);
INSERT INTO Espèces (Espèce,Famille,Catégories,Rendement,Niveau,Densité,Dose_semis,Nb_graines_g,FG,T_germ,Levée,Irrig,Conservation,A_planifier,Vivace,Besoins,S_taille,Effet,Usages,Obj_annuel,N,P,K,Date_inv,Inventaire,Prix_kg,Notes) VALUES ('Haricot à écosser','Fabaceae','🌽',0.2,'Moyen',40,10,3,3,'16-30',6.5,NULL,NULL,'x',NULL,NULL,NULL,NULL,NULL,NULL,5,5,12,NULL,NULL,NULL,NULL);
INSERT INTO Espèces (Espèce,Famille,Catégories,Rendement,Niveau,Densité,Dose_semis,Nb_graines_g,FG,T_germ,Levée,Irrig,Conservation,A_planifier,Vivace,Besoins,S_taille,Effet,Usages,Obj_annuel,N,P,K,Date_inv,Inventaire,Prix_kg,Notes) VALUES ('Haricot mangetout','Fabaceae','🌽',1.5,'Moyen',40,10,7,3,'16-30',6.5,NULL,NULL,'x',NULL,NULL,NULL,NULL,NULL,NULL,6,4,13,NULL,NULL,NULL,NULL);
INSERT INTO Espèces (Espèce,Famille,Catégories,Rendement,Niveau,Densité,Dose_semis,Nb_graines_g,FG,T_germ,Levée,Irrig,Conservation,A_planifier,Vivace,Besoins,S_taille,Effet,Usages,Obj_annuel,N,P,K,Date_inv,Inventaire,Prix_kg,Notes) VALUES ('Hibiscus','Malvaceae','🌺',NULL,NULL,NULL,NULL,NULL,NULL,NULL,NULL,NULL,NULL,NULL,'x',NULL,NULL,NULL,NULL,NULL,NULL,NULL,NULL,NULL,NULL,NULL,NULL);
INSERT INTO Espèces (Espèce,Famille,Catégories,Rendement,Niveau,Densité,Dose_semis,Nb_graines_g,FG,T_germ,Levée,Irrig,Conservation,A_planifier,Vivace,Besoins,S_taille,Effet,Usages,Obj_annuel,N,P,K,Date_inv,Inventaire,Prix_kg,Notes) VALUES ('Houblon','Cannabaceae','🍎 🌺',NULL,NULL,NULL,NULL,NULL,NULL,NULL,NULL,NULL,NULL,NULL,'x',NULL,NULL,NULL,NULL,NULL,NULL,NULL,NULL,NULL,NULL,NULL,NULL);
INSERT INTO Espèces (Espèce,Famille,Catégories,Rendement,Niveau,Densité,Dose_semis,Nb_graines_g,FG,T_germ,Levée,Irrig,Conservation,A_planifier,Vivace,Besoins,S_taille,Effet,Usages,Obj_annuel,N,P,K,Date_inv,Inventaire,Prix_kg,Notes) VALUES ('Kaki-pomme','Ebenaceae','🍎',NULL,NULL,NULL,NULL,NULL,NULL,NULL,NULL,NULL,NULL,NULL,'x',NULL,NULL,NULL,NULL,NULL,NULL,NULL,NULL,NULL,NULL,NULL,NULL);
INSERT INTO Espèces (Espèce,Famille,Catégories,Rendement,Niveau,Densité,Dose_semis,Nb_graines_g,FG,T_germ,Levée,Irrig,Conservation,A_planifier,Vivace,Besoins,S_taille,Effet,Usages,Obj_annuel,N,P,K,Date_inv,Inventaire,Prix_kg,Notes) VALUES ('Kumquat','Rutaceae','🍊',NULL,NULL,NULL,NULL,NULL,NULL,NULL,NULL,NULL,NULL,NULL,'x','- Expo ensoleillèe'||x'0a'||'- Sol bien drainé'||x'0a0a'||'Défavorable:'||x'0a0a'||'- Sol humide'||x'0a'||'- Froid et vent',NULL,NULL,NULL,NULL,NULL,NULL,NULL,NULL,NULL,NULL,NULL);
INSERT INTO Espèces (Espèce,Famille,Catégories,Rendement,Niveau,Densité,Dose_semis,Nb_graines_g,FG,T_germ,Levée,Irrig,Conservation,A_planifier,Vivace,Besoins,S_taille,Effet,Usages,Obj_annuel,N,P,K,Date_inv,Inventaire,Prix_kg,Notes) VALUES ('Laitue','Asteraceae','🌿',2.2,'Moyen',13,0.15,800,4.5,'5-27',7,NULL,NULL,'x',NULL,NULL,NULL,'Maintien un micro-climat humide',NULL,NULL,9,5,17,NULL,NULL,NULL,NULL);
INSERT INTO Espèces (Espèce,Famille,Catégories,Rendement,Niveau,Densité,Dose_semis,Nb_graines_g,FG,T_germ,Levée,Irrig,Conservation,A_planifier,Vivace,Besoins,S_taille,Effet,Usages,Obj_annuel,N,P,K,Date_inv,Inventaire,Prix_kg,Notes) VALUES ('Lavande','Lamiaceae','🌺 🐝',NULL,NULL,NULL,NULL,NULL,NULL,NULL,NULL,NULL,NULL,NULL,'x','- Expo ensoleillée'||x'0a'||'- Sol léger, drainé, plutôt calcaire',NULL,'Hôte d''insectes auxiliaires et répulsive',NULL,NULL,NULL,NULL,NULL,NULL,NULL,NULL,NULL);
INSERT INTO Espèces (Espèce,Famille,Catégories,Rendement,Niveau,Densité,Dose_semis,Nb_graines_g,FG,T_germ,Levée,Irrig,Conservation,A_planifier,Vivace,Besoins,S_taille,Effet,Usages,Obj_annuel,N,P,K,Date_inv,Inventaire,Prix_kg,Notes) VALUES ('Mâche','Valerianaceae','🌿',1,'Moyen',100,0.6,660,5,'15-20',13.5,NULL,NULL,'x',NULL,NULL,NULL,NULL,NULL,NULL,5,2,7,NULL,NULL,NULL,NULL);
INSERT INTO Espèces (Espèce,Famille,Catégories,Rendement,Niveau,Densité,Dose_semis,Nb_graines_g,FG,T_germ,Levée,Irrig,Conservation,A_planifier,Vivace,Besoins,S_taille,Effet,Usages,Obj_annuel,N,P,K,Date_inv,Inventaire,Prix_kg,Notes) VALUES ('Maïs','Poaceae','🌽',1,'Moyen',10,4,4.5,2,'16-30',12.5,NULL,NULL,'x',NULL,NULL,NULL,'Tuteur',NULL,NULL,15,6,15,NULL,NULL,NULL,NULL);
INSERT INTO Espèces (Espèce,Famille,Catégories,Rendement,Niveau,Densité,Dose_semis,Nb_graines_g,FG,T_germ,Levée,Irrig,Conservation,A_planifier,Vivace,Besoins,S_taille,Effet,Usages,Obj_annuel,N,P,K,Date_inv,Inventaire,Prix_kg,Notes) VALUES ('Mandarinier','Rutaceae','🍊',NULL,NULL,NULL,NULL,NULL,NULL,NULL,NULL,NULL,NULL,NULL,'x','- Expo ensoleillèe'||x'0a'||'- Sol bien drainé'||x'0a0a'||'Défavorable:'||x'0a0a'||'- Sol humide'||x'0a'||'- Froid et vent',NULL,NULL,NULL,NULL,NULL,NULL,NULL,NULL,NULL,NULL,NULL);
INSERT INTO Espèces (Espèce,Famille,Catégories,Rendement,Niveau,Densité,Dose_semis,Nb_graines_g,FG,T_germ,Levée,Irrig,Conservation,A_planifier,Vivace,Besoins,S_taille,Effet,Usages,Obj_annuel,N,P,K,Date_inv,Inventaire,Prix_kg,Notes) VALUES ('Marjolaine','Lamiaceae','🌺 🐝',NULL,NULL,NULL,NULL,NULL,NULL,NULL,NULL,NULL,NULL,NULL,'x','- Expo ensoleillée'||x'0a'||'- Sol drainé, léger, sec, sablonneux',NULL,NULL,NULL,NULL,NULL,NULL,NULL,NULL,NULL,NULL,NULL);
INSERT INTO Espèces (Espèce,Famille,Catégories,Rendement,Niveau,Densité,Dose_semis,Nb_graines_g,FG,T_germ,Levée,Irrig,Conservation,A_planifier,Vivace,Besoins,S_taille,Effet,Usages,Obj_annuel,N,P,K,Date_inv,Inventaire,Prix_kg,Notes) VALUES ('Mélange',NULL,'🟩',NULL,NULL,NULL,NULL,NULL,NULL,NULL,NULL,NULL,NULL,'x',NULL,NULL,NULL,NULL,NULL,NULL,NULL,NULL,NULL,NULL,NULL,NULL,NULL);
INSERT INTO Espèces (Espèce,Famille,Catégories,Rendement,Niveau,Densité,Dose_semis,Nb_graines_g,FG,T_germ,Levée,Irrig,Conservation,A_planifier,Vivace,Besoins,S_taille,Effet,Usages,Obj_annuel,N,P,K,Date_inv,Inventaire,Prix_kg,Notes) VALUES ('Mélilot','Fabaceae','🟩 🍎 🐝',NULL,'Moyen',NULL,1.75,120,NULL,'5-10',8,NULL,NULL,NULL,NULL,NULL,NULL,NULL,NULL,NULL,6,4,9,NULL,NULL,NULL,NULL);
INSERT INTO Espèces (Espèce,Famille,Catégories,Rendement,Niveau,Densité,Dose_semis,Nb_graines_g,FG,T_germ,Levée,Irrig,Conservation,A_planifier,Vivace,Besoins,S_taille,Effet,Usages,Obj_annuel,N,P,K,Date_inv,Inventaire,Prix_kg,Notes) VALUES ('Mélisse','Lamiaceae','🌺',NULL,NULL,NULL,NULL,NULL,NULL,NULL,NULL,NULL,NULL,NULL,'x',NULL,NULL,NULL,NULL,NULL,NULL,NULL,NULL,NULL,NULL,NULL,NULL);
INSERT INTO Espèces (Espèce,Famille,Catégories,Rendement,Niveau,Densité,Dose_semis,Nb_graines_g,FG,T_germ,Levée,Irrig,Conservation,A_planifier,Vivace,Besoins,S_taille,Effet,Usages,Obj_annuel,N,P,K,Date_inv,Inventaire,Prix_kg,Notes) VALUES ('Melon','Cucurbitaceae','🍎',2.5,'Difficile',1,0.15,35,7,'24-35',6.5,NULL,NULL,'x',NULL,NULL,NULL,'Allélopathique',NULL,NULL,11,7,16,NULL,NULL,NULL,NULL);
INSERT INTO Espèces (Espèce,Famille,Catégories,Rendement,Niveau,Densité,Dose_semis,Nb_graines_g,FG,T_germ,Levée,Irrig,Conservation,A_planifier,Vivace,Besoins,S_taille,Effet,Usages,Obj_annuel,N,P,K,Date_inv,Inventaire,Prix_kg,Notes) VALUES ('Menthe','Lamiaceae','🌺 🐝',NULL,NULL,NULL,NULL,NULL,NULL,NULL,NULL,NULL,NULL,NULL,'x','- Expo ensoleillée ou mi‑ombragée'||x'0a'||'- Tous types de sol, bien drainé, humifère',NULL,'Hôte d''insectes auxiliaires et répulsive',NULL,NULL,NULL,NULL,NULL,NULL,NULL,NULL,NULL);
INSERT INTO Espèces (Espèce,Famille,Catégories,Rendement,Niveau,Densité,Dose_semis,Nb_graines_g,FG,T_germ,Levée,Irrig,Conservation,A_planifier,Vivace,Besoins,S_taille,Effet,Usages,Obj_annuel,N,P,K,Date_inv,Inventaire,Prix_kg,Notes) VALUES ('Moutarde','Brassicaceae','🟩 🌿 🌽',NULL,'Facile',NULL,1.3,130,NULL,'3-5',6,NULL,NULL,NULL,NULL,NULL,NULL,NULL,NULL,NULL,8,4,11,NULL,NULL,NULL,NULL);
INSERT INTO Espèces (Espèce,Famille,Catégories,Rendement,Niveau,Densité,Dose_semis,Nb_graines_g,FG,T_germ,Levée,Irrig,Conservation,A_planifier,Vivace,Besoins,S_taille,Effet,Usages,Obj_annuel,N,P,K,Date_inv,Inventaire,Prix_kg,Notes) VALUES ('Mûrier platane','Moraceae','🍎',NULL,NULL,NULL,NULL,NULL,NULL,NULL,NULL,NULL,NULL,NULL,'x','- Sol profond et frais'||x'0a'||'- Résistant au froid -18°C',NULL,NULL,NULL,NULL,NULL,NULL,NULL,NULL,NULL,NULL,NULL);
INSERT INTO Espèces (Espèce,Famille,Catégories,Rendement,Niveau,Densité,Dose_semis,Nb_graines_g,FG,T_germ,Levée,Irrig,Conservation,A_planifier,Vivace,Besoins,S_taille,Effet,Usages,Obj_annuel,N,P,K,Date_inv,Inventaire,Prix_kg,Notes) VALUES ('Mûrier sans épine','Rosaceae','🍓',NULL,NULL,NULL,NULL,NULL,NULL,NULL,NULL,NULL,NULL,NULL,'x',NULL,NULL,NULL,NULL,NULL,NULL,NULL,NULL,NULL,NULL,NULL,NULL);
INSERT INTO Espèces (Espèce,Famille,Catégories,Rendement,Niveau,Densité,Dose_semis,Nb_graines_g,FG,T_germ,Levée,Irrig,Conservation,A_planifier,Vivace,Besoins,S_taille,Effet,Usages,Obj_annuel,N,P,K,Date_inv,Inventaire,Prix_kg,Notes) VALUES ('Navet','Brassicaceae','🥕',3,'Moyen',100,0.3,600,4.5,'7-30',5.5,NULL,NULL,'x',NULL,NULL,NULL,NULL,NULL,NULL,9,5,15,NULL,NULL,NULL,NULL);
INSERT INTO Espèces (Espèce,Famille,Catégories,Rendement,Niveau,Densité,Dose_semis,Nb_graines_g,FG,T_germ,Levée,Irrig,Conservation,A_planifier,Vivace,Besoins,S_taille,Effet,Usages,Obj_annuel,N,P,K,Date_inv,Inventaire,Prix_kg,Notes) VALUES ('Néflier','Rosaceae','🍎 🐝',NULL,NULL,NULL,NULL,NULL,NULL,NULL,NULL,NULL,NULL,NULL,'x',NULL,NULL,NULL,NULL,NULL,NULL,NULL,NULL,NULL,NULL,NULL,NULL);
INSERT INTO Espèces (Espèce,Famille,Catégories,Rendement,Niveau,Densité,Dose_semis,Nb_graines_g,FG,T_germ,Levée,Irrig,Conservation,A_planifier,Vivace,Besoins,S_taille,Effet,Usages,Obj_annuel,N,P,K,Date_inv,Inventaire,Prix_kg,Notes) VALUES ('Noisetier',NULL,'🍎 🐝',NULL,NULL,NULL,NULL,NULL,NULL,NULL,NULL,NULL,NULL,NULL,'x','Sol fertile limono-argileux',NULL,NULL,NULL,NULL,NULL,NULL,NULL,NULL,NULL,NULL,NULL);
INSERT INTO Espèces (Espèce,Famille,Catégories,Rendement,Niveau,Densité,Dose_semis,Nb_graines_g,FG,T_germ,Levée,Irrig,Conservation,A_planifier,Vivace,Besoins,S_taille,Effet,Usages,Obj_annuel,N,P,K,Date_inv,Inventaire,Prix_kg,Notes) VALUES ('Noyer','Juglandaceae','🍎',NULL,NULL,NULL,NULL,NULL,NULL,NULL,NULL,NULL,NULL,NULL,'x','Défavorable:'||x'0a0a'||'- Gelées printanières'||x'0a'||'- Taille',NULL,NULL,NULL,NULL,NULL,NULL,NULL,NULL,NULL,NULL,NULL);
INSERT INTO Espèces (Espèce,Famille,Catégories,Rendement,Niveau,Densité,Dose_semis,Nb_graines_g,FG,T_germ,Levée,Irrig,Conservation,A_planifier,Vivace,Besoins,S_taille,Effet,Usages,Obj_annuel,N,P,K,Date_inv,Inventaire,Prix_kg,Notes) VALUES ('Oignon','Alliaceae','🧅',3,'Moyen',44,0.4,264,2,'10-30',22.5,NULL,NULL,'x',NULL,NULL,NULL,NULL,NULL,NULL,11,6,15,NULL,NULL,NULL,NULL);
INSERT INTO Espèces (Espèce,Famille,Catégories,Rendement,Niveau,Densité,Dose_semis,Nb_graines_g,FG,T_germ,Levée,Irrig,Conservation,A_planifier,Vivace,Besoins,S_taille,Effet,Usages,Obj_annuel,N,P,K,Date_inv,Inventaire,Prix_kg,Notes) VALUES ('Olivier','Oleaceae','🍎',NULL,NULL,NULL,NULL,NULL,NULL,NULL,NULL,NULL,NULL,NULL,'x','- Expo ensoleillèe'||x'0a'||'- Chaleur'||x'0a0a'||'Défavorable:'||x'0a0a'||'-Froid'||x'0a'||'-Sol argileux humide',NULL,NULL,NULL,NULL,NULL,NULL,NULL,NULL,NULL,NULL,NULL);
INSERT INTO Espèces (Espèce,Famille,Catégories,Rendement,Niveau,Densité,Dose_semis,Nb_graines_g,FG,T_germ,Levée,Irrig,Conservation,A_planifier,Vivace,Besoins,S_taille,Effet,Usages,Obj_annuel,N,P,K,Date_inv,Inventaire,Prix_kg,Notes) VALUES ('Oranger','Rutaceae','🍊',NULL,NULL,NULL,NULL,NULL,NULL,NULL,NULL,NULL,NULL,NULL,'x','- Expo ensoleillèe'||x'0a'||'- Sol bien drainé'||x'0a0a'||'Défavorable:'||x'0a0a'||'- Sol humide'||x'0a'||'- Froid et vent',NULL,NULL,NULL,NULL,NULL,NULL,NULL,NULL,NULL,NULL,NULL);
INSERT INTO Espèces (Espèce,Famille,Catégories,Rendement,Niveau,Densité,Dose_semis,Nb_graines_g,FG,T_germ,Levée,Irrig,Conservation,A_planifier,Vivace,Besoins,S_taille,Effet,Usages,Obj_annuel,N,P,K,Date_inv,Inventaire,Prix_kg,Notes) VALUES ('Origan','Lamiaceae','🌺',NULL,'Facile',20,NULL,NULL,NULL,NULL,NULL,NULL,NULL,NULL,NULL,'Vivace craignant le froid, cultivée comme une annuelle',NULL,NULL,NULL,NULL,NULL,NULL,NULL,NULL,NULL,NULL,NULL);
INSERT INTO Espèces (Espèce,Famille,Catégories,Rendement,Niveau,Densité,Dose_semis,Nb_graines_g,FG,T_germ,Levée,Irrig,Conservation,A_planifier,Vivace,Besoins,S_taille,Effet,Usages,Obj_annuel,N,P,K,Date_inv,Inventaire,Prix_kg,Notes) VALUES ('Panais','Apiaceae','🥕',3,'Moyen',25,0.5,220,1,'20',17.5,NULL,NULL,'x',NULL,NULL,NULL,NULL,NULL,NULL,8,5,16,NULL,NULL,NULL,NULL);
INSERT INTO Espèces (Espèce,Famille,Catégories,Rendement,Niveau,Densité,Dose_semis,Nb_graines_g,FG,T_germ,Levée,Irrig,Conservation,A_planifier,Vivace,Besoins,S_taille,Effet,Usages,Obj_annuel,N,P,K,Date_inv,Inventaire,Prix_kg,Notes) VALUES ('Patate douce','Convolvulaceae','🥕',2,'Difficile',3.2,NULL,NULL,NULL,'25',NULL,NULL,NULL,'x',NULL,NULL,NULL,'Allélopathique fort',NULL,NULL,10,6,18,NULL,NULL,NULL,NULL);
INSERT INTO Espèces (Espèce,Famille,Catégories,Rendement,Niveau,Densité,Dose_semis,Nb_graines_g,FG,T_germ,Levée,Irrig,Conservation,A_planifier,Vivace,Besoins,S_taille,Effet,Usages,Obj_annuel,N,P,K,Date_inv,Inventaire,Prix_kg,Notes) VALUES ('Pêcher','Rosaceae','🍎',NULL,NULL,NULL,NULL,NULL,NULL,NULL,NULL,NULL,NULL,NULL,'x','-Expo ensoleillèe'||x'0a'||'-Sol fertile'||x'0a0a'||'Défavorable:'||x'0a0a'||'- Sol à humidité stagnante'||x'0a'||'- Gelées printanières'||x'0a'||'- Concurrence des herbes',NULL,NULL,NULL,NULL,NULL,NULL,NULL,NULL,NULL,NULL,NULL);
INSERT INTO Espèces (Espèce,Famille,Catégories,Rendement,Niveau,Densité,Dose_semis,Nb_graines_g,FG,T_germ,Levée,Irrig,Conservation,A_planifier,Vivace,Besoins,S_taille,Effet,Usages,Obj_annuel,N,P,K,Date_inv,Inventaire,Prix_kg,Notes) VALUES ('Persil','Apiaceae','🌺',NULL,'Moyen',50,1,600,3,'16-30',20,NULL,NULL,'x',NULL,NULL,NULL,'Répulsif',NULL,NULL,8,4,11,NULL,NULL,NULL,NULL);
INSERT INTO Espèces (Espèce,Famille,Catégories,Rendement,Niveau,Densité,Dose_semis,Nb_graines_g,FG,T_germ,Levée,Irrig,Conservation,A_planifier,Vivace,Besoins,S_taille,Effet,Usages,Obj_annuel,N,P,K,Date_inv,Inventaire,Prix_kg,Notes) VALUES ('Phacélie','Hydrophyllaceae','🟩',NULL,'Moyen',NULL,1.5,550,NULL,'4-5',8,NULL,NULL,NULL,NULL,NULL,NULL,NULL,NULL,NULL,5,4,8,NULL,NULL,NULL,NULL);
INSERT INTO Espèces (Espèce,Famille,Catégories,Rendement,Niveau,Densité,Dose_semis,Nb_graines_g,FG,T_germ,Levée,Irrig,Conservation,A_planifier,Vivace,Besoins,S_taille,Effet,Usages,Obj_annuel,N,P,K,Date_inv,Inventaire,Prix_kg,Notes) VALUES ('Physalis','Solanaceae','🍓',1,'Difficile',1,NULL,1000,8,'16-30',10,NULL,NULL,'x',NULL,NULL,NULL,NULL,NULL,NULL,11,5,15,NULL,NULL,NULL,NULL);
INSERT INTO Espèces (Espèce,Famille,Catégories,Rendement,Niveau,Densité,Dose_semis,Nb_graines_g,FG,T_germ,Levée,Irrig,Conservation,A_planifier,Vivace,Besoins,S_taille,Effet,Usages,Obj_annuel,N,P,K,Date_inv,Inventaire,Prix_kg,Notes) VALUES ('Plaqueminier','Ebenaceae','🍎',NULL,NULL,NULL,NULL,NULL,NULL,NULL,NULL,NULL,NULL,NULL,'x','- Sol bien drainé, frais et fertile'||x'0a'||'- Résistant au froid -18°C'||x'0a0a'||'Défavorable:'||x'0a0a'||'Gelées printanières ( jeunes arbres) -5°C',NULL,NULL,NULL,NULL,NULL,NULL,NULL,NULL,NULL,NULL,NULL);
INSERT INTO Espèces (Espèce,Famille,Catégories,Rendement,Niveau,Densité,Dose_semis,Nb_graines_g,FG,T_germ,Levée,Irrig,Conservation,A_planifier,Vivace,Besoins,S_taille,Effet,Usages,Obj_annuel,N,P,K,Date_inv,Inventaire,Prix_kg,Notes) VALUES ('Poireau','Alliaceae','🌿',3.5,'Moyen',35,0.17,300.3,2,'13-24',15,NULL,NULL,'x',NULL,NULL,NULL,NULL,NULL,NULL,16,6,20,NULL,NULL,NULL,NULL);
INSERT INTO Espèces (Espèce,Famille,Catégories,Rendement,Niveau,Densité,Dose_semis,Nb_graines_g,FG,T_germ,Levée,Irrig,Conservation,A_planifier,Vivace,Besoins,S_taille,Effet,Usages,Obj_annuel,N,P,K,Date_inv,Inventaire,Prix_kg,Notes) VALUES ('Poirier','Rosaceae','🍎',NULL,NULL,NULL,NULL,NULL,NULL,NULL,NULL,NULL,NULL,NULL,'x','Sol profond et frais'||x'0a0a'||'Défavorable:'||x'0a0a'||'Sol à humidité stagnante',NULL,NULL,NULL,NULL,NULL,NULL,NULL,NULL,NULL,NULL,NULL);
INSERT INTO Espèces (Espèce,Famille,Catégories,Rendement,Niveau,Densité,Dose_semis,Nb_graines_g,FG,T_germ,Levée,Irrig,Conservation,A_planifier,Vivace,Besoins,S_taille,Effet,Usages,Obj_annuel,N,P,K,Date_inv,Inventaire,Prix_kg,Notes) VALUES ('Pois à écosser','Fabaceae','🌽',0.6,'Moyen',65,20,6,4,'5-24',10,NULL,NULL,'x',NULL,NULL,NULL,NULL,NULL,NULL,2,5,8,NULL,NULL,NULL,NULL);
INSERT INTO Espèces (Espèce,Famille,Catégories,Rendement,Niveau,Densité,Dose_semis,Nb_graines_g,FG,T_germ,Levée,Irrig,Conservation,A_planifier,Vivace,Besoins,S_taille,Effet,Usages,Obj_annuel,N,P,K,Date_inv,Inventaire,Prix_kg,Notes) VALUES ('Pois mangetout','Fabaceae','🌽',1.2,'Moyen',65,20,8,4,'5-24',10,NULL,NULL,'x',NULL,NULL,NULL,NULL,NULL,NULL,2,5,8,NULL,NULL,NULL,NULL);
INSERT INTO Espèces (Espèce,Famille,Catégories,Rendement,Niveau,Densité,Dose_semis,Nb_graines_g,FG,T_germ,Levée,Irrig,Conservation,A_planifier,Vivace,Besoins,S_taille,Effet,Usages,Obj_annuel,N,P,K,Date_inv,Inventaire,Prix_kg,Notes) VALUES ('Poivron piment','Solanaceae','🍆',5.5,'Moyen',3.3,0.075,150,4,'18-35',12.5,NULL,NULL,'x',NULL,NULL,NULL,NULL,NULL,NULL,13,10,21,NULL,NULL,NULL,NULL);
INSERT INTO Espèces (Espèce,Famille,Catégories,Rendement,Niveau,Densité,Dose_semis,Nb_graines_g,FG,T_germ,Levée,Irrig,Conservation,A_planifier,Vivace,Besoins,S_taille,Effet,Usages,Obj_annuel,N,P,K,Date_inv,Inventaire,Prix_kg,Notes) VALUES ('Pomme de terre','Solanaceae','🥕',4,'Moyen',6,NULL,NULL,NULL,NULL,NULL,NULL,NULL,'x',NULL,NULL,NULL,NULL,NULL,NULL,12,8,21,NULL,NULL,NULL,NULL);
INSERT INTO Espèces (Espèce,Famille,Catégories,Rendement,Niveau,Densité,Dose_semis,Nb_graines_g,FG,T_germ,Levée,Irrig,Conservation,A_planifier,Vivace,Besoins,S_taille,Effet,Usages,Obj_annuel,N,P,K,Date_inv,Inventaire,Prix_kg,Notes) VALUES ('Pommier','Rosaceae','🍎 🐝',NULL,NULL,NULL,NULL,NULL,NULL,NULL,NULL,NULL,NULL,NULL,'x','- Sol frais'||x'0a'||'- Fraîcheur',NULL,NULL,NULL,NULL,NULL,NULL,NULL,NULL,NULL,NULL,NULL);
INSERT INTO Espèces (Espèce,Famille,Catégories,Rendement,Niveau,Densité,Dose_semis,Nb_graines_g,FG,T_germ,Levée,Irrig,Conservation,A_planifier,Vivace,Besoins,S_taille,Effet,Usages,Obj_annuel,N,P,K,Date_inv,Inventaire,Prix_kg,Notes) VALUES ('Potiron','Cucurbitaceae','🍆',6,'Facile',0.5,0.3,3,5,'16-35',9.5,NULL,NULL,'x',NULL,NULL,NULL,NULL,NULL,NULL,12,8,23,NULL,NULL,NULL,NULL);
INSERT INTO Espèces (Espèce,Famille,Catégories,Rendement,Niveau,Densité,Dose_semis,Nb_graines_g,FG,T_germ,Levée,Irrig,Conservation,A_planifier,Vivace,Besoins,S_taille,Effet,Usages,Obj_annuel,N,P,K,Date_inv,Inventaire,Prix_kg,Notes) VALUES ('Prunier','Rosaceae','🍎 🐝',NULL,NULL,NULL,NULL,NULL,NULL,NULL,NULL,NULL,NULL,NULL,'x','Défavorable:'||x'0a0a'||'- Sol humide et froid'||x'0a'||'- Gelées printanières'||x'0a'||'- Taille',NULL,NULL,NULL,NULL,NULL,NULL,NULL,NULL,NULL,NULL,NULL);
INSERT INTO Espèces (Espèce,Famille,Catégories,Rendement,Niveau,Densité,Dose_semis,Nb_graines_g,FG,T_germ,Levée,Irrig,Conservation,A_planifier,Vivace,Besoins,S_taille,Effet,Usages,Obj_annuel,N,P,K,Date_inv,Inventaire,Prix_kg,Notes) VALUES ('Pyracantha','Rosaceae',NULL,NULL,NULL,NULL,NULL,NULL,NULL,NULL,NULL,NULL,NULL,NULL,'x',NULL,NULL,NULL,NULL,NULL,NULL,NULL,NULL,NULL,NULL,NULL,NULL);
INSERT INTO Espèces (Espèce,Famille,Catégories,Rendement,Niveau,Densité,Dose_semis,Nb_graines_g,FG,T_germ,Levée,Irrig,Conservation,A_planifier,Vivace,Besoins,S_taille,Effet,Usages,Obj_annuel,N,P,K,Date_inv,Inventaire,Prix_kg,Notes) VALUES ('Radis','Brassicaceae','🥕',0.7,'Facile',125,4.5,120,4.5,'7-32',4,NULL,NULL,'x',NULL,NULL,NULL,NULL,NULL,NULL,7,4,9,NULL,NULL,NULL,NULL);
INSERT INTO Espèces (Espèce,Famille,Catégories,Rendement,Niveau,Densité,Dose_semis,Nb_graines_g,FG,T_germ,Levée,Irrig,Conservation,A_planifier,Vivace,Besoins,S_taille,Effet,Usages,Obj_annuel,N,P,K,Date_inv,Inventaire,Prix_kg,Notes) VALUES ('Radis noir','Brassicaceae','🥕',2,'Facile',30,4.5,120,4.5,'7-32',3.5,NULL,NULL,'x',NULL,NULL,NULL,NULL,NULL,NULL,6,4,10,NULL,NULL,NULL,NULL);
INSERT INTO Espèces (Espèce,Famille,Catégories,Rendement,Niveau,Densité,Dose_semis,Nb_graines_g,FG,T_germ,Levée,Irrig,Conservation,A_planifier,Vivace,Besoins,S_taille,Effet,Usages,Obj_annuel,N,P,K,Date_inv,Inventaire,Prix_kg,Notes) VALUES ('Raifort','Brassicaceae','🥕',NULL,NULL,NULL,NULL,NULL,NULL,NULL,NULL,NULL,NULL,NULL,'x','- Expo ensoleillée à mi‑ombre'||x'0a0a'||'- Sol bien drainé, tous types'||x'0a0a'||'Stérile, multiplication par bout de récine avec bougeon.',NULL,'Envaissant',NULL,NULL,NULL,NULL,NULL,NULL,NULL,NULL,NULL);
INSERT INTO Espèces (Espèce,Famille,Catégories,Rendement,Niveau,Densité,Dose_semis,Nb_graines_g,FG,T_germ,Levée,Irrig,Conservation,A_planifier,Vivace,Besoins,S_taille,Effet,Usages,Obj_annuel,N,P,K,Date_inv,Inventaire,Prix_kg,Notes) VALUES ('Ricin','Euphorbiaceae','🌺',NULL,'Moyen',0.4,0.5,1,NULL,NULL,NULL,NULL,NULL,'x',NULL,NULL,NULL,'Nématicide (tomate), repousse les pucerons verts du pois.',NULL,NULL,10,5,12,NULL,NULL,NULL,NULL);
INSERT INTO Espèces (Espèce,Famille,Catégories,Rendement,Niveau,Densité,Dose_semis,Nb_graines_g,FG,T_germ,Levée,Irrig,Conservation,A_planifier,Vivace,Besoins,S_taille,Effet,Usages,Obj_annuel,N,P,K,Date_inv,Inventaire,Prix_kg,Notes) VALUES ('Romarin','Lamiaceae','🌺 🐝',NULL,NULL,NULL,NULL,NULL,NULL,NULL,NULL,NULL,NULL,NULL,'x','Expo ensoleillèe',NULL,'Répulsif',NULL,NULL,NULL,NULL,NULL,NULL,NULL,NULL,NULL);
INSERT INTO Espèces (Espèce,Famille,Catégories,Rendement,Niveau,Densité,Dose_semis,Nb_graines_g,FG,T_germ,Levée,Irrig,Conservation,A_planifier,Vivace,Besoins,S_taille,Effet,Usages,Obj_annuel,N,P,K,Date_inv,Inventaire,Prix_kg,Notes) VALUES ('Roquette','Brassicaceae','🌿',2.5,'Facile',107,NULL,660,NULL,NULL,NULL,NULL,NULL,'x',NULL,NULL,NULL,NULL,NULL,NULL,8,5,13,NULL,NULL,NULL,NULL);
INSERT INTO Espèces (Espèce,Famille,Catégories,Rendement,Niveau,Densité,Dose_semis,Nb_graines_g,FG,T_germ,Levée,Irrig,Conservation,A_planifier,Vivace,Besoins,S_taille,Effet,Usages,Obj_annuel,N,P,K,Date_inv,Inventaire,Prix_kg,Notes) VALUES ('Salsifis','Asteraceae','🌿',2.25,'Moyen',32,1.1,100,12,'15',14,NULL,NULL,'x',NULL,NULL,NULL,NULL,NULL,NULL,NULL,NULL,NULL,NULL,NULL,NULL,NULL);
INSERT INTO Espèces (Espèce,Famille,Catégories,Rendement,Niveau,Densité,Dose_semis,Nb_graines_g,FG,T_germ,Levée,Irrig,Conservation,A_planifier,Vivace,Besoins,S_taille,Effet,Usages,Obj_annuel,N,P,K,Date_inv,Inventaire,Prix_kg,Notes) VALUES ('Sarrasin','Polygonaceae','🟩 🌽 🐝',0.2,'Facile',NULL,5.5,5.5,NULL,'10-15',8,NULL,NULL,NULL,NULL,NULL,NULL,NULL,NULL,NULL,8,4,11,NULL,NULL,NULL,NULL);
INSERT INTO Espèces (Espèce,Famille,Catégories,Rendement,Niveau,Densité,Dose_semis,Nb_graines_g,FG,T_germ,Levée,Irrig,Conservation,A_planifier,Vivace,Besoins,S_taille,Effet,Usages,Obj_annuel,N,P,K,Date_inv,Inventaire,Prix_kg,Notes) VALUES ('Sarriette','Lamiaceae','🌺',NULL,'Moyen',8,NULL,NULL,NULL,'18',NULL,NULL,NULL,NULL,NULL,NULL,NULL,'Répulsif. Mélifère.',NULL,NULL,NULL,NULL,NULL,NULL,NULL,NULL,NULL);
INSERT INTO Espèces (Espèce,Famille,Catégories,Rendement,Niveau,Densité,Dose_semis,Nb_graines_g,FG,T_germ,Levée,Irrig,Conservation,A_planifier,Vivace,Besoins,S_taille,Effet,Usages,Obj_annuel,N,P,K,Date_inv,Inventaire,Prix_kg,Notes) VALUES ('Sauge','Lamiaceae','🍎 🐝',NULL,NULL,NULL,NULL,NULL,NULL,NULL,NULL,NULL,NULL,NULL,'x','Expo ensoleillèe',NULL,'Allélopathique fort',NULL,NULL,NULL,NULL,NULL,NULL,NULL,NULL,NULL);
INSERT INTO Espèces (Espèce,Famille,Catégories,Rendement,Niveau,Densité,Dose_semis,Nb_graines_g,FG,T_germ,Levée,Irrig,Conservation,A_planifier,Vivace,Besoins,S_taille,Effet,Usages,Obj_annuel,N,P,K,Date_inv,Inventaire,Prix_kg,Notes) VALUES ('Sorgho','Poaceae','🟩 🌽',0.6,'Moyen',NULL,4.5,27,NULL,'20-30',8,NULL,NULL,NULL,NULL,NULL,NULL,NULL,NULL,NULL,14,6,15,NULL,NULL,NULL,NULL);
INSERT INTO Espèces (Espèce,Famille,Catégories,Rendement,Niveau,Densité,Dose_semis,Nb_graines_g,FG,T_germ,Levée,Irrig,Conservation,A_planifier,Vivace,Besoins,S_taille,Effet,Usages,Obj_annuel,N,P,K,Date_inv,Inventaire,Prix_kg,Notes) VALUES ('Souci','Asteraceae','🌼 🌺',NULL,'Facile',8.5,NULL,NULL,NULL,NULL,NULL,NULL,NULL,NULL,NULL,NULL,NULL,NULL,NULL,NULL,10,8,10,NULL,NULL,NULL,NULL);
INSERT INTO Espèces (Espèce,Famille,Catégories,Rendement,Niveau,Densité,Dose_semis,Nb_graines_g,FG,T_germ,Levée,Irrig,Conservation,A_planifier,Vivace,Besoins,S_taille,Effet,Usages,Obj_annuel,N,P,K,Date_inv,Inventaire,Prix_kg,Notes) VALUES ('Sureau',NULL,'🍎 🐝',NULL,NULL,NULL,NULL,NULL,NULL,NULL,NULL,NULL,NULL,NULL,'x','Sol profond, riche en azote et en MO, un peu humide, fertile.',NULL,NULL,NULL,NULL,NULL,NULL,NULL,NULL,NULL,NULL,NULL);
INSERT INTO Espèces (Espèce,Famille,Catégories,Rendement,Niveau,Densité,Dose_semis,Nb_graines_g,FG,T_germ,Levée,Irrig,Conservation,A_planifier,Vivace,Besoins,S_taille,Effet,Usages,Obj_annuel,N,P,K,Date_inv,Inventaire,Prix_kg,Notes) VALUES ('Tagètes','Asteraceae',NULL,NULL,'Facile',16,NULL,NULL,NULL,NULL,NULL,NULL,NULL,NULL,NULL,'Œillet d’Inde',NULL,'Hôte d''insectes auxiliaires, nématicide, répulsif.',NULL,NULL,NULL,NULL,NULL,NULL,NULL,NULL,NULL);
INSERT INTO Espèces (Espèce,Famille,Catégories,Rendement,Niveau,Densité,Dose_semis,Nb_graines_g,FG,T_germ,Levée,Irrig,Conservation,A_planifier,Vivace,Besoins,S_taille,Effet,Usages,Obj_annuel,N,P,K,Date_inv,Inventaire,Prix_kg,Notes) VALUES ('Thym','Lamiaceae','🌺',NULL,NULL,NULL,NULL,NULL,NULL,NULL,NULL,NULL,NULL,NULL,'x','- Expo ensoleillèe'||x'0a'||'- Sol bien drainé',NULL,'Hôte d''insectes auxiliaires, répulsif.',NULL,NULL,NULL,NULL,NULL,NULL,NULL,NULL,NULL);
INSERT INTO Espèces (Espèce,Famille,Catégories,Rendement,Niveau,Densité,Dose_semis,Nb_graines_g,FG,T_germ,Levée,Irrig,Conservation,A_planifier,Vivace,Besoins,S_taille,Effet,Usages,Obj_annuel,N,P,K,Date_inv,Inventaire,Prix_kg,Notes) VALUES ('Tilleul','Malvaceae','🌳 🐝',NULL,NULL,NULL,NULL,NULL,NULL,NULL,NULL,NULL,NULL,NULL,'x',NULL,NULL,NULL,NULL,NULL,NULL,NULL,NULL,NULL,NULL,NULL,NULL);
INSERT INTO Espèces (Espèce,Famille,Catégories,Rendement,Niveau,Densité,Dose_semis,Nb_graines_g,FG,T_germ,Levée,Irrig,Conservation,A_planifier,Vivace,Besoins,S_taille,Effet,Usages,Obj_annuel,N,P,K,Date_inv,Inventaire,Prix_kg,Notes) VALUES ('Tomate','Solanaceae','🍆',8,'Moyen',2.7,0.03,350,4,'16-30',7,NULL,NULL,'x',NULL,NULL,NULL,'Allélopathique fort, répulsif.',NULL,NULL,17,8,24,NULL,NULL,NULL,NULL);
INSERT INTO Espèces (Espèce,Famille,Catégories,Rendement,Niveau,Densité,Dose_semis,Nb_graines_g,FG,T_germ,Levée,Irrig,Conservation,A_planifier,Vivace,Besoins,S_taille,Effet,Usages,Obj_annuel,N,P,K,Date_inv,Inventaire,Prix_kg,Notes) VALUES ('Topinambour','Asteraceae','🥕',1,'Facile',3.3,NULL,NULL,NULL,NULL,NULL,NULL,NULL,NULL,'x',NULL,NULL,NULL,NULL,NULL,10,5,16,NULL,NULL,NULL,NULL);
INSERT INTO Espèces (Espèce,Famille,Catégories,Rendement,Niveau,Densité,Dose_semis,Nb_graines_g,FG,T_germ,Levée,Irrig,Conservation,A_planifier,Vivace,Besoins,S_taille,Effet,Usages,Obj_annuel,N,P,K,Date_inv,Inventaire,Prix_kg,Notes) VALUES ('Tournesol','Apiaceae','🟩 🌽 🐝',1,'Facile',8,NULL,50,7,NULL,NULL,NULL,NULL,'x',NULL,NULL,NULL,'Allélopathique fort',NULL,NULL,10,8,15,NULL,NULL,NULL,NULL);
INSERT INTO Espèces (Espèce,Famille,Catégories,Rendement,Niveau,Densité,Dose_semis,Nb_graines_g,FG,T_germ,Levée,Irrig,Conservation,A_planifier,Vivace,Besoins,S_taille,Effet,Usages,Obj_annuel,N,P,K,Date_inv,Inventaire,Prix_kg,Notes) VALUES ('Trèfle blanc','Fabaceae','🟩',NULL,'Moyen',NULL,1,50,NULL,'5-10',8,NULL,NULL,NULL,NULL,NULL,NULL,NULL,NULL,NULL,5,4,8,NULL,NULL,NULL,NULL);
INSERT INTO Espèces (Espèce,Famille,Catégories,Rendement,Niveau,Densité,Dose_semis,Nb_graines_g,FG,T_germ,Levée,Irrig,Conservation,A_planifier,Vivace,Besoins,S_taille,Effet,Usages,Obj_annuel,N,P,K,Date_inv,Inventaire,Prix_kg,Notes) VALUES ('Trèfle violet','Fabaceae','🟩',NULL,'Moyen',NULL,2,40,NULL,'5-10',8,NULL,NULL,NULL,NULL,NULL,NULL,NULL,NULL,NULL,5,4,8,NULL,NULL,NULL,NULL);
INSERT INTO Espèces (Espèce,Famille,Catégories,Rendement,Niveau,Densité,Dose_semis,Nb_graines_g,FG,T_germ,Levée,Irrig,Conservation,A_planifier,Vivace,Besoins,S_taille,Effet,Usages,Obj_annuel,N,P,K,Date_inv,Inventaire,Prix_kg,Notes) VALUES ('Vesce','Fabaceae','🟩',0.4,'Moyen',NULL,12,45,NULL,'5-10',8,NULL,NULL,NULL,NULL,NULL,NULL,NULL,NULL,NULL,5,4,8,NULL,NULL,NULL,NULL);
INSERT INTO Espèces (Espèce,Famille,Catégories,Rendement,Niveau,Densité,Dose_semis,Nb_graines_g,FG,T_germ,Levée,Irrig,Conservation,A_planifier,Vivace,Besoins,S_taille,Effet,Usages,Obj_annuel,N,P,K,Date_inv,Inventaire,Prix_kg,Notes) VALUES ('Vigne',NULL,'🍎',NULL,NULL,NULL,NULL,NULL,NULL,NULL,NULL,NULL,NULL,NULL,'x','Expo ensoleillèe',NULL,NULL,NULL,NULL,NULL,NULL,NULL,NULL,NULL,NULL,NULL);

INSERT INTO Familles (Famille,Intervalle,Effet,Notes) VALUES ('Actinidiaceae',NULL,NULL,'Kiwi');
INSERT INTO Familles (Famille,Intervalle,Effet,Notes) VALUES ('Alliaceae',4,'Insecticide et fongicide','Ail, ciboulette, oignon, poireau '||x'0a0a'||'Sensibles à la pourriture blanche. '||x'0a0a'||'Plantes herbacées vivaces, le plus souvent à bulbe, rarement rhizomateuses. Feuilles simples, fleurs régulières. Le fruit est une capsule. Les graines sont albuminées. '||x'0a0a'||'Régions tempérées chaudes et subtropicales. '||x'0a0a'||'Wikipedia');
INSERT INTO Familles (Famille,Intervalle,Effet,Notes) VALUES ('Amaranthaceae',3,NULL,'Amarante, betterave, chénopodes, épinard, poirée (ou bette) '||x'0a0a'||'Maladies racinaires comme le rhizoctone. '||x'0a0a'||'Plantes herbacées.');
INSERT INTO Familles (Famille,Intervalle,Effet,Notes) VALUES ('Apiaceae',4,'Allélopathique fort, répulsif, hôte d''insectes auxiliaires.','Carotte, Céleri, Coriandre, Cumin, Fenouil, Panais, Persil '||x'0a0a'||'Risques de maladies fongiques du sol. '||x'0a0a'||'Tige creuse et dotée de canaux sécréteurs de résines et d''essences odorantes. Feuilles alternes, composées, pennées, au pétiole engainant au niveau des nœuds. Leur inflorescence est généralement une ombelle. Fruits secs doubles. '||x'0a0a'||'Régions tempérées. '||x'0a0a'||'Wikipedia');
INSERT INTO Familles (Famille,Intervalle,Effet,Notes) VALUES ('Asparagaceae',4,NULL,'Asperge');
INSERT INTO Familles (Famille,Intervalle,Effet,Notes) VALUES ('Asteraceae',3,'Allélopathique fort, hôte d''insectes auxiliaires.','Artichaut, chicorée, laitue, tournesol '||x'0a0a'||'Risques de sclérotiniose. '||x'0a0a'||'Tige herbacée généralement dressée. Feuilles sans stipules, souvent simples. Fleurs minuscules, réunies en inflorescences appelées capitules. '||x'0a0a'||'Principalement dans les régions tempérées. '||x'0a0a'||'Wikipedia');
INSERT INTO Familles (Famille,Intervalle,Effet,Notes) VALUES ('Boraginaceae',4,NULL,'Buglosse, bourrache, myosotis, vipérine'||x'0a0a'||'Plantes dicotylédones à feuilles très velues, productrice d''huiles essentielles.'||x'0a0a'||'Wikipedia');
INSERT INTO Familles (Famille,Intervalle,Effet,Notes) VALUES ('Brassicaceae',3,'Insecticide et répulsif.','Choux, colza, cresson, moutarde, navet, raifort '||x'0a0a'||'Risques d’hernie du chou, altises. '||x'0a0a'||'Plantes herbacées. Iinflorescence généralement en grappe simple. '||x'0a0a'||'Surtout présentes dans l''hémisphère nord. '||x'0a0a'||'Wikipedia');
INSERT INTO Familles (Famille,Intervalle,Effet,Notes) VALUES ('Cannabaceae',NULL,NULL,'Cannabis, houblon');
INSERT INTO Familles (Famille,Intervalle,Effet,Notes) VALUES ('Convolvulaceae',4,NULL,'Liserons, patate douce '||x'0a0a'||'Sensible aux maladies fongiques (fusariose, pourriture noire) et aux nématodes à galles (Meloidogyne spp.). '||x'0a0a'||'Racine pivotante, ramifiée, charnue. Tiges dressées ou prostrées, cylindriques, ramifiées. Feuilles alternes, pétiolées, sans stipules. Exsudent souvent un latex blanc. Fleurs généralement grandes et très colorées. '||x'0a0a'||'Régions tropicales et subtropicales '||x'0a0a'||'Wikipedia');
INSERT INTO Familles (Famille,Intervalle,Effet,Notes) VALUES ('Couverts végétaux',0,NULL,NULL);
INSERT INTO Familles (Famille,Intervalle,Effet,Notes) VALUES ('Cucurbitaceae',3,NULL,'Concombre, courges, courgettes, melon '||x'0a0a'||'Problèmes de fusariose et d’oïdium. '||x'0a0a'||'Généralement des plantes herbacées, à port rampant ou grimpant. Feuilles alternes sans stipule. Grandes fleurs. Le fruit est en général une baie. '||x'0a0a'||'Wikipedia');
INSERT INTO Familles (Famille,Intervalle,Effet,Notes) VALUES ('Ebenaceae',NULL,NULL,'Plaqueminier, ébène.'||x'0a0a'||'Arbres et arbustes.'||x'0a0a'||'Principalement des régions tropicales.'||x'0a0a'||'Wikipedia');
INSERT INTO Familles (Famille,Intervalle,Effet,Notes) VALUES ('Euphorbiaceae',5,NULL,'Manioc, ricin '||x'0a0a'||'Sensible à la bactériose vasculaire, risque de  nématodes et de cochenilles farineuses. '||x'0a0a'||'Plantes à fleurs dicotylédones. '||x'0a0a'||'Wikipedia');
INSERT INTO Familles (Famille,Intervalle,Effet,Notes) VALUES ('Fabaceae',3,'Apport azote, hôte d''insectes auxiliaires.','Arachide, fèves, haricots, lentilles, luzerne, pois chiche, soja, trèfle '||x'0a0a'||'Sensibles aux nématodes. '||x'0a0a'||'Activité symbiotique de fixation de l''azote atmosphérique grâce à des bactéries. '||x'0a0a'||'Wikipédia');
INSERT INTO Familles (Famille,Intervalle,Effet,Notes) VALUES ('Grossulariaceae',NULL,NULL,'Groseilliers, cassissier'||x'0a0a'||'Arbustes dicotylédones.'||x'0a0a'||'Zones froides à subtropicales.'||x'0a0a'||'Wikipedia');
INSERT INTO Familles (Famille,Intervalle,Effet,Notes) VALUES ('Hydrophyllaceae',3,NULL,'Phacélie');
INSERT INTO Familles (Famille,Intervalle,Effet,Notes) VALUES ('Juglandaceae',NULL,NULL,'Noyer, pacanier');
INSERT INTO Familles (Famille,Intervalle,Effet,Notes) VALUES ('Lamiaceae',3,'Allélopathique fort, insecticide, hôte d''insectes auxiliaires.','Basilic, mélisse, menthe, romarin, sauge, serpolet, thym '||x'0a0a'||'Sensibles à  la fusariose, l’oïdium et la verticilliose. '||x'0a0a'||'Producteurs d''huiles essentielles, souvent mellifères. '||x'0a0a'||'Wikipedia');
INSERT INTO Familles (Famille,Intervalle,Effet,Notes) VALUES ('Lythraceae',NULL,NULL,'Grenadier, salicaire, châtaigne d''eau'||x'0a0a'||'Arbres ou herbes vivaces ou annuelles, à fleurs dicotylédones, certaines aquatiques. '||x'0a0a'||'Wikipedia');
INSERT INTO Familles (Famille,Intervalle,Effet,Notes) VALUES ('Malvaceae',NULL,NULL,'Hibiscus, tilleul, rose trémière, guimauve, baobab.'||x'0a0a'||'Principalement régions tropicales d''Amérique du Sud, minoritairement régions tempérées (Méditerranée).'||x'0a0a'||'Wikipedia');
INSERT INTO Familles (Famille,Intervalle,Effet,Notes) VALUES ('Moraceae',NULL,NULL,'Figuier, Mûrier platane ...');
INSERT INTO Familles (Famille,Intervalle,Effet,Notes) VALUES ('Myrtaceae',NULL,NULL,'Eucalyptus, Feijoa, giroflier'||x'0a0a'||'Arbres ou arbustes, à fleurs dicotylédones, souvent des producteurs d''huiles aromatiques.'||x'0a0a'||'Zones tempérées, subtropicales à tropicales.'||x'0a0a'||'Wikipedia');
INSERT INTO Familles (Famille,Intervalle,Effet,Notes) VALUES ('Oleaceae',NULL,NULL,'Lilas, jasmin, forsythia, frêne, troène, olivier '||x'0a0a'||'Plantes dicotylédones à fleurs tétramères.'||x'0a0a'||'Wikipedia');
INSERT INTO Familles (Famille,Intervalle,Effet,Notes) VALUES ('Poaceae',4,'Engrais et hôte d''insectes auxiliaires.','Blé, maïs, riz '||x'0a0a'||'Plantes herbacées à tiges cylindriques aux entrenœuds creux. Feuilles alternes dont la gaine enveloppe la tige. Inflorescence élémentaire en épillets, fleurs réduites aux organes sexuels. '||x'0a0a'||'Wikipedia');
INSERT INTO Familles (Famille,Intervalle,Effet,Notes) VALUES ('Polygonaceae',4,NULL,'Oseille, rhubarbe, sarrasin'||x'0a0a'||'Sensible à certaines rouilles et fusarioses.'||x'0a0a'||'Plantes herbacées, le plus souvent vivaces. Racines fibreuses qui  forment des racines secondaires latérales qui colonisent l''espace disponible. Feuilles simples généralement alternes.  Riches en acide oxalique (toxiques en grande quantité).'||x'0a0a'||'Régions de l''hémisphère nord.'||x'0a0a'||'Wikipedia');
INSERT INTO Familles (Famille,Intervalle,Effet,Notes) VALUES ('Rosaceae',NULL,NULL,'Abricotier, amandier, aubépine, cerisier, cognacier, cynorrhodon, fraisier, framboisier, mûrier, nèflier, pêcher, plaquebière, poirier, pommier, potentille, prunier, prunelier, ronce');
INSERT INTO Familles (Famille,Intervalle,Effet,Notes) VALUES ('Rutaceae',NULL,NULL,'Agrumes'||x'0a0a'||'Plantes productrices d''huiles essentielles.'||x'0a0a'||'Régions tempérées à tropicales'||x'0a0a'||'Wikipedia');
INSERT INTO Familles (Famille,Intervalle,Effet,Notes) VALUES ('Solanaceae',4,'Apauvri le sol','Aubergine, piment, pomme de terre, tomate '||x'0a0a'||'Feuilles généralement alternes. 5 pétales soudés entre eux à des hauteurs variables. Fruit charnu ou sec. Graines habituellement oléagineuses. '||x'0a0a'||'Wikipedia');
INSERT INTO Familles (Famille,Intervalle,Effet,Notes) VALUES ('Tropaeolaceae',4,NULL,'Capucine'||x'0a0a'||'Plantes dicotylédones, herbacées annuelles ou pérennes.');
INSERT INTO Familles (Famille,Intervalle,Effet,Notes) VALUES ('Valerianaceae',3,NULL,'Mâche, valériane '||x'0a0a'||'Sensible au mildiou (Peronospora valerianellae), à la sclérotiniose. Rique de de fonte des semis (Pythium, Rhizoctonia).');

INSERT INTO Fertilisants (Fertilisant,Type,Fonction,Utilisation,pH,N,N_coef,P,P_coef,K,K_coef,Ca,Ca_coef,Fe,Fe_coef,Mg,Mg_coef,Na,Na_coef,S,S_coef,Si,Si_coef,Date_inv,Inventaire,Prix_kg,Notes) VALUES ('Algues marines','Amendement','Oligo-éléments, stimule croissance et résistance',NULL,7.8,1.3,50,0.3,35,2.3,75,1.5,55,0.08,20,0.75,55,1.5,75,0.35,70,0.35,20,NULL,NULL,NULL,NULL);
INSERT INTO Fertilisants (Fertilisant,Type,Fonction,Utilisation,pH,N,N_coef,P,P_coef,K,K_coef,Ca,Ca_coef,Fe,Fe_coef,Mg,Mg_coef,Na,Na_coef,S,S_coef,Si,Si_coef,Date_inv,Inventaire,Prix_kg,Notes) VALUES ('Broyat de bois','Couvert','Structurant, aère et nourrit les micro-organismes lignivores',NULL,6,0.3,15,0.08,15,0.55,45,0.35,15,0.05,10,0.15,20,0.08,15,0.08,20,0.08,10,NULL,NULL,NULL,NULL);
INSERT INTO Fertilisants (Fertilisant,Type,Fonction,Utilisation,pH,N,N_coef,P,P_coef,K,K_coef,Ca,Ca_coef,Fe,Fe_coef,Mg,Mg_coef,Na,Na_coef,S,S_coef,Si,Si_coef,Date_inv,Inventaire,Prix_kg,Notes) VALUES ('Broyat de chanvre','Couvert','Structurant azoté, bonne source de K et MO',NULL,6.4,1.2,40,0.3,25,1.3,60,0.75,40,0.08,10,0.35,40,0.08,50,0.15,50,0.1,10,NULL,NULL,NULL,NULL);
INSERT INTO Fertilisants (Fertilisant,Type,Fonction,Utilisation,pH,N,N_coef,P,P_coef,K,K_coef,Ca,Ca_coef,Fe,Fe_coef,Mg,Mg_coef,Na,Na_coef,S,S_coef,Si,Si_coef,Date_inv,Inventaire,Prix_kg,Notes) VALUES ('Cendre de bois','Amendement','Alcalinisant potassique, hausse du pH, apport de K, Ca et oligos',NULL,10.8,0,0,2,35,5.5,85,22.5,65,0.55,25,2.3,65,0.3,65,0.63,70,3.6,20,NULL,NULL,NULL,NULL);
INSERT INTO Fertilisants (Fertilisant,Type,Fonction,Utilisation,pH,N,N_coef,P,P_coef,K,K_coef,Ca,Ca_coef,Fe,Fe_coef,Mg,Mg_coef,Na,Na_coef,S,S_coef,Si,Si_coef,Date_inv,Inventaire,Prix_kg,Notes) VALUES ('Compost de champignons','Amendement','Résidu organique enrichi, apport de MO et Ca, structure',NULL,6.8,0.9,50,0.45,40,0.68,60,2.3,50,0.1,15,0.45,50,0.15,55,0.25,60,0.1,10,NULL,NULL,NULL,NULL);
INSERT INTO Fertilisants (Fertilisant,Type,Fonction,Utilisation,pH,N,N_coef,P,P_coef,K,K_coef,Ca,Ca_coef,Fe,Fe_coef,Mg,Mg_coef,Na,Na_coef,S,S_coef,Si,Si_coef,Date_inv,Inventaire,Prix_kg,Notes) VALUES ('Compost de déchets verts demi-mûr','Amendement','Stimule la vie du sol, MO, structure, nutriments pas encore disponibles',NULL,6.9,0.78,40,0.35,25,0.78,65,2,40,0.18,15,0.38,35,0.1,55,0.25,60,0.13,10,NULL,NULL,NULL,NULL);
INSERT INTO Fertilisants (Fertilisant,Type,Fonction,Utilisation,pH,N,N_coef,P,P_coef,K,K_coef,Ca,Ca_coef,Fe,Fe_coef,Mg,Mg_coef,Na,Na_coef,S,S_coef,Si,Si_coef,Date_inv,Inventaire,Prix_kg,Notes) VALUES ('Compost de déchets verts mûr','Amendement','Apport de MO stable, structuration',NULL,7.5,1,35,0.43,25,0.75,65,2.3,40,0.2,20,0.53,35,0.1,55,0.3,60,0.15,10,NULL,NULL,NULL,NULL);
INSERT INTO Fertilisants (Fertilisant,Type,Fonction,Utilisation,pH,N,N_coef,P,P_coef,K,K_coef,Ca,Ca_coef,Fe,Fe_coef,Mg,Mg_coef,Na,Na_coef,S,S_coef,Si,Si_coef,Date_inv,Inventaire,Prix_kg,Notes) VALUES ('Copeaux de corne','Engrais','Azote lent',NULL,6.9,12.5,60,0.5,20,0.25,40,0.6,40,0.06,10,0.1,20,0.06,45,0.1,20,0.06,10,NULL,NULL,NULL,NULL);
INSERT INTO Fertilisants (Fertilisant,Type,Fonction,Utilisation,pH,N,N_coef,P,P_coef,K,K_coef,Ca,Ca_coef,Fe,Fe_coef,Mg,Mg_coef,Na,Na_coef,S,S_coef,Si,Si_coef,Date_inv,Inventaire,Prix_kg,Notes) VALUES ('Crottin d’ânes','Amendement','Amendement équilibré à décomposition modérée',NULL,7.3,0.68,50,0.35,30,0.68,70,2.8,45,0.15,20,0.53,45,0.1,60,0.3,65,0.1,15,NULL,NULL,NULL,NULL);
INSERT INTO Fertilisants (Fertilisant,Type,Fonction,Utilisation,pH,N,N_coef,P,P_coef,K,K_coef,Ca,Ca_coef,Fe,Fe_coef,Mg,Mg_coef,Na,Na_coef,S,S_coef,Si,Si_coef,Date_inv,Inventaire,Prix_kg,Notes) VALUES ('Farine de poisson','Engrais','Organique complet, riche en NPK, action moyennement rapide',NULL,6.5,10,70,6,65,0.5,55,4.5,50,0.13,25,0.55,55,0.4,60,0.45,70,0.08,10,NULL,NULL,NULL,NULL);
INSERT INTO Fertilisants (Fertilisant,Type,Fonction,Utilisation,pH,N,N_coef,P,P_coef,K,K_coef,Ca,Ca_coef,Fe,Fe_coef,Mg,Mg_coef,Na,Na_coef,S,S_coef,Si,Si_coef,Date_inv,Inventaire,Prix_kg,Notes) VALUES ('Farine de sang','Engrais','Apport d’azote soluble, action rapide',NULL,7,12.5,80,1,30,0.55,55,0.35,45,0.26,35,0.1,25,0.26,50,0.3,65,0.05,5,NULL,NULL,NULL,NULL);
INSERT INTO Fertilisants (Fertilisant,Type,Fonction,Utilisation,pH,N,N_coef,P,P_coef,K,K_coef,Ca,Ca_coef,Fe,Fe_coef,Mg,Mg_coef,Na,Na_coef,S,S_coef,Si,Si_coef,Date_inv,Inventaire,Prix_kg,Notes) VALUES ('Farine d’os','Engrais','Apport durable de P et Ca',NULL,6.9,3,30,15,60,0.35,45,24.5,60,0.06,15,0.55,30,0.06,50,0.25,30,0.08,10,NULL,NULL,NULL,NULL);
INSERT INTO Fertilisants (Fertilisant,Type,Fonction,Utilisation,pH,N,N_coef,P,P_coef,K,K_coef,Ca,Ca_coef,Fe,Fe_coef,Mg,Mg_coef,Na,Na_coef,S,S_coef,Si,Si_coef,Date_inv,Inventaire,Prix_kg,Notes) VALUES ('Fiente de poules séchées','Engrais','Organique concentré, apport direct de NPK, action rapide',NULL,7,4.5,65,3.3,35,2.3,85,5,65,0.2,20,0.63,60,0.2,60,0.58,70,0.1,15,NULL,NULL,NULL,NULL);
INSERT INTO Fertilisants (Fertilisant,Type,Fonction,Utilisation,pH,N,N_coef,P,P_coef,K,K_coef,Ca,Ca_coef,Fe,Fe_coef,Mg,Mg_coef,Na,Na_coef,S,S_coef,Si,Si_coef,Date_inv,Inventaire,Prix_kg,Notes) VALUES ('Foin','Couvert','Biomasse carbonée, alimentation du sol et protection contre l’érosion',NULL,6.4,1,35,0.25,15,1.3,60,1,30,0.1,15,0.48,30,0.1,55,0.2,55,0.1,10,NULL,NULL,NULL,NULL);
INSERT INTO Fertilisants (Fertilisant,Type,Fonction,Utilisation,pH,N,N_coef,P,P_coef,K,K_coef,Ca,Ca_coef,Fe,Fe_coef,Mg,Mg_coef,Na,Na_coef,S,S_coef,Si,Si_coef,Date_inv,Inventaire,Prix_kg,Notes) VALUES ('Fumier de cheval','Amendement','Fertilisant organique fibreux, structuration du sol, fertilisation lente',NULL,7.2,0.68,45,0.35,30,0.63,65,2.3,45,0.1,15,0.53,45,0.1,55,0.25,60,0.08,10,NULL,NULL,NULL,NULL);
INSERT INTO Fertilisants (Fertilisant,Type,Fonction,Utilisation,pH,N,N_coef,P,P_coef,K,K_coef,Ca,Ca_coef,Fe,Fe_coef,Mg,Mg_coef,Na,Na_coef,S,S_coef,Si,Si_coef,Date_inv,Inventaire,Prix_kg,Notes) VALUES ('Fumier de lapin','Amendement','Fertilisant organique très riche, utilisable frais',NULL,6.9,2.1,65,1.1,60,1.1,70,3.3,55,0.15,20,0.58,55,0.1,60,0.35,65,0.1,10,NULL,NULL,NULL,NULL);
INSERT INTO Fertilisants (Fertilisant,Type,Fonction,Utilisation,pH,N,N_coef,P,P_coef,K,K_coef,Ca,Ca_coef,Fe,Fe_coef,Mg,Mg_coef,Na,Na_coef,S,S_coef,Si,Si_coef,Date_inv,Inventaire,Prix_kg,Notes) VALUES ('Fumier de mouton','Amendement','Fertilisant organique riche en NPK, chauffe bien',NULL,7.2,1.3,60,0.63,35,1.3,75,2.8,50,0.15,20,0.58,50,0.15,60,0.3,65,0.1,10,NULL,NULL,NULL,NULL);
INSERT INTO Fertilisants (Fertilisant,Type,Fonction,Utilisation,pH,N,N_coef,P,P_coef,K,K_coef,Ca,Ca_coef,Fe,Fe_coef,Mg,Mg_coef,Na,Na_coef,S,S_coef,Si,Si_coef,Date_inv,Inventaire,Prix_kg,Notes) VALUES ('Fumier de poules','Amendement','Fertilisant organique NPK + MO, forte activité microbienne',NULL,7.3,1.5,55,1.3,35,0.95,75,4.5,50,0.25,20,0.58,50,0.2,60,0.45,70,0.1,15,NULL,NULL,NULL,NULL);
INSERT INTO Fertilisants (Fertilisant,Type,Fonction,Utilisation,pH,N,N_coef,P,P_coef,K,K_coef,Ca,Ca_coef,Fe,Fe_coef,Mg,Mg_coef,Na,Na_coef,S,S_coef,Si,Si_coef,Date_inv,Inventaire,Prix_kg,Notes) VALUES ('Fumier de vache','Amendement','Fertilisant organique, apport de MO, effet structurant',NULL,7,0.68,45,0.4,30,0.63,70,3.3,45,0.15,20,0.53,45,0.1,60,0.3,65,0.1,15,NULL,NULL,NULL,NULL);
INSERT INTO Fertilisants (Fertilisant,Type,Fonction,Utilisation,pH,N,N_coef,P,P_coef,K,K_coef,Ca,Ca_coef,Fe,Fe_coef,Mg,Mg_coef,Na,Na_coef,S,S_coef,Si,Si_coef,Date_inv,Inventaire,Prix_kg,Notes) VALUES ('Guano','Engrais','Fertilisation rapide, riche en P et N',NULL,7,11,75,10.5,70,2,75,5,55,0.3,40,0.85,60,0.35,60,0.55,70,0.1,10,NULL,NULL,NULL,NULL);
INSERT INTO Fertilisants (Fertilisant,Type,Fonction,Utilisation,pH,N,N_coef,P,P_coef,K,K_coef,Ca,Ca_coef,Fe,Fe_coef,Mg,Mg_coef,Na,Na_coef,S,S_coef,Si,Si_coef,Date_inv,Inventaire,Prix_kg,Notes) VALUES ('Lombricompost','Amendement','Compost enrichi en microflore, stimulation biologique, fertilisation douce',NULL,7,1.4,65,0.95,60,1.3,65,2.3,60,0.3,40,0.4,50,0.15,55,0.25,65,0.08,10,NULL,NULL,NULL,NULL);
INSERT INTO Fertilisants (Fertilisant,Type,Fonction,Utilisation,pH,N,N_coef,P,P_coef,K,K_coef,Ca,Ca_coef,Fe,Fe_coef,Mg,Mg_coef,Na,Na_coef,S,S_coef,Si,Si_coef,Date_inv,Inventaire,Prix_kg,Notes) VALUES ('Paille','Couvert','Matière organique carbonée, structuration, alimentation des microbes',NULL,7,0.45,20,0.1,15,0.9,55,0.4,20,0.05,10,0.15,20,0.08,15,0.1,20,0.08,10,NULL,NULL,NULL,NULL);
INSERT INTO Fertilisants (Fertilisant,Type,Fonction,Utilisation,pH,N,N_coef,P,P_coef,K,K_coef,Ca,Ca_coef,Fe,Fe_coef,Mg,Mg_coef,Na,Na_coef,S,S_coef,Si,Si_coef,Date_inv,Inventaire,Prix_kg,Notes) VALUES ('Purin de consoude','Engrais','Biostimulant, apport de K et oligo-éléments',NULL,7,0.9,55,0.43,35,2.4,85,0.85,60,0.08,25,0.43,60,0.06,65,0.2,70,0.4,40,NULL,NULL,NULL,NULL);
INSERT INTO Fertilisants (Fertilisant,Type,Fonction,Utilisation,pH,N,N_coef,P,P_coef,K,K_coef,Ca,Ca_coef,Fe,Fe_coef,Mg,Mg_coef,Na,Na_coef,S,S_coef,Si,Si_coef,Date_inv,Inventaire,Prix_kg,Notes) VALUES ('Purin de pissenlit','Biostimulant','Stimulant racinaire et croissance',NULL,6.5,0.58,50,0.2,30,1.7,80,0.48,50,0.13,25,0.28,50,0.06,65,0.15,70,0.2,20,NULL,NULL,NULL,NULL);
INSERT INTO Fertilisants (Fertilisant,Type,Fonction,Utilisation,pH,N,N_coef,P,P_coef,K,K_coef,Ca,Ca_coef,Fe,Fe_coef,Mg,Mg_coef,Na,Na_coef,S,S_coef,Si,Si_coef,Date_inv,Inventaire,Prix_kg,Notes) VALUES ('Purin de prêle','Biostimulant','Fongistatique siliceux, renforcement des défenses naturelles',NULL,6.5,0.43,45,0.11,25,0.85,80,0.43,45,0.13,25,0.27,50,0.06,65,0.15,70,2.3,20,NULL,NULL,NULL,NULL);
INSERT INTO Fertilisants (Fertilisant,Type,Fonction,Utilisation,pH,N,N_coef,P,P_coef,K,K_coef,Ca,Ca_coef,Fe,Fe_coef,Mg,Mg_coef,Na,Na_coef,S,S_coef,Si,Si_coef,Date_inv,Inventaire,Prix_kg,Notes) VALUES ('Purin d’ortie','Engrais','Biostimulant azoté, stimulation végétative, faible NPK',NULL,6.5,1.1,60,0.39,35,2.3,85,0.8,55,0.13,25,0.39,55,0.06,65,0.2,70,0.15,15,NULL,NULL,NULL,NULL);
INSERT INTO Fertilisants (Fertilisant,Type,Fonction,Utilisation,pH,N,N_coef,P,P_coef,K,K_coef,Ca,Ca_coef,Fe,Fe_coef,Mg,Mg_coef,Na,Na_coef,S,S_coef,Si,Si_coef,Date_inv,Inventaire,Prix_kg,Notes) VALUES ('Tourteau de ricin','Engrais','Organique lent, riche en N, répulsif naturel (nématicide)',NULL,6.4,4.8,60,1.3,30,1.1,65,0.75,45,0.08,15,0.4,50,0.08,50,0.3,65,0.1,10,NULL,NULL,NULL,NULL);
INSERT INTO Fertilisants (Fertilisant,Type,Fonction,Utilisation,pH,N,N_coef,P,P_coef,K,K_coef,Ca,Ca_coef,Fe,Fe_coef,Mg,Mg_coef,Na,Na_coef,S,S_coef,Si,Si_coef,Date_inv,Inventaire,Prix_kg,Notes) VALUES ('Urine stockée','Engrais','Source d’azote minéral rapidement assimilable',NULL,8.9,2.8,85,0.55,45,1.1,90,0.27,65,0.03,25,0.1,70,0.5,75,0.4,75,0.05,5,NULL,NULL,NULL,NULL);

INSERT INTO Fournisseurs (Fournisseur, Type, Priorité, Site_web, Notes) VALUES ('Agrosemens','Semences', NULL, 'https://www.agrosemens.com', 'Bio');
INSERT INTO Fournisseurs (Fournisseur, Type, Priorité, Site_web, Notes) VALUES ('Baumaux', 'Semences', NULL, 'https://www.graines-baumaux.fr', NULL);
INSERT INTO Fournisseurs (Fournisseur, Type, Priorité, Site_web, Notes) VALUES ('Biau germe', 'Semences', NULL, 'https://www.biaugerme.com', 'Bio');
INSERT INTO Fournisseurs (Fournisseur, Type, Priorité, Site_web, Notes) VALUES ('Del Païs', 'Semences', NULL, 'https://grainesdelpais.com', 'Bio');
INSERT INTO Fournisseurs (Fournisseur, Type, Priorité, Site_web, Notes) VALUES ('Essembio', 'Semences', NULL, 'https://essembio.com', 'Bio');
INSERT INTO Fournisseurs (Fournisseur, Type, Priorité, Site_web, Notes) VALUES ('Gautier', 'Semences', NULL, 'https://www.gautiersemences.com', NULL);
INSERT INTO Fournisseurs (Fournisseur, Type, Priorité, Site_web, Notes) VALUES ('Germinance', 'Semences', NULL, 'https://www.germinance.com', 'Bio');
INSERT INTO Fournisseurs (Fournisseur, Type, Priorité, Site_web, Notes) VALUES ('Kokopelli', 'Semences', NULL, 'https://kokopelli-semences.fr', 'Bio');
INSERT INTO Fournisseurs (Fournisseur, Type, Priorité, Site_web, Notes) VALUES ('Pensez Sauvage', 'Semences', NULL, 'https://pensezsauvage.org', 'Bio');
INSERT INTO Fournisseurs (Fournisseur, Type, Priorité, Site_web, Notes) VALUES ('Prosem', 'Semences', NULL, 'https://www.prosem.fr', NULL);
INSERT INTO Fournisseurs (Fournisseur, Type, Priorité, Site_web, Notes) VALUES ('Sativa', 'Semences', NULL, 'https://www.sativa-semencesbio.fr', 'Bio');
INSERT INTO Fournisseurs (Fournisseur, Type, Priorité, Site_web, Notes) VALUES ('Voltz', 'Semences', NULL, 'https://www.graines-voltz.com', NULL);

INSERT INTO ITP (IT_plante,Espèce,Type_planche,S_semis,S_plantation,S_récolte,D_récolte,Décal_max,Espacement,Esp_rangs,Nb_graines_plant,Dose_semis,Notes) VALUES ('Ail plant. automne','Ail',NULL,NULL,42,25,1,9,12,30,NULL,NULL,NULL);
INSERT INTO ITP (IT_plante,Espèce,Type_planche,S_semis,S_plantation,S_récolte,D_récolte,Décal_max,Espacement,Esp_rangs,Nb_graines_plant,Dose_semis,Notes) VALUES ('Ail plant. printemps','Ail',NULL,NULL,7,27,1,7,12,30,NULL,NULL,NULL);
INSERT INTO ITP (IT_plante,Espèce,Type_planche,S_semis,S_plantation,S_récolte,D_récolte,Décal_max,Espacement,Esp_rangs,Nb_graines_plant,Dose_semis,Notes) VALUES ('Aneth','Aneth',NULL,15,NULL,27,10,10,NULL,NULL,NULL,NULL,NULL);
INSERT INTO ITP (IT_plante,Espèce,Type_planche,S_semis,S_plantation,S_récolte,D_récolte,Décal_max,Espacement,Esp_rangs,Nb_graines_plant,Dose_semis,Notes) VALUES ('Aubergine','Aubergine',NULL,7,18,29,4,7,70,60,1,NULL,NULL);
INSERT INTO ITP (IT_plante,Espèce,Type_planche,S_semis,S_plantation,S_récolte,D_récolte,Décal_max,Espacement,Esp_rangs,Nb_graines_plant,Dose_semis,Notes) VALUES ('Basilic','Basilic',NULL,6,15,23,15,10,60,50,1,NULL,NULL);
INSERT INTO ITP (IT_plante,Espèce,Type_planche,S_semis,S_plantation,S_récolte,D_récolte,Décal_max,Espacement,Esp_rangs,Nb_graines_plant,Dose_semis,Notes) VALUES ('Betterave plant. automne','Betterave','Serre',33,38,3,2,11,15,30,3,NULL,'En poquet');
INSERT INTO ITP (IT_plante,Espèce,Type_planche,S_semis,S_plantation,S_récolte,D_récolte,Décal_max,Espacement,Esp_rangs,Nb_graines_plant,Dose_semis,Notes) VALUES ('Betterave plant. printemps','Betterave','Extérieur',10,14,20,12,17,15,30,3,NULL,'En poquet');
INSERT INTO ITP (IT_plante,Espèce,Type_planche,S_semis,S_plantation,S_récolte,D_récolte,Décal_max,Espacement,Esp_rangs,Nb_graines_plant,Dose_semis,Notes) VALUES ('Blette','Blette','Extérieur',23,27,33,22,13,45,35,1,NULL,NULL);
INSERT INTO ITP (IT_plante,Espèce,Type_planche,S_semis,S_plantation,S_récolte,D_récolte,Décal_max,Espacement,Esp_rangs,Nb_graines_plant,Dose_semis,Notes) VALUES ('Bourrache','Bourrache',NULL,10,NULL,48,NULL,25,40,50,2,NULL,'En poquet');
INSERT INTO ITP (IT_plante,Espèce,Type_planche,S_semis,S_plantation,S_récolte,D_récolte,Décal_max,Espacement,Esp_rangs,Nb_graines_plant,Dose_semis,Notes) VALUES ('Capucine','Capucine',NULL,16,NULL,40,NULL,6,40,40,1,NULL,NULL);
INSERT INTO ITP (IT_plante,Espèce,Type_planche,S_semis,S_plantation,S_récolte,D_récolte,Décal_max,Espacement,Esp_rangs,Nb_graines_plant,Dose_semis,Notes) VALUES ('Carotte pleine terre','Carotte','Extérieur',14,NULL,27,5,13,5,25,5,NULL,'Semer 1 graine tous les 1cm puis éclaircir à 5cm.');
INSERT INTO ITP (IT_plante,Espèce,Type_planche,S_semis,S_plantation,S_récolte,D_récolte,Décal_max,Espacement,Esp_rangs,Nb_graines_plant,Dose_semis,Notes) VALUES ('Carotte pleine terre conservation','Carotte','Extérieur',20,NULL,40,17,7,5,25,5,NULL,'Semer 1 graine tous les 1cm puis éclaircir à 5cm.');
INSERT INTO ITP (IT_plante,Espèce,Type_planche,S_semis,S_plantation,S_récolte,D_récolte,Décal_max,Espacement,Esp_rangs,Nb_graines_plant,Dose_semis,Notes) VALUES ('Carotte serre','Carotte','Serre',5,NULL,18,1,9,5,25,5,NULL,'Semer 1 graine tous les 1cm puis éclaircir à 5cm.');
INSERT INTO ITP (IT_plante,Espèce,Type_planche,S_semis,S_plantation,S_récolte,D_récolte,Décal_max,Espacement,Esp_rangs,Nb_graines_plant,Dose_semis,Notes) VALUES ('Carotte serre conservation','Carotte','Serre',40,NULL,14,1,9,5,25,5,NULL,'Semer 1 graine tous les 1cm puis éclaircir à 5cm.');
INSERT INTO ITP (IT_plante,Espèce,Type_planche,S_semis,S_plantation,S_récolte,D_récolte,Décal_max,Espacement,Esp_rangs,Nb_graines_plant,Dose_semis,Notes) VALUES ('Chicorée frisée','Chicorée frisée',NULL,16,NULL,31,4,17,30,40,3,NULL,'En poquet');
INSERT INTO ITP (IT_plante,Espèce,Type_planche,S_semis,S_plantation,S_récolte,D_récolte,Décal_max,Espacement,Esp_rangs,Nb_graines_plant,Dose_semis,Notes) VALUES ('Chicorée sauvage','Chicorée sauvage',NULL,22,NULL,40,10,10,25,35,3,NULL,'En poquet');
INSERT INTO ITP (IT_plante,Espèce,Type_planche,S_semis,S_plantation,S_récolte,D_récolte,Décal_max,Espacement,Esp_rangs,Nb_graines_plant,Dose_semis,Notes) VALUES ('Chou brocoli','Chou brocoli','Extérieur',10,16,23,9,17,60,50,1,NULL,NULL);
INSERT INTO ITP (IT_plante,Espèce,Type_planche,S_semis,S_plantation,S_récolte,D_récolte,Décal_max,Espacement,Esp_rangs,Nb_graines_plant,Dose_semis,Notes) VALUES ('Chou de Bruxelles','Chou de Bruxelles','Extérieur',12,20,36,25,5,50,80,1,NULL,NULL);
INSERT INTO ITP (IT_plante,Espèce,Type_planche,S_semis,S_plantation,S_récolte,D_récolte,Décal_max,Espacement,Esp_rangs,Nb_graines_plant,Dose_semis,Notes) VALUES ('Chou de Chine','Chou de Chine','Extérieur',23,NULL,38,1,10,50,50,15,NULL,'En poquet circulaire (faire une empreinte dans le sol avec un fond de bouteille).');
INSERT INTO ITP (IT_plante,Espèce,Type_planche,S_semis,S_plantation,S_récolte,D_récolte,Décal_max,Espacement,Esp_rangs,Nb_graines_plant,Dose_semis,Notes) VALUES ('Chou frisé','Chou frisé','Extérieur',14,23,35,20,4,70,50,1,NULL,NULL);
INSERT INTO ITP (IT_plante,Espèce,Type_planche,S_semis,S_plantation,S_récolte,D_récolte,Décal_max,Espacement,Esp_rangs,Nb_graines_plant,Dose_semis,Notes) VALUES ('Chou pommé plant. automne','Chou pommé',NULL,33,42,14,8,5,70,50,1,NULL,NULL);
INSERT INTO ITP (IT_plante,Espèce,Type_planche,S_semis,S_plantation,S_récolte,D_récolte,Décal_max,Espacement,Esp_rangs,Nb_graines_plant,Dose_semis,Notes) VALUES ('Chou pommé plant. printemps','Chou pommé',NULL,7,16,27,7,2,50,50,1,NULL,NULL);
INSERT INTO ITP (IT_plante,Espèce,Type_planche,S_semis,S_plantation,S_récolte,D_récolte,Décal_max,Espacement,Esp_rangs,Nb_graines_plant,Dose_semis,Notes) VALUES ('Chou pommé plant. été','Chou pommé',NULL,20,29,49,13,4,70,50,1,NULL,NULL);
INSERT INTO ITP (IT_plante,Espèce,Type_planche,S_semis,S_plantation,S_récolte,D_récolte,Décal_max,Espacement,Esp_rangs,Nb_graines_plant,Dose_semis,Notes) VALUES ('Chou-fleur plant. printemps','Chou-fleur','Extérieur',5,14,27,1,13,60,80,1,NULL,NULL);
INSERT INTO ITP (IT_plante,Espèce,Type_planche,S_semis,S_plantation,S_récolte,D_récolte,Décal_max,Espacement,Esp_rangs,Nb_graines_plant,Dose_semis,Notes) VALUES ('Chou-fleur plant. été','Chou-fleur','Extérieur',16,29,10,10,7,60,80,1,NULL,NULL);
INSERT INTO ITP (IT_plante,Espèce,Type_planche,S_semis,S_plantation,S_récolte,D_récolte,Décal_max,Espacement,Esp_rangs,Nb_graines_plant,Dose_semis,Notes) VALUES ('Chou-rave plant. hiver','Chou-rave','Serre',49,3,16,6,11,20,30,1,NULL,NULL);
INSERT INTO ITP (IT_plante,Espèce,Type_planche,S_semis,S_plantation,S_récolte,D_récolte,Décal_max,Espacement,Esp_rangs,Nb_graines_plant,Dose_semis,Notes) VALUES ('Chou-rave plant. printemps','Chou-rave','Extérieur',10,16,27,1,17,20,30,1,NULL,NULL);
INSERT INTO ITP (IT_plante,Espèce,Type_planche,S_semis,S_plantation,S_récolte,D_récolte,Décal_max,Espacement,Esp_rangs,Nb_graines_plant,Dose_semis,Notes) VALUES ('Chénopode','Chénopode',NULL,14,NULL,22,12,10,NULL,NULL,NULL,NULL,NULL);
INSERT INTO ITP (IT_plante,Espèce,Type_planche,S_semis,S_plantation,S_récolte,D_récolte,Décal_max,Espacement,Esp_rangs,Nb_graines_plant,Dose_semis,Notes) VALUES ('Concombre','Concombre','Serre',10,14,23,10,9,60,120,1,NULL,NULL);
INSERT INTO ITP (IT_plante,Espèce,Type_planche,S_semis,S_plantation,S_récolte,D_récolte,Décal_max,Espacement,Esp_rangs,Nb_graines_plant,Dose_semis,Notes) VALUES ('Cosmos','Cosmos',NULL,16,NULL,38,NULL,5,30,40,1,NULL,NULL);
INSERT INTO ITP (IT_plante,Espèce,Type_planche,S_semis,S_plantation,S_récolte,D_récolte,Décal_max,Espacement,Esp_rangs,Nb_graines_plant,Dose_semis,Notes) VALUES ('Courge','Courge','Extérieur',10,12,36,5,6,100,130,1,NULL,NULL);
INSERT INTO ITP (IT_plante,Espèce,Type_planche,S_semis,S_plantation,S_récolte,D_récolte,Décal_max,Espacement,Esp_rangs,Nb_graines_plant,Dose_semis,Notes) VALUES ('Courgette','Courgette','Extérieur',20,25,27,12,6,100,130,1,NULL,NULL);
INSERT INTO ITP (IT_plante,Espèce,Type_planche,S_semis,S_plantation,S_récolte,D_récolte,Décal_max,Espacement,Esp_rangs,Nb_graines_plant,Dose_semis,Notes) VALUES ('Coriandre','Coriandre',NULL,6,12,18,11,15,15,40,1,NULL,NULL);
INSERT INTO ITP (IT_plante,Espèce,Type_planche,S_semis,S_plantation,S_récolte,D_récolte,Décal_max,Espacement,Esp_rangs,Nb_graines_plant,Dose_semis,Notes) VALUES ('Courgette sous serre','Courgette','Serre',10,12,20,10,6,100,130,1,NULL,NULL);
INSERT INTO ITP (IT_plante,Espèce,Type_planche,S_semis,S_plantation,S_récolte,D_récolte,Décal_max,Espacement,Esp_rangs,Nb_graines_plant,Dose_semis,Notes) VALUES ('Céleri','Céleri','Extérieur',10,20,33,13,7,50,50,1,NULL,NULL);
INSERT INTO ITP (IT_plante,Espèce,Type_planche,S_semis,S_plantation,S_récolte,D_récolte,Décal_max,Espacement,Esp_rangs,Nb_graines_plant,Dose_semis,Notes) VALUES ('EV LD automne commerce','Mélange','Extérieur',36,NULL,NULL,NULL,9,NULL,NULL,NULL,3.33,NULL);
INSERT INTO ITP (IT_plante,Espèce,Type_planche,S_semis,S_plantation,S_récolte,D_récolte,Décal_max,Espacement,Esp_rangs,Nb_graines_plant,Dose_semis,Notes) VALUES ('EV LD printemps Sorgho Trèfle Mélilot Sarrasin','Mélange','Extérieur',16,NULL,52,NULL,7,NULL,NULL,NULL,2.9,'Sorgo 1 g/m² \n\nTrèfle 0.375 g/m² \n\nMélilot 0.5 g/m² \n\nSarrasin 1.25 g/m²');
INSERT INTO ITP (IT_plante,Espèce,Type_planche,S_semis,S_plantation,S_récolte,D_récolte,Décal_max,Espacement,Esp_rangs,Nb_graines_plant,Dose_semis,Notes) VALUES ('EV Ser automne Seigle Vesce Moutarde Phacélie','Mélange','Serre',38,NULL,7,NULL,9,NULL,NULL,NULL,13,'Seigle 8 g/m² \n\nVesce 4 g/m² \n\nMoutarde 0,5 g/m² \n\nPhacélie 0,5 g/m²');
INSERT INTO ITP (IT_plante,Espèce,Type_planche,S_semis,S_plantation,S_récolte,D_récolte,Décal_max,Espacement,Esp_rangs,Nb_graines_plant,Dose_semis,Notes) VALUES ('EV Ser printemps Sorgho Trèfle Mélilot Sarrasin','Mélange','Serre',12,NULL,23,NULL,6,NULL,NULL,NULL,2.9,'Sorgo 1 g/m² \n\nTrèfle 0.375 g/m² \n\nMélilot 0.5 g/m² \n\nSarrasin 1.25 g/m²');
INSERT INTO ITP (IT_plante,Espèce,Type_planche,S_semis,S_plantation,S_récolte,D_récolte,Décal_max,Espacement,Esp_rangs,Nb_graines_plant,Dose_semis,Notes) VALUES ('EV automne Seigle Vesce Moutarde Phacélie','Mélange','Extérieur',33,NULL,7,NULL,9,NULL,NULL,NULL,13,'Seigle 8 g/m² \n\nVesce 4 g/m² \n\nMoutarde 0,5 g/m² \n\nPhacélie 0,5 g/m²');
INSERT INTO ITP (IT_plante,Espèce,Type_planche,S_semis,S_plantation,S_récolte,D_récolte,Décal_max,Espacement,Esp_rangs,Nb_graines_plant,Dose_semis,Notes) VALUES ('EV printemps Sorgho Trèfle Mélilot Sarrasin','Mélange','Extérieur',16,NULL,27,NULL,7,NULL,NULL,NULL,2.9,'Sorgo 1 g/m² \n\nTrèfle 0.375 g/m² \n\nMélilot 0.5 g/m² \n\nSarrasin 1.25 g/m²');
INSERT INTO ITP (IT_plante,Espèce,Type_planche,S_semis,S_plantation,S_récolte,D_récolte,Décal_max,Espacement,Esp_rangs,Nb_graines_plant,Dose_semis,Notes) VALUES ('Echalote','Echalote',NULL,NULL,5,27,2,9,20,25,NULL,NULL,NULL);
INSERT INTO ITP (IT_plante,Espèce,Type_planche,S_semis,S_plantation,S_récolte,D_récolte,Décal_max,Espacement,Esp_rangs,Nb_graines_plant,Dose_semis,Notes) VALUES ('Epinard d''automne','Epinard','Extérieur',33,NULL,42,1,9,8,25,4,NULL,'Semer 1 graine tous les 2cm puis éclaircir à 8cm.');
INSERT INTO ITP (IT_plante,Espèce,Type_planche,S_semis,S_plantation,S_récolte,D_récolte,Décal_max,Espacement,Esp_rangs,Nb_graines_plant,Dose_semis,Notes) VALUES ('Epinard d''été','Epinard','Extérieur',14,NULL,23,4,13,8,25,4,NULL,'Semer 1 graine tous les 2cm puis éclaircir à 8cm.');
INSERT INTO ITP (IT_plante,Espèce,Type_planche,S_semis,S_plantation,S_récolte,D_récolte,Décal_max,Espacement,Esp_rangs,Nb_graines_plant,Dose_semis,Notes) VALUES ('Epinard de printemps','Epinard','Extérieur',7,NULL,16,1,9,8,25,4,NULL,'Semer 1 graine tous les 2cm puis éclaircir à 8cm.');
INSERT INTO ITP (IT_plante,Espèce,Type_planche,S_semis,S_plantation,S_récolte,D_récolte,Décal_max,Espacement,Esp_rangs,Nb_graines_plant,Dose_semis,Notes) VALUES ('Fenouil','Fenouil','Extérieur',29,NULL,45,1,7,20,40,4,NULL,'Semer 1 graine tous les 5cm puis éclaircir à 20cm.');
INSERT INTO ITP (IT_plante,Espèce,Type_planche,S_semis,S_plantation,S_récolte,D_récolte,Décal_max,Espacement,Esp_rangs,Nb_graines_plant,Dose_semis,Notes) VALUES ('Fève','Fève','Extérieur',38,NULL,14,4,9,15,45,1,NULL,NULL);
INSERT INTO ITP (IT_plante,Espèce,Type_planche,S_semis,S_plantation,S_récolte,D_récolte,Décal_max,Espacement,Esp_rangs,Nb_graines_plant,Dose_semis,Notes) VALUES ('Haricot Ext','Haricot mangetout','Extérieur',16,NULL,25,3,17,5,50,1,NULL,NULL);
INSERT INTO ITP (IT_plante,Espèce,Type_planche,S_semis,S_plantation,S_récolte,D_récolte,Décal_max,Espacement,Esp_rangs,Nb_graines_plant,Dose_semis,Notes) VALUES ('Haricot Ser','Haricot mangetout','Serre',10,14,23,13,9,5,50,1,NULL,NULL);
INSERT INTO ITP (IT_plante,Espèce,Type_planche,S_semis,S_plantation,S_récolte,D_récolte,Décal_max,Espacement,Esp_rangs,Nb_graines_plant,Dose_semis,Notes) VALUES ('Haricot Tarbais (maïs)','Haricot à écosser','Extérieur',18,NULL,42,1,5,5,50,1,NULL,NULL);
INSERT INTO ITP (IT_plante,Espèce,Type_planche,S_semis,S_plantation,S_récolte,D_récolte,Décal_max,Espacement,Esp_rangs,Nb_graines_plant,Dose_semis,Notes) VALUES ('Laitue plant. automne ext','Laitue','Extérieur',33,36,14,7,4,30,30,2,NULL,'En poquet');
INSERT INTO ITP (IT_plante,Espèce,Type_planche,S_semis,S_plantation,S_récolte,D_récolte,Décal_max,Espacement,Esp_rangs,Nb_graines_plant,Dose_semis,Notes) VALUES ('Laitue plant. hiver sous serre','Laitue','Serre',40,45,5,1,12,30,30,2,NULL,'En poquet');
INSERT INTO ITP (IT_plante,Espèce,Type_planche,S_semis,S_plantation,S_récolte,D_récolte,Décal_max,Espacement,Esp_rangs,Nb_graines_plant,Dose_semis,Notes) VALUES ('Laitue plant. printemps','Laitue','Extérieur',14,16,25,2,9,30,30,2,NULL,'En poquet');
INSERT INTO ITP (IT_plante,Espèce,Type_planche,S_semis,S_plantation,S_récolte,D_récolte,Décal_max,Espacement,Esp_rangs,Nb_graines_plant,Dose_semis,Notes) VALUES ('Laitue plant. printemps précoce','Laitue','Extérieur',5,10,20,1,8,30,30,2,NULL,'En poquet');
INSERT INTO ITP (IT_plante,Espèce,Type_planche,S_semis,S_plantation,S_récolte,D_récolte,Décal_max,Espacement,Esp_rangs,Nb_graines_plant,Dose_semis,Notes) VALUES ('Laitue plant. été','Laitue','Extérieur',27,31,36,7,2,30,30,2,NULL,'En poquet');
INSERT INTO ITP (IT_plante,Espèce,Type_planche,S_semis,S_plantation,S_récolte,D_récolte,Décal_max,Espacement,Esp_rangs,Nb_graines_plant,Dose_semis,Notes) VALUES ('Maïs','Maïs','Extérieur',16,NULL,36,2,4,25,50,2,NULL,'En poquet');
INSERT INTO ITP (IT_plante,Espèce,Type_planche,S_semis,S_plantation,S_récolte,D_récolte,Décal_max,Espacement,Esp_rangs,Nb_graines_plant,Dose_semis,Notes) VALUES ('Melon','Melon','Extérieur',14,20,31,4,7,100,100,2,NULL,'En poquet');
INSERT INTO ITP (IT_plante,Espèce,Type_planche,S_semis,S_plantation,S_récolte,D_récolte,Décal_max,Espacement,Esp_rangs,Nb_graines_plant,Dose_semis,Notes) VALUES ('Mâche d''automne','Mâche','Extérieur',36,NULL,49,4,13,8,20,1,NULL,NULL);
INSERT INTO ITP (IT_plante,Espèce,Type_planche,S_semis,S_plantation,S_récolte,D_récolte,Décal_max,Espacement,Esp_rangs,Nb_graines_plant,Dose_semis,Notes) VALUES ('Mâche d''hiver','Mâche','Extérieur',49,5,14,1,9,8,20,1,NULL,NULL);
INSERT INTO ITP (IT_plante,Espèce,Type_planche,S_semis,S_plantation,S_récolte,D_récolte,Décal_max,Espacement,Esp_rangs,Nb_graines_plant,Dose_semis,Notes) VALUES ('Mâche d''été','Mâche','Extérieur',23,NULL,36,4,13,8,20,1,NULL,NULL);
INSERT INTO ITP (IT_plante,Espèce,Type_planche,S_semis,S_plantation,S_récolte,D_récolte,Décal_max,Espacement,Esp_rangs,Nb_graines_plant,Dose_semis,Notes) VALUES ('Mâche de printemps','Mâche','Extérieur',10,NULL,23,1,13,8,20,1,NULL,NULL);
INSERT INTO ITP (IT_plante,Espèce,Type_planche,S_semis,S_plantation,S_récolte,D_récolte,Décal_max,Espacement,Esp_rangs,Nb_graines_plant,Dose_semis,Notes) VALUES ('Navet précoce semis printemps','Navet','Extérieur',12,NULL,20,5,6,4,20,4,NULL,'Semer 1 graine tous les cm puis éclaircir à 4cm.');
INSERT INTO ITP (IT_plante,Espèce,Type_planche,S_semis,S_plantation,S_récolte,D_récolte,Décal_max,Espacement,Esp_rangs,Nb_graines_plant,Dose_semis,Notes) VALUES ('Navet semis automne','Navet','Extérieur',29,NULL,38,4,7,4,20,4,NULL,'Semer 1 graine tous les cm puis éclaircir à 4cm.');
INSERT INTO ITP (IT_plante,Espèce,Type_planche,S_semis,S_plantation,S_récolte,D_récolte,Décal_max,Espacement,Esp_rangs,Nb_graines_plant,Dose_semis,Notes) VALUES ('Navet semis printemps','Navet','Extérieur',18,NULL,31,1,11,4,20,4,NULL,'Semer 1 graine tous les cm puis éclaircir à 4cm.');
INSERT INTO ITP (IT_plante,Espèce,Type_planche,S_semis,S_plantation,S_récolte,D_récolte,Décal_max,Espacement,Esp_rangs,Nb_graines_plant,Dose_semis,Notes) VALUES ('Oignon Bulbilles printemps','Oignon','Extérieur',NULL,5,27,1,11,10,20,NULL,NULL,NULL);
INSERT INTO ITP (IT_plante,Espèce,Type_planche,S_semis,S_plantation,S_récolte,D_récolte,Décal_max,Espacement,Esp_rangs,Nb_graines_plant,Dose_semis,Notes) VALUES ('Oignon automne sous serre','Oignon','Serre',36,45,14,4,2,10,20,1,NULL,NULL);
INSERT INTO ITP (IT_plante,Espèce,Type_planche,S_semis,S_plantation,S_récolte,D_récolte,Décal_max,Espacement,Esp_rangs,Nb_graines_plant,Dose_semis,Notes) VALUES ('Oignon hiver sous serre','Oignon','Serre',49,1,10,2,4,10,20,1,NULL,NULL);
INSERT INTO ITP (IT_plante,Espèce,Type_planche,S_semis,S_plantation,S_récolte,D_récolte,Décal_max,Espacement,Esp_rangs,Nb_graines_plant,Dose_semis,Notes) VALUES ('Oignon plant. printemps','Oignon','Extérieur',7,20,33,1,5,10,20,1,NULL,NULL);
INSERT INTO ITP (IT_plante,Espèce,Type_planche,S_semis,S_plantation,S_récolte,D_récolte,Décal_max,Espacement,Esp_rangs,Nb_graines_plant,Dose_semis,Notes) VALUES ('Origan','Origan',NULL,10,18,21,21,4,10,50,NULL,NULL,NULL);
INSERT INTO ITP (IT_plante,Espèce,Type_planche,S_semis,S_plantation,S_récolte,D_récolte,Décal_max,Espacement,Esp_rangs,Nb_graines_plant,Dose_semis,Notes) VALUES ('Panais','Panais','Extérieur',14,NULL,31,9,11,15,30,7.5,NULL,'Semer 1 graine tous les 2cm puis éclaircir à 15cm.');
INSERT INTO ITP (IT_plante,Espèce,Type_planche,S_semis,S_plantation,S_récolte,D_récolte,Décal_max,Espacement,Esp_rangs,Nb_graines_plant,Dose_semis,Notes) VALUES ('Patate douce par bouturage','Patate douce','Extérieur',45,20,42,1,5,40,80,1,NULL,NULL);
INSERT INTO ITP (IT_plante,Espèce,Type_planche,S_semis,S_plantation,S_récolte,D_récolte,Décal_max,Espacement,Esp_rangs,Nb_graines_plant,Dose_semis,Notes) VALUES ('Persil','Persil','Extérieur',10,NULL,18,10,17,8,25,8,NULL,'Semer 1 graine tous les cm puis éclaircir en récoltant');
INSERT INTO ITP (IT_plante,Espèce,Type_planche,S_semis,S_plantation,S_récolte,D_récolte,Décal_max,Espacement,Esp_rangs,Nb_graines_plant,Dose_semis,Notes) VALUES ('Physalis','Physalis','Extérieur',10,18,31,9,7,100,90,1,NULL,NULL);
INSERT INTO ITP (IT_plante,Espèce,Type_planche,S_semis,S_plantation,S_récolte,D_récolte,Décal_max,Espacement,Esp_rangs,Nb_graines_plant,Dose_semis,Notes) VALUES ('Poireau plant. d''automne','Poireau','Extérieur',31,38,16,5,2,12,20,1,NULL,NULL);
INSERT INTO ITP (IT_plante,Espèce,Type_planche,S_semis,S_plantation,S_récolte,D_récolte,Décal_max,Espacement,Esp_rangs,Nb_graines_plant,Dose_semis,Notes) VALUES ('Poireau plant. printemps','Poireau','Extérieur',12,23,40,7,6,12,20,1,NULL,NULL);
INSERT INTO ITP (IT_plante,Espèce,Type_planche,S_semis,S_plantation,S_récolte,D_récolte,Décal_max,Espacement,Esp_rangs,Nb_graines_plant,Dose_semis,Notes) VALUES ('Poireau précoce','Poireau','Extérieur',7,18,29,11,5,12,20,1,NULL,NULL);
INSERT INTO ITP (IT_plante,Espèce,Type_planche,S_semis,S_plantation,S_récolte,D_récolte,Décal_max,Espacement,Esp_rangs,Nb_graines_plant,Dose_semis,Notes) VALUES ('Pois mangetout à rames','Pois mangetout',NULL,5,NULL,20,1,13,4,50,1,NULL,NULL);
INSERT INTO ITP (IT_plante,Espèce,Type_planche,S_semis,S_plantation,S_récolte,D_récolte,Décal_max,Espacement,Esp_rangs,Nb_graines_plant,Dose_semis,Notes) VALUES ('Pois à écosser semis automne','Pois à écosser',NULL,42,NULL,14,2,7,3,50,1,NULL,NULL);
INSERT INTO ITP (IT_plante,Espèce,Type_planche,S_semis,S_plantation,S_récolte,D_récolte,Décal_max,Espacement,Esp_rangs,Nb_graines_plant,Dose_semis,Notes) VALUES ('Pois à écosser semis printemps','Pois à écosser',NULL,7,NULL,22,1,11,3,50,1,NULL,NULL);
INSERT INTO ITP (IT_plante,Espèce,Type_planche,S_semis,S_plantation,S_récolte,D_récolte,Décal_max,Espacement,Esp_rangs,Nb_graines_plant,Dose_semis,Notes) VALUES ('Poivron piment ext','Poivron piment','Extérieur',10,20,33,7,5,60,50,1,NULL,NULL);
INSERT INTO ITP (IT_plante,Espèce,Type_planche,S_semis,S_plantation,S_récolte,D_récolte,Décal_max,Espacement,Esp_rangs,Nb_graines_plant,Dose_semis,Notes) VALUES ('Poivron piment serre','Poivron piment','Serre',7,18,29,11,5,60,50,1,NULL,NULL);
INSERT INTO ITP (IT_plante,Espèce,Type_planche,S_semis,S_plantation,S_récolte,D_récolte,Décal_max,Espacement,Esp_rangs,Nb_graines_plant,Dose_semis,Notes) VALUES ('Pomme de terre hative','Pomme de terre','Extérieur',NULL,10,23,2,6,40,90,NULL,NULL,NULL);
INSERT INTO ITP (IT_plante,Espèce,Type_planche,S_semis,S_plantation,S_récolte,D_récolte,Décal_max,Espacement,Esp_rangs,Nb_graines_plant,Dose_semis,Notes) VALUES ('Pomme de terre tardive','Pomme de terre','Extérieur',NULL,10,27,3,6,40,90,NULL,NULL,NULL);
INSERT INTO ITP (IT_plante,Espèce,Type_planche,S_semis,S_plantation,S_récolte,D_récolte,Décal_max,Espacement,Esp_rangs,Nb_graines_plant,Dose_semis,Notes) VALUES ('Potiron','Potiron','Extérieur',16,20,40,1,7,150,150,3,NULL,'En poquet');
INSERT INTO ITP (IT_plante,Espèce,Type_planche,S_semis,S_plantation,S_récolte,D_récolte,Décal_max,Espacement,Esp_rangs,Nb_graines_plant,Dose_semis,Notes) VALUES ('Radis d''hiver','Radis noir','Extérieur',31,NULL,45,8,11,12,25,2,NULL,'En poquet');
INSERT INTO ITP (IT_plante,Espèce,Type_planche,S_semis,S_plantation,S_récolte,D_récolte,Décal_max,Espacement,Esp_rangs,Nb_graines_plant,Dose_semis,Notes) VALUES ('Radis d''été','Radis','Extérieur',18,NULL,25,4,18,4,20,1,NULL,NULL);
INSERT INTO ITP (IT_plante,Espèce,Type_planche,S_semis,S_plantation,S_récolte,D_récolte,Décal_max,Espacement,Esp_rangs,Nb_graines_plant,Dose_semis,Notes) VALUES ('Ricin','Ricin',NULL,10,14,47,NULL,4,300,150,1,NULL,NULL);
INSERT INTO ITP (IT_plante,Espèce,Type_planche,S_semis,S_plantation,S_récolte,D_récolte,Décal_max,Espacement,Esp_rangs,Nb_graines_plant,Dose_semis,Notes) VALUES ('Roquette','Roquette','Extérieur',10,NULL,18,1,30,4,20,1,NULL,NULL);
INSERT INTO ITP (IT_plante,Espèce,Type_planche,S_semis,S_plantation,S_récolte,D_récolte,Décal_max,Espacement,Esp_rangs,Nb_graines_plant,Dose_semis,Notes) VALUES ('Salsifis','Salsifis',NULL,12,NULL,40,20,5,12,25,4,NULL,'Semer 1 graine tous les 3cm puis éclaircir à 12cm.');
INSERT INTO ITP (IT_plante,Espèce,Type_planche,S_semis,S_plantation,S_récolte,D_récolte,Décal_max,Espacement,Esp_rangs,Nb_graines_plant,Dose_semis,Notes) VALUES ('Sarriette','Sarriette','Serre',12,18,21,22,5,30,50,1,NULL,NULL);
INSERT INTO ITP (IT_plante,Espèce,Type_planche,S_semis,S_plantation,S_récolte,D_récolte,Décal_max,Espacement,Esp_rangs,Nb_graines_plant,Dose_semis,Notes) VALUES ('Souci semis automne','Souci',NULL,36,NULL,14,10,9,25,50,1,NULL,NULL);
INSERT INTO ITP (IT_plante,Espèce,Type_planche,S_semis,S_plantation,S_récolte,D_récolte,Décal_max,Espacement,Esp_rangs,Nb_graines_plant,Dose_semis,Notes) VALUES ('Souci semis printemps','Souci',NULL,9,NULL,23,12,14,25,50,1,NULL,NULL);
INSERT INTO ITP (IT_plante,Espèce,Type_planche,S_semis,S_plantation,S_récolte,D_récolte,Décal_max,Espacement,Esp_rangs,Nb_graines_plant,Dose_semis,Notes) VALUES ('Tagètes','Tagètes',NULL,14,NULL,45,NULL,7,20,30,1,NULL,NULL);
INSERT INTO ITP (IT_plante,Espèce,Type_planche,S_semis,S_plantation,S_récolte,D_récolte,Décal_max,Espacement,Esp_rangs,Nb_graines_plant,Dose_semis,Notes) VALUES ('Tomate hative ext','Tomate','Extérieur',10,18,29,8,5,75,50,1,NULL,NULL);
INSERT INTO ITP (IT_plante,Espèce,Type_planche,S_semis,S_plantation,S_récolte,D_récolte,Décal_max,Espacement,Esp_rangs,Nb_graines_plant,Dose_semis,Notes) VALUES ('Tomate hative serre','Tomate','Serre',7,16,25,13,4,75,50,1,NULL,NULL);
INSERT INTO ITP (IT_plante,Espèce,Type_planche,S_semis,S_plantation,S_récolte,D_récolte,Décal_max,Espacement,Esp_rangs,Nb_graines_plant,Dose_semis,Notes) VALUES ('Tomate tardive','Tomate',NULL,14,23,36,5,6,75,50,1,NULL,NULL);
INSERT INTO ITP (IT_plante,Espèce,Type_planche,S_semis,S_plantation,S_récolte,D_récolte,Décal_max,Espacement,Esp_rangs,Nb_graines_plant,Dose_semis,Notes) VALUES ('Topinambour','Topinambour','Extérieur',NULL,1,45,8,13,70,40,NULL,NULL,NULL);
INSERT INTO ITP (IT_plante,Espèce,Type_planche,S_semis,S_plantation,S_récolte,D_récolte,Décal_max,Espacement,Esp_rangs,Nb_graines_plant,Dose_semis,Notes) VALUES ('Tournesol','Tournesol',NULL,19,NULL,36,3,5,30,50,1,NULL,NULL);

INSERT INTO Planches (Planche, Type, Longueur, Largeur, Rotation, Année, Notes) VALUES ('GC1A', 'Extérieur', 50.0, 1.0, 'Grande culture', 1, NULL);
INSERT INTO Planches (Planche, Type, Longueur, Largeur, Rotation, Année, Notes) VALUES ('GC1B', 'Extérieur', 50.0, 1.0, 'Grande culture', 1, NULL);
INSERT INTO Planches (Planche, Type, Longueur, Largeur, Rotation, Année, Notes) VALUES ('GC1C', 'Extérieur', 50.0, 1.0, 'Grande culture', 1, NULL);
INSERT INTO Planches (Planche, Type, Longueur, Largeur, Rotation, Année, Notes) VALUES ('GC1D', 'Extérieur', 50.0, 1.0, 'Grande culture', 1, NULL);
INSERT INTO Planches (Planche, Type, Longueur, Largeur, Rotation, Année, Notes) VALUES ('GC2A', 'Extérieur', 50.0, 1.0, 'Grande culture', 2, NULL);
INSERT INTO Planches (Planche, Type, Longueur, Largeur, Rotation, Année, Notes) VALUES ('GC2B', 'Extérieur', 50.0, 1.0, 'Grande culture', 2, NULL);
INSERT INTO Planches (Planche, Type, Longueur, Largeur, Rotation, Année, Notes) VALUES ('GC2C', 'Extérieur', 50.0, 1.0, 'Grande culture', 2, NULL);
INSERT INTO Planches (Planche, Type, Longueur, Largeur, Rotation, Année, Notes) VALUES ('GC2D', 'Extérieur', 50.0, 1.0, 'Grande culture', 2, NULL);
INSERT INTO Planches (Planche, Type, Longueur, Largeur, Rotation, Année, Notes) VALUES ('GC3A', 'Extérieur', 50.0, 1.0, 'Grande culture', 3, NULL);
INSERT INTO Planches (Planche, Type, Longueur, Largeur, Rotation, Année, Notes) VALUES ('GC3B', 'Extérieur', 50.0, 1.0, 'Grande culture', 3, NULL);
INSERT INTO Planches (Planche, Type, Longueur, Largeur, Rotation, Année, Notes) VALUES ('GC3C', 'Extérieur', 50.0, 1.0, 'Grande culture', 3, NULL);
INSERT INTO Planches (Planche, Type, Longueur, Largeur, Rotation, Année, Notes) VALUES ('GC3D', 'Extérieur', 50.0, 1.0, 'Grande culture', 3, NULL);
INSERT INTO Planches (Planche, Type, Longueur, Largeur, Rotation, Année, Notes) VALUES ('GC4A', 'Extérieur', 50.0, 1.0, 'Grande culture', 4, NULL);
INSERT INTO Planches (Planche, Type, Longueur, Largeur, Rotation, Année, Notes) VALUES ('GC4B', 'Extérieur', 50.0, 1.0, 'Grande culture', 4, NULL);
INSERT INTO Planches (Planche, Type, Longueur, Largeur, Rotation, Année, Notes) VALUES ('GC4C', 'Extérieur', 50.0, 1.0, 'Grande culture', 4, NULL);
INSERT INTO Planches (Planche, Type, Longueur, Largeur, Rotation, Année, Notes) VALUES ('GC4D', 'Extérieur', 50.0, 1.0, 'Grande culture', 4, NULL);
INSERT INTO Planches (Planche, Type, Longueur, Largeur, Rotation, Année, Notes) VALUES ('Po1A', 'Extérieur', 8.0, 0.8, 'Potager', 1, NULL);
INSERT INTO Planches (Planche, Type, Longueur, Largeur, Rotation, Année, Notes) VALUES ('Po1B', 'Extérieur', 8.0, 0.8, 'Potager', 1, NULL);
INSERT INTO Planches (Planche, Type, Longueur, Largeur, Rotation, Année, Notes) VALUES ('Po1C', 'Extérieur', 8.0, 0.8, 'Potager', 1, NULL);
INSERT INTO Planches (Planche, Type, Longueur, Largeur, Rotation, Année, Notes) VALUES ('Po1D', 'Extérieur', 8.0, 0.8, 'Potager', 1, NULL);
INSERT INTO Planches (Planche, Type, Longueur, Largeur, Rotation, Année, Notes) VALUES ('Po2A', 'Extérieur', 8.0, 0.8, 'Potager', 2, NULL);
INSERT INTO Planches (Planche, Type, Longueur, Largeur, Rotation, Année, Notes) VALUES ('Po2B', 'Extérieur', 8.0, 0.8, 'Potager', 2, NULL);
INSERT INTO Planches (Planche, Type, Longueur, Largeur, Rotation, Année, Notes) VALUES ('Po2C', 'Extérieur', 8.0, 0.8, 'Potager', 2, NULL);
INSERT INTO Planches (Planche, Type, Longueur, Largeur, Rotation, Année, Notes) VALUES ('Po2D', 'Extérieur', 8.0, 0.8, 'Potager', 2, NULL);
INSERT INTO Planches (Planche, Type, Longueur, Largeur, Rotation, Année, Notes) VALUES ('Po3A', 'Extérieur', 8.0, 0.8, 'Potager', 3, NULL);
INSERT INTO Planches (Planche, Type, Longueur, Largeur, Rotation, Année, Notes) VALUES ('Po3B', 'Extérieur', 8.0, 0.8, 'Potager', 3, NULL);
INSERT INTO Planches (Planche, Type, Longueur, Largeur, Rotation, Année, Notes) VALUES ('Po3C', 'Extérieur', 8.0, 0.8, 'Potager', 3, NULL);
INSERT INTO Planches (Planche, Type, Longueur, Largeur, Rotation, Année, Notes) VALUES ('Po3D', 'Extérieur', 8.0, 0.8, 'Potager', 3, NULL);
INSERT INTO Planches (Planche, Type, Longueur, Largeur, Rotation, Année, Notes) VALUES ('Po4A', 'Extérieur', 8.0, 0.8, 'Potager', 4, NULL);
INSERT INTO Planches (Planche, Type, Longueur, Largeur, Rotation, Année, Notes) VALUES ('Po4B', 'Extérieur', 8.0, 0.8, 'Potager', 4, NULL);
INSERT INTO Planches (Planche, Type, Longueur, Largeur, Rotation, Année, Notes) VALUES ('Po4C', 'Extérieur', 8.0, 0.8, 'Potager', 4, NULL);
INSERT INTO Planches (Planche, Type, Longueur, Largeur, Rotation, Année, Notes) VALUES ('Po4D', 'Extérieur', 8.0, 0.8, 'Potager', 4, NULL);
INSERT INTO Planches (Planche, Type, Longueur, Largeur, Rotation, Année, Notes) VALUES ('Po5A', 'Extérieur', 8.0, 0.8, 'Potager', 5, NULL);
INSERT INTO Planches (Planche, Type, Longueur, Largeur, Rotation, Année, Notes) VALUES ('Po5B', 'Extérieur', 8.0, 0.8, 'Potager', 5, NULL);
INSERT INTO Planches (Planche, Type, Longueur, Largeur, Rotation, Année, Notes) VALUES ('Po5C', 'Extérieur', 8.0, 0.8, 'Potager', 5, NULL);
INSERT INTO Planches (Planche, Type, Longueur, Largeur, Rotation, Année, Notes) VALUES ('Po5D', 'Extérieur', 8.0, 0.8, 'Potager', 5, NULL);

INSERT INTO Rotations (Rotation, Type_planche, Année_1, Nb_années, Notes) VALUES ('Grande culture', 'Extérieur', 2025, 4, NULL);
INSERT INTO Rotations (Rotation, Type_planche, Année_1, Nb_années, Notes) VALUES ('Potager', 'Extérieur', 2025, 5, NULL);

INSERT INTO Rotations_détails (Rotation,Année,IT_plante,Pc_planches,Occupation,Fi_planches,Décalage,Notes) VALUES ('Potager',1,'Haricot Ext',50,'R','AB',NULL,NULL);
INSERT INTO Rotations_détails (Rotation,Année,IT_plante,Pc_planches,Occupation,Fi_planches,Décalage,Notes) VALUES ('Potager',1,'Maïs',50,'R','AB',NULL,NULL);
INSERT INTO Rotations_détails (Rotation,Année,IT_plante,Pc_planches,Occupation,Fi_planches,Décalage,Notes) VALUES ('Potager',1,'Tomate hative ext',100,NULL,'C',NULL,NULL);
INSERT INTO Rotations_détails (Rotation,Année,IT_plante,Pc_planches,Occupation,Fi_planches,Décalage,Notes) VALUES ('Potager',1,'Tomate tardive',100,NULL,'D',NULL,NULL);
INSERT INTO Rotations_détails (Rotation,Année,IT_plante,Pc_planches,Occupation,Fi_planches,Décalage,Notes) VALUES ('Potager',2,'Laitue plant. printemps précoce',100,NULL,NULL,0,NULL);
INSERT INTO Rotations_détails (Rotation,Année,IT_plante,Pc_planches,Occupation,Fi_planches,Décalage,Notes) VALUES ('Potager',2,'Poireau plant. printemps',100,NULL,NULL,NULL,NULL);
INSERT INTO Rotations_détails (Rotation,Année,IT_plante,Pc_planches,Occupation,Fi_planches,Décalage,Notes) VALUES ('Potager',3,'Chou pommé plant. printemps',100,NULL,NULL,NULL,NULL);
INSERT INTO Rotations_détails (Rotation,Année,IT_plante,Pc_planches,Occupation,Fi_planches,Décalage,Notes) VALUES ('Potager',3,'EV automne Seigle Vesce Moutarde Phacélie',100,NULL,NULL,2,NULL);
INSERT INTO Rotations_détails (Rotation,Année,IT_plante,Pc_planches,Occupation,Fi_planches,Décalage,Notes) VALUES ('Potager',4,'Betterave plant. printemps',100,NULL,'AB',NULL,NULL);
INSERT INTO Rotations_détails (Rotation,Année,IT_plante,Pc_planches,Occupation,Fi_planches,Décalage,Notes) VALUES ('Potager',4,'Carotte pleine terre',100,NULL,'C',0,NULL);
INSERT INTO Rotations_détails (Rotation,Année,IT_plante,Pc_planches,Occupation,Fi_planches,Décalage,Notes) VALUES ('Potager',4,'Carotte pleine terre',100,NULL,'D',6,NULL);
INSERT INTO Rotations_détails (Rotation,Année,IT_plante,Pc_planches,Occupation,Fi_planches,Décalage,Notes) VALUES ('Potager',4,'EV automne Seigle Vesce Moutarde Phacélie',100,NULL,NULL,4,NULL);

INSERT INTO Variétés (Variété,Espèce,Nb_graines_g,Qté_stock,Qté_cde,Fournisseur,S_récolte,D_récolte,PJ,Notes) VALUES ('Ail Cledor','Ail',NULL,NULL,NULL,NULL,NULL,NULL,NULL,NULL);
INSERT INTO Variétés (Variété,Espèce,Nb_graines_g,Qté_stock,Qté_cde,Fournisseur,S_récolte,D_récolte,PJ,Notes) VALUES ('Ail Rose de Lautrec','Ail',NULL,NULL,NULL,NULL,NULL,NULL,NULL,NULL);
INSERT INTO Variétés (Variété,Espèce,Nb_graines_g,Qté_stock,Qté_cde,Fournisseur,S_récolte,D_récolte,PJ,Notes) VALUES ('Aubergine Barbentane','Aubergine',250,NULL,NULL,NULL,NULL,NULL,NULL,NULL);
INSERT INTO Variétés (Variété,Espèce,Nb_graines_g,Qté_stock,Qté_cde,Fournisseur,S_récolte,D_récolte,PJ,Notes) VALUES ('Aubergine Uriase','Aubergine',250,NULL,NULL,NULL,NULL,NULL,NULL,NULL);
INSERT INTO Variétés (Variété,Espèce,Nb_graines_g,Qté_stock,Qté_cde,Fournisseur,S_récolte,D_récolte,PJ,Notes) VALUES ('Aubergine japonaise de la levée','Aubergine',250,NULL,NULL,NULL,NULL,NULL,NULL,NULL);
INSERT INTO Variétés (Variété,Espèce,Nb_graines_g,Qté_stock,Qté_cde,Fournisseur,S_récolte,D_récolte,PJ,Notes) VALUES ('Batavia reine des glaces','Laitue',800,NULL,NULL,NULL,NULL,NULL,NULL,NULL);
INSERT INTO Variétés (Variété,Espèce,Nb_graines_g,Qté_stock,Qté_cde,Fournisseur,S_récolte,D_récolte,PJ,Notes) VALUES ('Betterave 3 root grex','Betterave',50,NULL,NULL,NULL,NULL,NULL,NULL,NULL);
INSERT INTO Variétés (Variété,Espèce,Nb_graines_g,Qté_stock,Qté_cde,Fournisseur,S_récolte,D_récolte,PJ,Notes) VALUES ('Betterave Chioggia','Betterave',50,NULL,NULL,NULL,NULL,NULL,NULL,NULL);
INSERT INTO Variétés (Variété,Espèce,Nb_graines_g,Qté_stock,Qté_cde,Fournisseur,S_récolte,D_récolte,PJ,Notes) VALUES ('Betterave Detroit','Betterave',50,NULL,NULL,NULL,NULL,NULL,NULL,NULL);
INSERT INTO Variétés (Variété,Espèce,Nb_graines_g,Qté_stock,Qté_cde,Fournisseur,S_récolte,D_récolte,PJ,Notes) VALUES ('Betterave Robushka','Betterave',50,NULL,NULL,NULL,NULL,NULL,NULL,NULL);
INSERT INTO Variétés (Variété,Espèce,Nb_graines_g,Qté_stock,Qté_cde,Fournisseur,S_récolte,D_récolte,PJ,Notes) VALUES ('Carotte Colmar à Coeur rouge 2','Carotte',925,NULL,NULL,NULL,NULL,NULL,NULL,NULL);
INSERT INTO Variétés (Variété,Espèce,Nb_graines_g,Qté_stock,Qté_cde,Fournisseur,S_récolte,D_récolte,PJ,Notes) VALUES ('Carotte Demi longue rouge sang','Carotte',925,NULL,NULL,NULL,NULL,NULL,NULL,NULL);
INSERT INTO Variétés (Variété,Espèce,Nb_graines_g,Qté_stock,Qté_cde,Fournisseur,S_récolte,D_récolte,PJ,Notes) VALUES ('Carotte Ronde Marché de Paris','Carotte',925,NULL,NULL,NULL,NULL,NULL,NULL,NULL);
INSERT INTO Variétés (Variété,Espèce,Nb_graines_g,Qté_stock,Qté_cde,Fournisseur,S_récolte,D_récolte,PJ,Notes) VALUES ('Carotte Touchon','Carotte',925,NULL,NULL,NULL,NULL,NULL,NULL,NULL);
INSERT INTO Variétés (Variété,Espèce,Nb_graines_g,Qté_stock,Qté_cde,Fournisseur,S_récolte,D_récolte,PJ,Notes) VALUES ('Céleri Elne','Céleri',2500,NULL,NULL,NULL,NULL,NULL,NULL,NULL);
INSERT INTO Variétés (Variété,Espèce,Nb_graines_g,Qté_stock,Qté_cde,Fournisseur,S_récolte,D_récolte,PJ,Notes) VALUES ('Céleri Plein blanc Pascal','Céleri',2500,NULL,NULL,NULL,NULL,NULL,NULL,NULL);
INSERT INTO Variétés (Variété,Espèce,Nb_graines_g,Qté_stock,Qté_cde,Fournisseur,S_récolte,D_récolte,PJ,Notes) VALUES ('Céleri branche','Céleri',2500,NULL,NULL,NULL,NULL,NULL,NULL,NULL);
INSERT INTO Variétés (Variété,Espèce,Nb_graines_g,Qté_stock,Qté_cde,Fournisseur,S_récolte,D_récolte,PJ,Notes) VALUES ('Chicorée scarole cornet d''anjou','Laitue',800,NULL,NULL,NULL,NULL,NULL,NULL,NULL);
INSERT INTO Variétés (Variété,Espèce,Nb_graines_g,Qté_stock,Qté_cde,Fournisseur,S_récolte,D_récolte,PJ,Notes) VALUES ('Chicorée scarole géante maraîchère','Laitue',800,NULL,NULL,NULL,NULL,NULL,NULL,NULL);
INSERT INTO Variétés (Variété,Espèce,Nb_graines_g,Qté_stock,Qté_cde,Fournisseur,S_récolte,D_récolte,PJ,Notes) VALUES ('Chou brocoli Rasmus','Chou brocoli',250,NULL,NULL,NULL,NULL,NULL,NULL,NULL);
INSERT INTO Variétés (Variété,Espèce,Nb_graines_g,Qté_stock,Qté_cde,Fournisseur,S_récolte,D_récolte,PJ,Notes) VALUES ('Chou de Bruxelles Groeninger','Chou de Bruxelles',350,NULL,NULL,NULL,NULL,NULL,NULL,NULL);
INSERT INTO Variétés (Variété,Espèce,Nb_graines_g,Qté_stock,Qté_cde,Fournisseur,S_récolte,D_récolte,PJ,Notes) VALUES ('Chou de Bruxelles de Rosny','Chou de Bruxelles',350,NULL,NULL,NULL,NULL,NULL,NULL,NULL);
INSERT INTO Variétés (Variété,Espèce,Nb_graines_g,Qté_stock,Qté_cde,Fournisseur,S_récolte,D_récolte,PJ,Notes) VALUES ('Chou de Chine Bilko','Chou de Chine',350,NULL,NULL,NULL,NULL,NULL,NULL,NULL);
INSERT INTO Variétés (Variété,Espèce,Nb_graines_g,Qté_stock,Qté_cde,Fournisseur,S_récolte,D_récolte,PJ,Notes) VALUES ('Chou de Chine Petsaï','Chou de Chine',350,NULL,NULL,NULL,NULL,NULL,NULL,NULL);
INSERT INTO Variétés (Variété,Espèce,Nb_graines_g,Qté_stock,Qté_cde,Fournisseur,S_récolte,D_récolte,PJ,Notes) VALUES ('Chou frisé Kale','Chou frisé',300,NULL,NULL,NULL,NULL,NULL,NULL,NULL);
INSERT INTO Variétés (Variété,Espèce,Nb_graines_g,Qté_stock,Qté_cde,Fournisseur,S_récolte,D_récolte,PJ,Notes) VALUES ('Chou frisé winster','Chou frisé',300,NULL,NULL,NULL,NULL,NULL,NULL,NULL);
INSERT INTO Variétés (Variété,Espèce,Nb_graines_g,Qté_stock,Qté_cde,Fournisseur,S_récolte,D_récolte,PJ,Notes) VALUES ('Chou pommé Amager Lav','Chou pommé',300,NULL,NULL,NULL,NULL,NULL,NULL,NULL);
INSERT INTO Variétés (Variété,Espèce,Nb_graines_g,Qté_stock,Qté_cde,Fournisseur,S_récolte,D_récolte,PJ,Notes) VALUES ('Chou pommé Pointu de Chateaurenard','Chou pommé',300,NULL,NULL,NULL,NULL,NULL,NULL,NULL);
INSERT INTO Variétés (Variété,Espèce,Nb_graines_g,Qté_stock,Qté_cde,Fournisseur,S_récolte,D_récolte,PJ,Notes) VALUES ('Chou pommé Tête Noire','Chou pommé',300,NULL,NULL,NULL,NULL,NULL,NULL,NULL);
INSERT INTO Variétés (Variété,Espèce,Nb_graines_g,Qté_stock,Qté_cde,Fournisseur,S_récolte,D_récolte,PJ,Notes) VALUES ('Chou pommé Thurnen','Chou pommé',300,NULL,NULL,NULL,NULL,NULL,NULL,NULL);
INSERT INTO Variétés (Variété,Espèce,Nb_graines_g,Qté_stock,Qté_cde,Fournisseur,S_récolte,D_récolte,PJ,Notes) VALUES ('Chou-fleur Neckarperle','Chou-fleur',336,NULL,NULL,NULL,NULL,NULL,NULL,NULL);
INSERT INTO Variétés (Variété,Espèce,Nb_graines_g,Qté_stock,Qté_cde,Fournisseur,S_récolte,D_récolte,PJ,Notes) VALUES ('Chou-rave Azur Star','Chou-rave',300,NULL,NULL,NULL,NULL,NULL,NULL,NULL);
INSERT INTO Variétés (Variété,Espèce,Nb_graines_g,Qté_stock,Qté_cde,Fournisseur,S_récolte,D_récolte,PJ,Notes) VALUES ('Concombre Marketmore','Concombre',35,NULL,NULL,NULL,NULL,NULL,NULL,NULL);
INSERT INTO Variétés (Variété,Espèce,Nb_graines_g,Qté_stock,Qté_cde,Fournisseur,S_récolte,D_récolte,PJ,Notes) VALUES ('Concombre Palestinien','Concombre',35,NULL,NULL,NULL,NULL,NULL,NULL,NULL);
INSERT INTO Variétés (Variété,Espèce,Nb_graines_g,Qté_stock,Qté_cde,Fournisseur,S_récolte,D_récolte,PJ,Notes) VALUES ('Courge Butternut','Courge',4.58,NULL,NULL,NULL,NULL,NULL,NULL,NULL);
INSERT INTO Variétés (Variété,Espèce,Nb_graines_g,Qté_stock,Qté_cde,Fournisseur,S_récolte,D_récolte,PJ,Notes) VALUES ('Courge Potimarron Red Kuri','Courge',4.58,NULL,NULL,NULL,NULL,NULL,NULL,NULL);
INSERT INTO Variétés (Variété,Espèce,Nb_graines_g,Qté_stock,Qté_cde,Fournisseur,S_récolte,D_récolte,PJ,Notes) VALUES ('Courgette Black Beauty','Courgette',7.7,NULL,NULL,NULL,NULL,NULL,NULL,NULL);
INSERT INTO Variétés (Variété,Espèce,Nb_graines_g,Qté_stock,Qté_cde,Fournisseur,S_récolte,D_récolte,PJ,Notes) VALUES ('Courgette Gold Rush','Courgette',7.7,NULL,NULL,NULL,NULL,NULL,NULL,NULL);
INSERT INTO Variétés (Variété,Espèce,Nb_graines_g,Qté_stock,Qté_cde,Fournisseur,S_récolte,D_récolte,PJ,Notes) VALUES ('Epinard Géant d hiver Verdil','Epinard',110,NULL,NULL,NULL,NULL,NULL,NULL,NULL);
INSERT INTO Variétés (Variété,Espèce,Nb_graines_g,Qté_stock,Qté_cde,Fournisseur,S_récolte,D_récolte,PJ,Notes) VALUES ('Epinard Matador','Epinard',110,NULL,NULL,NULL,NULL,NULL,NULL,NULL);
INSERT INTO Variétés (Variété,Espèce,Nb_graines_g,Qté_stock,Qté_cde,Fournisseur,S_récolte,D_récolte,PJ,Notes) VALUES ('Epinard Viking','Epinard',110,NULL,NULL,NULL,NULL,NULL,NULL,NULL);
INSERT INTO Variétés (Variété,Espèce,Nb_graines_g,Qté_stock,Qté_cde,Fournisseur,S_récolte,D_récolte,PJ,Notes) VALUES ('Fève Aguadulce','Fève',0.75,NULL,NULL,NULL,NULL,NULL,NULL,NULL);
INSERT INTO Variétés (Variété,Espèce,Nb_graines_g,Qté_stock,Qté_cde,Fournisseur,S_récolte,D_récolte,PJ,Notes) VALUES ('Fève de Séville','Fève',0.75,NULL,NULL,NULL,NULL,NULL,NULL,NULL);
INSERT INTO Variétés (Variété,Espèce,Nb_graines_g,Qté_stock,Qté_cde,Fournisseur,S_récolte,D_récolte,PJ,Notes) VALUES ('Hannibal été automne','Poireau',300.3,NULL,NULL,NULL,NULL,NULL,NULL,NULL);
INSERT INTO Variétés (Variété,Espèce,Nb_graines_g,Qté_stock,Qté_cde,Fournisseur,S_récolte,D_récolte,PJ,Notes) VALUES ('Haricot Black Turtle','Haricot à écosser',5,NULL,NULL,NULL,NULL,NULL,NULL,NULL);
INSERT INTO Variétés (Variété,Espèce,Nb_graines_g,Qté_stock,Qté_cde,Fournisseur,S_récolte,D_récolte,PJ,Notes) VALUES ('Haricot Flageolet rouge','Haricot à écosser',5,NULL,NULL,NULL,NULL,NULL,NULL,NULL);
INSERT INTO Variétés (Variété,Espèce,Nb_graines_g,Qté_stock,Qté_cde,Fournisseur,S_récolte,D_récolte,PJ,Notes) VALUES ('Haricot Morgane','Haricot mangetout',5,NULL,NULL,NULL,NULL,NULL,NULL,NULL);
INSERT INTO Variétés (Variété,Espèce,Nb_graines_g,Qté_stock,Qté_cde,Fournisseur,S_récolte,D_récolte,PJ,Notes) VALUES ('Haricot Tarbais (maïs)','Haricot à écosser',5,NULL,NULL,NULL,NULL,NULL,NULL,NULL);
INSERT INTO Variétés (Variété,Espèce,Nb_graines_g,Qté_stock,Qté_cde,Fournisseur,S_récolte,D_récolte,PJ,Notes) VALUES ('Haricot Émerite','Haricot mangetout',5,NULL,NULL,NULL,NULL,NULL,NULL,NULL);
INSERT INTO Variétés (Variété,Espèce,Nb_graines_g,Qté_stock,Qté_cde,Fournisseur,S_récolte,D_récolte,PJ,Notes) VALUES ('Laitue Crisp Mint','Laitue',800,NULL,NULL,NULL,NULL,NULL,NULL,NULL);
INSERT INTO Variétés (Variété,Espèce,Nb_graines_g,Qté_stock,Qté_cde,Fournisseur,S_récolte,D_récolte,PJ,Notes) VALUES ('Laitue Feuille de chêne rouge','Laitue',800,NULL,NULL,NULL,NULL,NULL,NULL,NULL);
INSERT INTO Variétés (Variété,Espèce,Nb_graines_g,Qté_stock,Qté_cde,Fournisseur,S_récolte,D_récolte,PJ,Notes) VALUES ('Laitue Great Lakes','Laitue',800,NULL,NULL,NULL,NULL,NULL,NULL,NULL);
INSERT INTO Variétés (Variété,Espèce,Nb_graines_g,Qté_stock,Qté_cde,Fournisseur,S_récolte,D_récolte,PJ,Notes) VALUES ('Laitue Grenobloise','Laitue',1109,NULL,NULL,NULL,NULL,NULL,NULL,NULL);
INSERT INTO Variétés (Variété,Espèce,Nb_graines_g,Qté_stock,Qté_cde,Fournisseur,S_récolte,D_récolte,PJ,Notes) VALUES ('Laitue Pasquier','Laitue',800,NULL,NULL,NULL,NULL,NULL,NULL,NULL);
INSERT INTO Variétés (Variété,Espèce,Nb_graines_g,Qté_stock,Qté_cde,Fournisseur,S_récolte,D_récolte,PJ,Notes) VALUES ('Laitue Pommée d''hiver Triolaise','Laitue',800,NULL,NULL,NULL,NULL,NULL,NULL,NULL);
INSERT INTO Variétés (Variété,Espèce,Nb_graines_g,Qté_stock,Qté_cde,Fournisseur,S_récolte,D_récolte,PJ,Notes) VALUES ('Laitue Romaine d''hiver rouge','Laitue',800,NULL,NULL,NULL,NULL,NULL,NULL,NULL);
INSERT INTO Variétés (Variété,Espèce,Nb_graines_g,Qté_stock,Qté_cde,Fournisseur,S_récolte,D_récolte,PJ,Notes) VALUES ('Laitue à couper feuille de chêne rouge','Laitue',800,NULL,NULL,NULL,NULL,NULL,NULL,NULL);
INSERT INTO Variétés (Variété,Espèce,Nb_graines_g,Qté_stock,Qté_cde,Fournisseur,S_récolte,D_récolte,PJ,Notes) VALUES ('Laitue pommée du bon jardinier','Laitue',800,NULL,NULL,NULL,NULL,NULL,NULL,NULL);
INSERT INTO Variétés (Variété,Espèce,Nb_graines_g,Qté_stock,Qté_cde,Fournisseur,S_récolte,D_récolte,PJ,Notes) VALUES ('Mâche verte','Mâche',660,NULL,NULL,NULL,NULL,NULL,NULL,NULL);
INSERT INTO Variétés (Variété,Espèce,Nb_graines_g,Qté_stock,Qté_cde,Fournisseur,S_récolte,D_récolte,PJ,Notes) VALUES ('Mâche verte à coeur plein','Mâche',660,NULL,NULL,NULL,NULL,NULL,NULL,NULL);
INSERT INTO Variétés (Variété,Espèce,Nb_graines_g,Qté_stock,Qté_cde,Fournisseur,S_récolte,D_récolte,PJ,Notes) VALUES ('Maïs Grand Roux','Maïs',4.5,NULL,NULL,NULL,NULL,NULL,NULL,NULL);
INSERT INTO Variétés (Variété,Espèce,Nb_graines_g,Qté_stock,Qté_cde,Fournisseur,S_récolte,D_récolte,PJ,Notes) VALUES ('Mélilot','Mélilot',120,NULL,NULL,NULL,NULL,NULL,NULL,NULL);
INSERT INTO Variétés (Variété,Espèce,Nb_graines_g,Qté_stock,Qté_cde,Fournisseur,S_récolte,D_récolte,PJ,Notes) VALUES ('Melon Cantaloup Charentais','Melon',35,NULL,NULL,NULL,NULL,NULL,NULL,NULL);
INSERT INTO Variétés (Variété,Espèce,Nb_graines_g,Qté_stock,Qté_cde,Fournisseur,S_récolte,D_récolte,PJ,Notes) VALUES ('Moutarde','Moutarde',130,NULL,NULL,NULL,NULL,NULL,NULL,NULL);
INSERT INTO Variétés (Variété,Espèce,Nb_graines_g,Qté_stock,Qté_cde,Fournisseur,S_récolte,D_récolte,PJ,Notes) VALUES ('Navet Globe à col violet','Navet',600,NULL,NULL,NULL,NULL,NULL,NULL,NULL);
INSERT INTO Variétés (Variété,Espèce,Nb_graines_g,Qté_stock,Qté_cde,Fournisseur,S_récolte,D_récolte,PJ,Notes) VALUES ('Navet Jaune Petrowski','Navet',600,NULL,NULL,NULL,NULL,NULL,NULL,NULL);
INSERT INTO Variétés (Variété,Espèce,Nb_graines_g,Qté_stock,Qté_cde,Fournisseur,S_récolte,D_récolte,PJ,Notes) VALUES ('Oignon Bulbilles Red Baron','Oignon',227,NULL,NULL,NULL,NULL,NULL,NULL,NULL);
INSERT INTO Variétés (Variété,Espèce,Nb_graines_g,Qté_stock,Qté_cde,Fournisseur,S_récolte,D_récolte,PJ,Notes) VALUES ('Oignon Bulbilles Sturon','Oignon',264,NULL,NULL,NULL,NULL,NULL,NULL,NULL);
INSERT INTO Variétés (Variété,Espèce,Nb_graines_g,Qté_stock,Qté_cde,Fournisseur,S_récolte,D_récolte,PJ,Notes) VALUES ('Oignon Jaune de Stuttgart','Oignon',264,NULL,NULL,NULL,NULL,NULL,NULL,NULL);
INSERT INTO Variétés (Variété,Espèce,Nb_graines_g,Qté_stock,Qté_cde,Fournisseur,S_récolte,D_récolte,PJ,Notes) VALUES ('Oignon Mazères','Oignon',264,NULL,NULL,NULL,NULL,NULL,NULL,NULL);
INSERT INTO Variétés (Variété,Espèce,Nb_graines_g,Qté_stock,Qté_cde,Fournisseur,S_récolte,D_récolte,PJ,Notes) VALUES ('Oignon Rouge de Brunswick','Oignon',264,NULL,NULL,NULL,NULL,NULL,NULL,NULL);
INSERT INTO Variétés (Variété,Espèce,Nb_graines_g,Qté_stock,Qté_cde,Fournisseur,S_récolte,D_récolte,PJ,Notes) VALUES ('Oignon Saint Turjan','Oignon',264,NULL,NULL,NULL,NULL,NULL,NULL,NULL);
INSERT INTO Variétés (Variété,Espèce,Nb_graines_g,Qté_stock,Qté_cde,Fournisseur,S_récolte,D_récolte,PJ,Notes) VALUES ('Panais Etroit amélioré','Panais',220,NULL,NULL,NULL,NULL,NULL,NULL,NULL);
INSERT INTO Variétés (Variété,Espèce,Nb_graines_g,Qté_stock,Qté_cde,Fournisseur,S_récolte,D_récolte,PJ,Notes) VALUES ('Panais Turga Pré germé','Panais',30.8,NULL,NULL,NULL,NULL,NULL,NULL,NULL);
INSERT INTO Variétés (Variété,Espèce,Nb_graines_g,Qté_stock,Qté_cde,Fournisseur,S_récolte,D_récolte,PJ,Notes) VALUES ('Panais long holkruin','Panais',220,NULL,NULL,NULL,NULL,NULL,NULL,NULL);
INSERT INTO Variétés (Variété,Espèce,Nb_graines_g,Qté_stock,Qté_cde,Fournisseur,S_récolte,D_récolte,PJ,Notes) VALUES ('Patate douce','Patate douce',NULL,NULL,NULL,NULL,NULL,NULL,NULL,NULL);
INSERT INTO Variétés (Variété,Espèce,Nb_graines_g,Qté_stock,Qté_cde,Fournisseur,S_récolte,D_récolte,PJ,Notes) VALUES ('Persil Géant d''Italie','Persil',570.5,NULL,NULL,NULL,NULL,NULL,NULL,NULL);
INSERT INTO Variétés (Variété,Espèce,Nb_graines_g,Qté_stock,Qté_cde,Fournisseur,S_récolte,D_récolte,PJ,Notes) VALUES ('Persil à feuilles frisées vert foncé','Persil',600,NULL,NULL,NULL,NULL,NULL,NULL,NULL);
INSERT INTO Variétés (Variété,Espèce,Nb_graines_g,Qté_stock,Qté_cde,Fournisseur,S_récolte,D_récolte,PJ,Notes) VALUES ('Phacélie population','Phacélie',550,NULL,NULL,NULL,NULL,NULL,NULL,NULL);
INSERT INTO Variétés (Variété,Espèce,Nb_graines_g,Qté_stock,Qté_cde,Fournisseur,S_récolte,D_récolte,PJ,Notes) VALUES ('Physalis Alkékenge jaune doux','Physalis',300,NULL,NULL,NULL,NULL,NULL,NULL,NULL);
INSERT INTO Variétés (Variété,Espèce,Nb_graines_g,Qté_stock,Qté_cde,Fournisseur,S_récolte,D_récolte,PJ,Notes) VALUES ('Piment Doux des landes','Poivron piment',150,NULL,NULL,NULL,NULL,NULL,NULL,NULL);
INSERT INTO Variétés (Variété,Espèce,Nb_graines_g,Qté_stock,Qté_cde,Fournisseur,S_récolte,D_récolte,PJ,Notes) VALUES ('Poireau Gros long d''été','Poireau',300.3,NULL,NULL,NULL,NULL,NULL,NULL,NULL);
INSERT INTO Variétés (Variété,Espèce,Nb_graines_g,Qté_stock,Qté_cde,Fournisseur,S_récolte,D_récolte,PJ,Notes) VALUES ('Poireau Monstrueux de Carentan','Poireau',300.3,NULL,NULL,NULL,NULL,NULL,NULL,NULL);
INSERT INTO Variétés (Variété,Espèce,Nb_graines_g,Qté_stock,Qté_cde,Fournisseur,S_récolte,D_récolte,PJ,Notes) VALUES ('Poireau de Liège','Poireau',300.3,NULL,NULL,NULL,NULL,NULL,NULL,NULL);
INSERT INTO Variétés (Variété,Espèce,Nb_graines_g,Qté_stock,Qté_cde,Fournisseur,S_récolte,D_récolte,PJ,Notes) VALUES ('Poivron Jaune carré d''Asti','Poivron piment',150,NULL,NULL,NULL,NULL,NULL,NULL,NULL);
INSERT INTO Variétés (Variété,Espèce,Nb_graines_g,Qté_stock,Qté_cde,Fournisseur,S_récolte,D_récolte,PJ,Notes) VALUES ('Poivron Wisconsin Lake','Poivron piment',150,NULL,NULL,NULL,NULL,NULL,NULL,NULL);
INSERT INTO Variétés (Variété,Espèce,Nb_graines_g,Qté_stock,Qté_cde,Fournisseur,S_récolte,D_récolte,PJ,Notes) VALUES ('Poivron Yolo wonder','Poivron piment',150,NULL,NULL,NULL,NULL,NULL,NULL,NULL);
INSERT INTO Variétés (Variété,Espèce,Nb_graines_g,Qté_stock,Qté_cde,Fournisseur,S_récolte,D_récolte,PJ,Notes) VALUES ('Pomme de terre Artémis','Pomme de terre',NULL,NULL,NULL,NULL,NULL,NULL,NULL,NULL);
INSERT INTO Variétés (Variété,Espèce,Nb_graines_g,Qté_stock,Qté_cde,Fournisseur,S_récolte,D_récolte,PJ,Notes) VALUES ('Pomme de terre Désirée','Pomme de terre',NULL,NULL,NULL,NULL,NULL,NULL,NULL,NULL);
INSERT INTO Variétés (Variété,Espèce,Nb_graines_g,Qté_stock,Qté_cde,Fournisseur,S_récolte,D_récolte,PJ,Notes) VALUES ('Pomme de terre Ditta','Pomme de terre',NULL,NULL,NULL,NULL,NULL,NULL,NULL,NULL);
INSERT INTO Variétés (Variété,Espèce,Nb_graines_g,Qté_stock,Qté_cde,Fournisseur,S_récolte,D_récolte,PJ,Notes) VALUES ('Radis Rond écarlate','Radis',120,NULL,NULL,NULL,NULL,NULL,NULL,NULL);
INSERT INTO Variétés (Variété,Espèce,Nb_graines_g,Qté_stock,Qté_cde,Fournisseur,S_récolte,D_récolte,PJ,Notes) VALUES ('Radis-rave Daikon','Radis',120,NULL,NULL,NULL,NULL,NULL,NULL,NULL);
INSERT INTO Variétés (Variété,Espèce,Nb_graines_g,Qté_stock,Qté_cde,Fournisseur,S_récolte,D_récolte,PJ,Notes) VALUES ('Radis-rave Rond noir','Radis',120,NULL,NULL,NULL,NULL,NULL,NULL,NULL);
INSERT INTO Variétés (Variété,Espèce,Nb_graines_g,Qté_stock,Qté_cde,Fournisseur,S_récolte,D_récolte,PJ,Notes) VALUES ('Ricin New Zealand Purple','Ricin',1,NULL,NULL,NULL,NULL,NULL,NULL,NULL);
INSERT INTO Variétés (Variété,Espèce,Nb_graines_g,Qté_stock,Qté_cde,Fournisseur,S_récolte,D_récolte,PJ,Notes) VALUES ('Roquette','Roquette',660,NULL,NULL,NULL,NULL,NULL,NULL,NULL);
INSERT INTO Variétés (Variété,Espèce,Nb_graines_g,Qté_stock,Qté_cde,Fournisseur,S_récolte,D_récolte,PJ,Notes) VALUES ('Sorgo Koral','Sorgho',27,NULL,NULL,NULL,NULL,NULL,NULL,NULL);
INSERT INTO Variétés (Variété,Espèce,Nb_graines_g,Qté_stock,Qté_cde,Fournisseur,S_récolte,D_récolte,PJ,Notes) VALUES ('Tomate Ananas','Tomate',350,NULL,NULL,NULL,NULL,NULL,NULL,NULL);
INSERT INTO Variétés (Variété,Espèce,Nb_graines_g,Qté_stock,Qté_cde,Fournisseur,S_récolte,D_récolte,PJ,Notes) VALUES ('Tomate Andines cornues','Tomate',350,NULL,NULL,NULL,NULL,NULL,NULL,NULL);
INSERT INTO Variétés (Variété,Espèce,Nb_graines_g,Qté_stock,Qté_cde,Fournisseur,S_récolte,D_récolte,PJ,Notes) VALUES ('Tomate Cerise petit moineau','Tomate',350,NULL,NULL,NULL,NULL,NULL,NULL,NULL);
INSERT INTO Variétés (Variété,Espèce,Nb_graines_g,Qté_stock,Qté_cde,Fournisseur,S_récolte,D_récolte,PJ,Notes) VALUES ('Tomate Homestead','Tomate',350,NULL,NULL,NULL,NULL,NULL,NULL,NULL);
INSERT INTO Variétés (Variété,Espèce,Nb_graines_g,Qté_stock,Qté_cde,Fournisseur,S_récolte,D_récolte,PJ,Notes) VALUES ('Tomate Merveille des marchés','Tomate',350,NULL,NULL,NULL,NULL,NULL,NULL,NULL);
INSERT INTO Variétés (Variété,Espèce,Nb_graines_g,Qté_stock,Qté_cde,Fournisseur,S_récolte,D_récolte,PJ,Notes) VALUES ('Tomate Roma','Tomate',350,NULL,NULL,NULL,NULL,NULL,NULL,NULL);
INSERT INTO Variétés (Variété,Espèce,Nb_graines_g,Qté_stock,Qté_cde,Fournisseur,S_récolte,D_récolte,PJ,Notes) VALUES ('Tomate Rose de Berne','Tomate',350,NULL,NULL,NULL,NULL,NULL,NULL,NULL);
INSERT INTO Variétés (Variété,Espèce,Nb_graines_g,Qté_stock,Qté_cde,Fournisseur,S_récolte,D_récolte,PJ,Notes) VALUES ('Tomate Saint Pierre','Tomate',350,NULL,NULL,NULL,NULL,NULL,NULL,NULL);
INSERT INTO Variétés (Variété,Espèce,Nb_graines_g,Qté_stock,Qté_cde,Fournisseur,S_récolte,D_récolte,PJ,Notes) VALUES ('Tomate San Marzano','Tomate',350,NULL,NULL,NULL,NULL,NULL,NULL,NULL);
INSERT INTO Variétés (Variété,Espèce,Nb_graines_g,Qté_stock,Qté_cde,Fournisseur,S_récolte,D_récolte,PJ,Notes) VALUES ('Tomate Udagorri','Tomate',350,NULL,NULL,NULL,NULL,NULL,NULL,NULL);
INSERT INTO Variétés (Variété,Espèce,Nb_graines_g,Qté_stock,Qté_cde,Fournisseur,S_récolte,D_récolte,PJ,Notes) VALUES ('Tomate Yellow Feather','Tomate',350,NULL,NULL,NULL,NULL,NULL,NULL,NULL);
INSERT INTO Variétés (Variété,Espèce,Nb_graines_g,Qté_stock,Qté_cde,Fournisseur,S_récolte,D_récolte,PJ,Notes) VALUES ('Tomate cerise rouge','Tomate',350,NULL,NULL,NULL,NULL,NULL,NULL,NULL);
INSERT INTO Variétés (Variété,Espèce,Nb_graines_g,Qté_stock,Qté_cde,Fournisseur,S_récolte,D_récolte,PJ,Notes) VALUES ('Tomate coeur de boeuf','Tomate',350,NULL,NULL,NULL,NULL,NULL,NULL,NULL);
INSERT INTO Variétés (Variété,Espèce,Nb_graines_g,Qté_stock,Qté_cde,Fournisseur,S_récolte,D_récolte,PJ,Notes) VALUES ('Topinambour Rose','Topinambour',NULL,NULL,NULL,NULL,NULL,NULL,NULL,NULL);
INSERT INTO Variétés (Variété,Espèce,Nb_graines_g,Qté_stock,Qté_cde,Fournisseur,S_récolte,D_récolte,PJ,Notes) VALUES ('Tournesol','Tournesol',11.36,NULL,NULL,NULL,NULL,NULL,NULL,NULL);
INSERT INTO Variétés (Variété,Espèce,Nb_graines_g,Qté_stock,Qté_cde,Fournisseur,S_récolte,D_récolte,PJ,Notes) VALUES ('Trèfle violet','Trèfle violet',40,NULL,NULL,NULL,NULL,NULL,NULL,NULL);
INSERT INTO Variétés (Variété,Espèce,Nb_graines_g,Qté_stock,Qté_cde,Fournisseur,S_récolte,D_récolte,PJ,Notes) VALUES ('Vesce hiver','Vesce',45,NULL,NULL,NULL,NULL,NULL,NULL,NULL);

-- COMMIT TRANSACTION;

