QString sSQLBaseData = QStringLiteral(R"#(

-- BEGIN TRANSACTION;

INSERT INTO Familles (Famille, Intervalle, Notes) VALUES ('Alliaceae',4.0,'Ail, ciboulette, oignon, poireau '||x'0a0a'||'Sensibles à la pourriture blanche. '||x'0a0a'||'Plantes herbacées vivaces, le plus souvent à bulbe, rarement rhizomateuses. Feuilles simples, fleurs régulières. Le fruit est une capsule. Les graines sont albuminées. '||x'0a0a'||'Régions tempérées chaudes et subtropicales. '||x'0a0a'||'Wikipedia');
INSERT INTO Familles (Famille, Intervalle, Notes) VALUES ('Apiaceae',4.0,'Carotte, Céleri, Coriandre, Cumin, Fenouil, Panais, Persil '||x'0a0a'||'Risques de maladies fongiques du sol. '||x'0a0a'||'Tige creuse et dotée de canaux sécréteurs de résines et d''essences odorantes. Feuilles alternes, composées, pennées, au pétiole engainant au niveau des nœuds. Leur inflorescence est généralement une ombelle. Fruits secs doubles. '||x'0a0a'||'Régions tempérées. '||x'0a0a'||'Wikipedia');
INSERT INTO Familles (Famille, Intervalle, Notes) VALUES ('Asteraceae',3.0,'Artichaut, chicorée, laitue, tournesol '||x'0a0a'||'Risques de sclérotiniose. '||x'0a0a'||'Tige herbacée généralement dressée. Feuilles sans stipules, souvent simples. Fleurs minuscules, réunies en inflorescences appelées capitules. '||x'0a0a'||'Principalement dans les régions tempérées. '||x'0a0a'||'Wikipedia');
INSERT INTO Familles (Famille, Intervalle, Notes) VALUES ('Brassicaceae',3.0,'Choux, colza, cresson, moutarde, navet, raifort '||x'0a0a'||'Risques d’hernie du chou, altises. '||x'0a0a'||'Plantes herbacées. Iinflorescence généralement en grappe simple. '||x'0a0a'||'Surtout présentes dans l''hémisphère nord. '||x'0a0a'||'Wikipedia');
INSERT INTO Familles (Famille, Intervalle, Notes) VALUES ('Cannabaceae',NULL,'Cannabis, houblon');
INSERT INTO Familles (Famille, Intervalle, Notes) VALUES ('Chenopodiaceae',3.0,'Betterave, chénopodes, épinard, poirée (ou bette) '||x'0a0a'||'Maladies racinaires comme le rhizoctone. '||x'0a0a'||'Plantes herbacées.');
INSERT INTO Familles (Famille, Intervalle, Notes) VALUES ('Convovulvaceae',4.0,'Liserons, patate douce '||x'0a0a'||'Sensible aux maladies fongiques (fusariose, pourriture noire) et aux nématodes à galles (Meloidogyne spp.). '||x'0a0a'||'Racine pivotante, ramifiée, charnue. Tiges dressées ou prostrées, cylindriques, ramifiées. Feuilles alternes, pétiolées, sans stipules. Exsudent souvent un latex blanc. Fleurs généralement grandes et très colorées. '||x'0a0a'||'Régions tropicales et subtropicales '||x'0a0a'||'Wikipedia');
INSERT INTO Familles (Famille, Intervalle, Notes) VALUES ('Couverts végétaux',0.0,NULL);
INSERT INTO Familles (Famille, Intervalle, Notes) VALUES ('Cucurbitaceae',3.0,'Concombre, courges, courgettes, melon '||x'0a0a'||'Problèmes de fusariose et d’oïdium. '||x'0a0a'||'Généralement des plantes herbacées, à port rampant ou grimpant. Feuilles alternes sans stipule. Grandes fleurs. Le fruit est en général une baie. '||x'0a0a'||'Wikipedia');
INSERT INTO Familles (Famille, Intervalle, Notes) VALUES ('Ebenaceae',NULL,'Plaqueminier, ébène.'||x'0a0a'||'Arbres et arbustes.'||x'0a0a'||'Principalement des régions tropicales.'||x'0a0a'||'Wikipedia');
INSERT INTO Familles (Famille, Intervalle, Notes) VALUES ('Euphorbiaceae',5.0,'Manioc, ricin '||x'0a0a'||'Sensible à la bactériose vasculaire, risque de  nématodes et de cochenilles farineuses. '||x'0a0a'||'Plantes à fleurs dicotylédones. '||x'0a0a'||'Wikipedia');
INSERT INTO Familles (Famille, Intervalle, Notes) VALUES ('Fabaceae',3.0,'Arachide, fèves, haricots, lentilles, luzerne, pois chiche, soja, trèfle '||x'0a0a'||'Sensibles aux nématodes. '||x'0a0a'||'Activité symbiotique de fixation de l''azote atmosphérique grâce à des bactéries. '||x'0a0a'||'Wikipédia');
INSERT INTO Familles (Famille, Intervalle, Notes) VALUES ('Grossulariaceae',NULL,'Groseilliers, cassissier'||x'0a0a'||'Arbustes dicotylédones.'||x'0a0a'||'Zones froides à subtropicales.'||x'0a0a'||'Wikipedia');
INSERT INTO Familles (Famille, Intervalle, Notes) VALUES ('Hydrophyllaceae',3.0,'Phacélie');
INSERT INTO Familles (Famille, Intervalle, Notes) VALUES ('Juglandaceae',NULL,'Noyer, pacanier');
INSERT INTO Familles (Famille, Intervalle, Notes) VALUES ('Lamiaceae',3.0,'Basilic, mélisse, menthe, romarin, sauge, serpolet, thym '||x'0a0a'||'Sensibles à  la fusariose, l’oïdium et la verticilliose. '||x'0a0a'||'Producteurs d''huiles essentielles, souvent mellifères. '||x'0a0a'||'Wikipedia');
INSERT INTO Familles (Famille, Intervalle, Notes) VALUES ('Lythraceae',NULL,'Grenadier, salicaire, châtaigne d''eau'||x'0a0a'||'Arbres ou herbes vivaces ou annuelles, à fleurs dicotylédones, certaines aquatiques. '||x'0a0a'||'Wikipedia');
INSERT INTO Familles (Famille, Intervalle, Notes) VALUES ('Malvaceae',NULL,'Hibiscus, tilleul, rose trémière, guimauve, baobab.'||x'0a0a'||'Principalement régions tropicales d''Amérique du Sud, minoritairement régions tempérées (Méditerranée).'||x'0a0a'||'Wikipedia');
INSERT INTO Familles (Famille, Intervalle, Notes) VALUES ('Moraceae',NULL,NULL);
INSERT INTO Familles (Famille, Intervalle, Notes) VALUES ('Myrtaceae',NULL,'Eucalyptus, Feijoa, giroflier'||x'0a0a'||'Arbres ou arbustes, à fleurs dicotylédones, souvent des producteurs d''huiles aromatiques.'||x'0a0a'||'Zones tempérées, subtropicales à tropicales.'||x'0a0a'||'Wikipedia');
INSERT INTO Familles (Famille, Intervalle, Notes) VALUES ('Oleaceae',NULL,'Lilas, jasmin, forsythia, frêne, troène, olivier '||x'0a0a'||'Plantes dicotylédones à fleurs tétramères.'||x'0a0a'||'Wikipedia');
INSERT INTO Familles (Famille, Intervalle, Notes) VALUES ('Poaceae',4.0,'Blé, maïs, riz '||x'0a0a'||'Plantes herbacées à tiges cylindriques aux entrenœuds creux. Feuilles alternes dont la gaine enveloppe la tige. Inflorescence élémentaire en épillets, fleurs réduites aux organes sexuels. '||x'0a0a'||'Wikipedia');
INSERT INTO Familles (Famille, Intervalle, Notes) VALUES ('Polygonaceae',4.0,'Oseille, rhubarbe, sarrasin'||x'0a0a'||'Sensible à certaines rouilles et fusarioses.'||x'0a0a'||'Plantes herbacées, le plus souvent vivaces. Racines fibreuses qui  forment des racines secondaires latérales qui colonisent l''espace disponible. Feuilles simples généralement alternes.  Riches en acide oxalique (toxiques en grande quantité).'||x'0a0a'||'Régions de l''hémisphère nord.'||x'0a0a'||'Wikipedia');
INSERT INTO Familles (Famille, Intervalle, Notes) VALUES ('Rosaceae',NULL,'Abricotier, amandier, aubépine, cerisier, cognacier, cynorrhodon, fraisier, framboisier, mûrier, nèflier, pêcher, plaquebière, poirier, pommier, potentille, prunier, prunelier, ronce');
INSERT INTO Familles (Famille, Intervalle, Notes) VALUES ('Rutaceae',NULL,'Agrumes'||x'0a0a'||'Plantes productrices d''huiles essentielles.'||x'0a0a'||'Régions tempérées à tropicales'||x'0a0a'||'Wikipedia');
INSERT INTO Familles (Famille, Intervalle, Notes) VALUES ('Solanaceae',4.0,'Aubergine, piment, pomme de terre, tomate '||x'0a0a'||'Feuilles généralement alternes. 5 pétales soudés entre eux à des hauteurs variables. Fruit charnu ou sec. Graines habituellement oléagineuses. '||x'0a0a'||'Wikipedia');
INSERT INTO Familles (Famille, Intervalle, Notes) VALUES ('Valerianaceae',3.0,'Mâche, valériane '||x'0a0a'||'Sensible au mildiou (Peronospora valerianellae), à la sclérotiniose. Rique de de fonte des semis (Pythium, Rhizoctonia).');

-- Annuelles
INSERT INTO Espèces (Espèce,Famille,Rendement,Niveau,Densité,Dose_semis,Nb_graines_g,FG,T_germ,Levée,A_planifier,Notes) VALUES ('Ail','Alliaceae',0.7,'Facile',28,NULL,NULL,NULL,NULL,NULL,'Oui',NULL);
INSERT INTO Espèces (Espèce,Famille,Rendement,Niveau,Densité,Dose_semis,Nb_graines_g,FG,T_germ,Levée,A_planifier,Notes) VALUES ('Aubergine','Solanaceae',2.0,'Difficile',3.35,0.04,250.0,6.0,'24-30',6.0,'Oui',NULL);
INSERT INTO Espèces (Espèce,Famille,Rendement,Niveau,Densité,Dose_semis,Nb_graines_g,FG,T_germ,Levée,A_planifier,Notes) VALUES ('Betterave','Chenopodiaceae',2.5,'Facile',50,1.0,50.0,6.0,'10-30',10.0,'Oui',NULL);
INSERT INTO Espèces (Espèce,Famille,Rendement,Niveau,Densité,Dose_semis,Nb_graines_g,FG,T_germ,Levée,A_planifier,Notes) VALUES ('Blette','Chenopodiaceae',8.0,'Facile',3.2,1.0,60.0,5.0,'10-30',15.0,'Oui',NULL);
INSERT INTO Espèces (Espèce,Famille,Rendement,Niveau,Densité,Dose_semis,Nb_graines_g,FG,T_germ,Levée,A_planifier,Notes) VALUES ('Carotte','Apiaceae',3.0,'Difficile',80,0.35,925.0,4.5,'7-30',15.0,'Oui',NULL);
INSERT INTO Espèces (Espèce,Famille,Rendement,Niveau,Densité,Dose_semis,Nb_graines_g,FG,T_germ,Levée,A_planifier,Notes) VALUES ('Céleri','Apiaceae',5.0,'Moyen',5,0.02,2500.0,7.0,'16-21',15.0,'Oui',NULL);
INSERT INTO Espèces (Espèce,Famille,Rendement,Niveau,Densité,Dose_semis,Nb_graines_g,FG,T_germ,Levée,A_planifier,Notes) VALUES ('Chou brocoli','Brassicaceae',1.5,'Moyen',4.2,0.03,250.0,4.5,'7-30',7.5,'Oui',NULL);
INSERT INTO Espèces (Espèce,Famille,Rendement,Niveau,Densité,Dose_semis,Nb_graines_g,FG,T_germ,Levée,A_planifier,Notes) VALUES ('Chou de Bruxelles','Brassicaceae',1.0,'Moyen',2,0.04,350.0,5.5,'7-20',7.5,'Oui',NULL);
INSERT INTO Espèces (Espèce,Famille,Rendement,Niveau,Densité,Dose_semis,Nb_graines_g,FG,T_germ,Levée,A_planifier,Notes) VALUES ('Chou de Chine','Brassicaceae',2.0,'Difficile',4,0.03,350.0,2.5,'7-30',5.0,'Oui',NULL);
INSERT INTO Espèces (Espèce,Famille,Rendement,Niveau,Densité,Dose_semis,Nb_graines_g,FG,T_germ,Levée,A_planifier,Notes) VALUES ('Chou frisé','Brassicaceae',2.0,'Facile',5,0.03,300.0,5.5,'7-20',10.0,'Oui',NULL);
INSERT INTO Espèces (Espèce,Famille,Rendement,Niveau,Densité,Dose_semis,Nb_graines_g,FG,T_germ,Levée,A_planifier,Notes) VALUES ('Chou pommé','Brassicaceae',2.0,'Moyen',3,0.03,300.0,5.0,'7-30',6.0,'Oui',NULL);
INSERT INTO Espèces (Espèce,Famille,Rendement,Niveau,Densité,Dose_semis,Nb_graines_g,FG,T_germ,Levée,A_planifier,Notes) VALUES ('Chou-fleur','Brassicaceae',1.5,'Difficile',2.2,0.03,400.0,5.5,'7-30',9.0,'Oui',NULL);
INSERT INTO Espèces (Espèce,Famille,Rendement,Niveau,Densité,Dose_semis,Nb_graines_g,FG,T_germ,Levée,A_planifier,Notes) VALUES ('Chou-rave','Brassicaceae',2.0,'Facile',16,0.06,300.0,5.0,'7-30',9.0,'Oui',NULL);
INSERT INTO Espèces (Espèce,Famille,Rendement,Niveau,Densité,Dose_semis,Nb_graines_g,FG,T_germ,Levée,A_planifier,Notes) VALUES ('Concombre','Cucurbitaceae',1.8,'Facile',3,0.125,35.0,10.0,'16-35',9.0,'Oui',NULL);
INSERT INTO Espèces (Espèce,Famille,Rendement,Niveau,Densité,Dose_semis,Nb_graines_g,FG,T_germ,Levée,A_planifier,Notes) VALUES ('Courge','Cucurbitaceae',5.0,'Difficile',1.3,0.4,4.58,5.0,'21-35',8.0,'Oui',NULL);
INSERT INTO Espèces (Espèce,Famille,Rendement,Niveau,Densité,Dose_semis,Nb_graines_g,FG,T_germ,Levée,A_planifier,Notes) VALUES ('Courgette','Cucurbitaceae',4.0,'Facile',1.3,0.5,7.7,5.0,'21-35',8.0,'Oui',NULL);
INSERT INTO Espèces (Espèce,Famille,Rendement,Niveau,Densité,Dose_semis,Nb_graines_g,FG,T_germ,Levée,A_planifier,Notes) VALUES ('Epinard','Chenopodiaceae',2.0,'Moyen',70,0.75,110.0,4.5,'7-24',10.0,'Oui',NULL);
INSERT INTO Espèces (Espèce,Famille,Rendement,Niveau,Densité,Dose_semis,Nb_graines_g,FG,T_germ,Levée,A_planifier,Notes) VALUES ('Fenouil','Apiaceae',2.0,'Moyen',12,0.5,200.0,4.0,'12',9.0,'Oui',NULL);
INSERT INTO Espèces (Espèce,Famille,Rendement,Niveau,Densité,Dose_semis,Nb_graines_g,FG,T_germ,Levée,A_planifier,Notes) VALUES ('Fève','Fabaceae',4.0,'Moyen',17,45.0,0.75,5.0,'8',15.0,'Oui',NULL);
INSERT INTO Espèces (Espèce,Famille,Rendement,Niveau,Densité,Dose_semis,Nb_graines_g,FG,T_germ,Levée,A_planifier,Notes) VALUES ('Haricot à écosser','Fabaceae',0.2,'Moyen',8.65,10.0,3.0,3.0,'16-30',6.5,'Oui',NULL);
INSERT INTO Espèces (Espèce,Famille,Rendement,Niveau,Densité,Dose_semis,Nb_graines_g,FG,T_germ,Levée,A_planifier,Notes) VALUES ('Haricot mangetout','Fabaceae',1.5,'Moyen',7,10.0,7.0,3.0,'16-30',6.5,'Oui',NULL);
INSERT INTO Espèces (Espèce,Famille,Rendement,Niveau,Densité,Dose_semis,Nb_graines_g,FG,T_germ,Levée,A_planifier,Notes) VALUES ('Laitue','Asteraceae',2.2,'Moyen',13,0.15,800.0,4.5,'5-27',7.0,'Oui',NULL);
INSERT INTO Espèces (Espèce,Famille,Rendement,Niveau,Densité,Dose_semis,Nb_graines_g,FG,T_germ,Levée,A_planifier,Notes) VALUES ('Mâche','Valerianaceae',1.0,'Moyen',77,0.6,660.0,5.0,'15-20',13.5,'Oui',NULL);
INSERT INTO Espèces (Espèce,Famille,Rendement,Niveau,Densité,Dose_semis,Nb_graines_g,FG,T_germ,Levée,A_planifier,Notes) VALUES ('Maïs','Poaceae',1.0,'Moyen',10,4.0,4.5,2.0,'16-30',12.5,'Oui',NULL);
INSERT INTO Espèces (Espèce,Famille,Rendement,Niveau,Densité,Dose_semis,Nb_graines_g,FG,T_germ,Levée,A_planifier,Notes) VALUES ('Mélange',NULL,NULL,NULL,NULL,NULL,NULL,NULL,NULL,NULL,'Oui',NULL);
INSERT INTO Espèces (Espèce,Famille,Rendement,Niveau,Densité,Dose_semis,Nb_graines_g,FG,T_germ,Levée,A_planifier,Notes) VALUES ('Mélilot','Fabaceae',NULL,NULL,NULL,1.75,120.0,NULL,'5-10',8.0,NULL,'Pour mélange engrais vert');
INSERT INTO Espèces (Espèce,Famille,Rendement,Niveau,Densité,Dose_semis,Nb_graines_g,FG,T_germ,Levée,A_planifier,Notes) VALUES ('Melon','Cucurbitaceae',1.6,'Difficile',1.8,0.15,35.0,7.0,'24-35',6.5,'Oui',NULL);
INSERT INTO Espèces (Espèce,Famille,Rendement,Niveau,Densité,Dose_semis,Nb_graines_g,FG,T_germ,Levée,A_planifier,Notes) VALUES ('Moutarde','Brassicaceae',NULL,NULL,NULL,1.3,130.0,NULL,'3-5',6.0,NULL,'Pour mélange engrais vert');
INSERT INTO Espèces (Espèce,Famille,Rendement,Niveau,Densité,Dose_semis,Nb_graines_g,FG,T_germ,Levée,A_planifier,Notes) VALUES ('Navet','Brassicaceae',2.2,'Moyen',85,0.3,600.0,4.5,'7-30',5.5,'Oui',NULL);
INSERT INTO Espèces (Espèce,Famille,Rendement,Niveau,Densité,Dose_semis,Nb_graines_g,FG,T_germ,Levée,A_planifier,Notes) VALUES ('Oignon','Alliaceae',3.0,'Moyen',44,0.4,264.0,2.0,'10-30',22.5,'Oui',NULL);
INSERT INTO Espèces (Espèce,Famille,Rendement,Niveau,Densité,Dose_semis,Nb_graines_g,FG,T_germ,Levée,A_planifier,Notes) VALUES ('Panais','Apiaceae',1.5,'Moyen',35,0.5,220.0,1.0,'20',17.5,'Oui',NULL);
INSERT INTO Espèces (Espèce,Famille,Rendement,Niveau,Densité,Dose_semis,Nb_graines_g,FG,T_germ,Levée,A_planifier,Notes) VALUES ('Patate douce','Convolvulaceae',2.0,'Difficile',3.2,NULL,NULL,NULL,'25',NULL,'Oui',NULL);
INSERT INTO Espèces (Espèce,Famille,Rendement,Niveau,Densité,Dose_semis,Nb_graines_g,FG,T_germ,Levée,A_planifier,Notes) VALUES ('Persil','Apiaceae',1.0,'Moyen',2,1.0,600.0,3.0,'16-30',20.0,'Oui',NULL);
INSERT INTO Espèces (Espèce,Famille,Rendement,Niveau,Densité,Dose_semis,Nb_graines_g,FG,T_germ,Levée,A_planifier,Notes) VALUES ('Phacélie','Hydrophyllaceae',NULL,NULL,NULL,1.5,550.0,NULL,'4-5',8.0,NULL,'Pour mélange engrais vert');
INSERT INTO Espèces (Espèce,Famille,Rendement,Niveau,Densité,Dose_semis,Nb_graines_g,FG,T_germ,Levée,A_planifier,Notes) VALUES ('Physalis','Solanaceae',1.0,NULL,2,NULL,825.0,8.0,'20-22',25.0,'Oui',NULL);
INSERT INTO Espèces (Espèce,Famille,Rendement,Niveau,Densité,Dose_semis,Nb_graines_g,FG,T_germ,Levée,A_planifier,Notes) VALUES ('Poireau','Alliaceae',1.8,'Moyen',47,0.17,300.3,2.0,'13-24',15.0,'Oui',NULL);
INSERT INTO Espèces (Espèce,Famille,Rendement,Niveau,Densité,Dose_semis,Nb_graines_g,FG,T_germ,Levée,A_planifier,Notes) VALUES ('Poivron piment','Solanaceae',2.5,'Moyen',4.4,0.075,150.0,4.0,'18-35',12.5,'Oui',NULL);
INSERT INTO Espèces (Espèce,Famille,Rendement,Niveau,Densité,Dose_semis,Nb_graines_g,FG,T_germ,Levée,A_planifier,Notes) VALUES ('Pomme de terre','Solanaceae',2.8,'Moyen',2.7,NULL,NULL,NULL,NULL,NULL,'Oui',NULL);
INSERT INTO Espèces (Espèce,Famille,Rendement,Niveau,Densité,Dose_semis,Nb_graines_g,FG,T_germ,Levée,A_planifier,Notes) VALUES ('Radis','Brassicaceae',0.7,'Facile',160,4.5,120.0,4.5,'7-32',4.0,'Oui',NULL);
INSERT INTO Espèces (Espèce,Famille,Rendement,Niveau,Densité,Dose_semis,Nb_graines_g,FG,T_germ,Levée,A_planifier,Notes) VALUES ('Radis noir','Brassicaceae',2.5,'Facile',26.5,4.5,120.0,4.5,'7-32',3.5,'Oui',NULL);
INSERT INTO Espèces (Espèce,Famille,Rendement,Niveau,Densité,Dose_semis,Nb_graines_g,FG,T_germ,Levée,A_planifier,Notes) VALUES ('Ricin','Euphorbiaceae',NULL,NULL,0.4,0.5,1.0,NULL,NULL,NULL,'Oui',NULL);
INSERT INTO Espèces (Espèce,Famille,Rendement,Niveau,Densité,Dose_semis,Nb_graines_g,FG,T_germ,Levée,A_planifier,Notes) VALUES ('Roquette','Brassicaceae',2.5,'Facile',107,NULL,660.0,NULL,NULL,NULL,'Oui',NULL);
INSERT INTO Espèces (Espèce,Famille,Rendement,Niveau,Densité,Dose_semis,Nb_graines_g,FG,T_germ,Levée,A_planifier,Notes) VALUES ('Sarrasin','Polygonaceae',NULL,NULL,NULL,5.5,5.5,NULL,'10-15',8.0,NULL,'Pour mélange engrais vert');
INSERT INTO Espèces (Espèce,Famille,Rendement,Niveau,Densité,Dose_semis,Nb_graines_g,FG,T_germ,Levée,A_planifier,Notes) VALUES ('Sorgho','Poaceae',NULL,NULL,NULL,4.5,27.0,NULL,'20-30',8.0,NULL,'Pour mélange engrais vert');
INSERT INTO Espèces (Espèce,Famille,Rendement,Niveau,Densité,Dose_semis,Nb_graines_g,FG,T_germ,Levée,A_planifier,Notes) VALUES ('Tomate','Solanaceae',8.0,'Moyen',3.5,0.03,350.0,4.0,'16-30',7.0,'Oui',NULL);
INSERT INTO Espèces (Espèce,Famille,Rendement,Niveau,Densité,Dose_semis,Nb_graines_g,FG,T_germ,Levée,A_planifier,Notes) VALUES ('Topinambour','Asteraceae',1.0,'Facile',3.3,NULL,NULL,NULL,NULL,NULL,'Oui',NULL);
INSERT INTO Espèces (Espèce,Famille,Rendement,Niveau,Densité,Dose_semis,Nb_graines_g,FG,T_germ,Levée,A_planifier,Notes) VALUES ('Tournesol','Apiaceae',1.0,NULL,NULL,NULL,50.0,7.0,NULL,NULL,'Oui',NULL);
INSERT INTO Espèces (Espèce,Famille,Rendement,Niveau,Densité,Dose_semis,Nb_graines_g,FG,T_germ,Levée,A_planifier,Notes) VALUES ('Trèfle blanc','Fabaceae',NULL,NULL,NULL,1.0,50.0,NULL,'5-10',8.0,NULL,'Pour mélange engrais vert');
INSERT INTO Espèces (Espèce,Famille,Rendement,Niveau,Densité,Dose_semis,Nb_graines_g,FG,T_germ,Levée,A_planifier,Notes) VALUES ('Trèfle violet','Fabaceae',NULL,NULL,NULL,2.0,40.0,NULL,'5-10',8.0,NULL,'Pour mélange engrais vert');
INSERT INTO Espèces (Espèce,Famille,Rendement,Niveau,Densité,Dose_semis,Nb_graines_g,FG,T_germ,Levée,A_planifier,Notes) VALUES ('Vesce','Fabaceae',NULL,NULL,NULL,12.0,45.0,NULL,'5-10',8.0,NULL,'Pour mélange engrais vert');

-- Vivaces
INSERT INTO Espèces (Espèce,Famille,Favorable,Défavorable,Vivace,A_planifier) VALUES ('Abricotier','Rosaceae','- Expo ensoleillèe, lumière et froid en hiver, soleil en été'||x'0a'||'- Ne demande pas de forte fertilisation','Gelées printanières','x',NULL);
INSERT INTO Espèces (Espèce,Famille,Favorable,Défavorable,Vivace,A_planifier) VALUES ('Actinidia',NULL,'- Expo abrité,est/sud-est.'||x'0a'||'- Sol frais, riche en humus.'||x'0a'||'- Très résistant au froid.','Gelées printanières','x',NULL);
INSERT INTO Espèces (Espèce,Famille,Favorable,Défavorable,Vivace,A_planifier) VALUES ('Albizia','Fabaceae',NULL,NULL,'x',NULL);
INSERT INTO Espèces (Espèce,Famille,Favorable,Défavorable,Vivace,A_planifier) VALUES ('Amandier','Rosaceae','- Sol profond, riche en calcaire'||x'0a'||'- Etés chauds et hivers courts'||x'0a'||'- Supporte sécheresse (200mm/an suffisant)','- Sol à humidité stagnante'||x'0a'||'- Gelées printanières','x',NULL);
INSERT INTO Espèces (Espèce,Famille,Favorable,Défavorable,Vivace,A_planifier) VALUES ('Argousier',NULL,'Expo ensoleillèe',NULL,'x',NULL);
INSERT INTO Espèces (Espèce,Famille,Favorable,Défavorable,Vivace,A_planifier) VALUES ('Bambou','Poaceae',NULL,NULL,'x',NULL);
INSERT INTO Espèces (Espèce,Famille,Favorable,Défavorable,Vivace,A_planifier) VALUES ('Cerisier','Rosaceae','Sol fertile, profond et bien drainé','Taille','x',NULL);
INSERT INTO Espèces (Espèce,Famille,Favorable,Défavorable,Vivace,A_planifier) VALUES ('Châtaignier','Fabaceae','Chaleur','- Sol argileux et humide'||x'0a'||'- Gelées printanières','x',NULL);
INSERT INTO Espèces (Espèce,Famille,Favorable,Défavorable,Vivace,A_planifier) VALUES ('Chayote','Cucurbitaceae',NULL,NULL,'x',NULL);
INSERT INTO Espèces (Espèce,Famille,Favorable,Défavorable,Vivace,A_planifier) VALUES ('Citronnier','Rutaceae','- Expo ensoleillèe'||x'0a'||'- Sol bien drainé','- Sol humide'||x'0a'||'- Froid et vent','x',NULL);
INSERT INTO Espèces (Espèce,Famille,Favorable,Défavorable,Vivace,A_planifier) VALUES ('Cognassier','Rosaceae','- Sol profond et frais'||x'0a'||'- Très résistant au froid'||x'0a'||'- Grosse chaleur',NULL,'x',NULL);
INSERT INTO Espèces (Espèce,Famille,Favorable,Défavorable,Vivace,A_planifier) VALUES ('Feijoa','Myrtaceae','- Expo ensoleillèe'||x'0a'||'- Tout type de sol'||x'0a'||'- Résistant au froid -10°C'||x'0a'||'- Besoin de chaleur pour fructifier',NULL,'x',NULL);
INSERT INTO Espèces (Espèce,Famille,Favorable,Défavorable,Vivace,A_planifier) VALUES ('Figuier','Moraceae','Sol frais et profond','Très sensible au gel','x',NULL);
INSERT INTO Espèces (Espèce,Famille,Favorable,Défavorable,Vivace,A_planifier) VALUES ('Framboisier','Rosaceae','Sol léger, frais, riche en humus','- Sol à humidité stagnante'||x'0a'||'- Sécheresse excessive'||x'0a'||'- Concurrence des herbes','x',NULL);
INSERT INTO Espèces (Espèce,Famille,Favorable,Défavorable,Vivace,A_planifier) VALUES ('Frêne','Oleaceae',NULL,NULL,'x',NULL);
INSERT INTO Espèces (Espèce,Famille,Favorable,Défavorable,Vivace,A_planifier) VALUES ('Grenadier','Lythraceae','- Sol très humide'||x'0a'||'- Résistant au froid -12°C'||x'0a'||'- Besoin de chaleur pour fructifier',NULL,'x',NULL);
INSERT INTO Espèces (Espèce,Famille,Favorable,Défavorable,Vivace,A_planifier) VALUES ('Groseillier','Grossulariaceae','Froid en hiver','- Expo sud/sud-ouest'||x'0a'||'- Forte chaleur en été'||x'0a'||'- Concurrence des herbes','x',NULL);
INSERT INTO Espèces (Espèce,Famille,Favorable,Défavorable,Vivace,A_planifier) VALUES ('Hibiscus','Malvaceae',NULL,NULL,'x',NULL);
INSERT INTO Espèces (Espèce,Famille,Favorable,Défavorable,Vivace,A_planifier) VALUES ('Houblon','Cannabaceae',NULL,NULL,'x',NULL);
INSERT INTO Espèces (Espèce,Famille,Favorable,Défavorable,Vivace,A_planifier) VALUES ('Kaki-pomme','Ebenaceae',NULL,NULL,'x',NULL);
INSERT INTO Espèces (Espèce,Famille,Favorable,Défavorable,Vivace,A_planifier) VALUES ('Kumquat','Rutaceae','- Expo ensoleillèe'||x'0a'||'- Sol bien drainé','- Sol humide'||x'0a'||'- Froid et vent','x',NULL);
INSERT INTO Espèces (Espèce,Famille,Favorable,Défavorable,Vivace,A_planifier) VALUES ('Mandarinier','Rutaceae','- Expo ensoleillèe'||x'0a'||'- Sol bien drainé','- Sol humide'||x'0a'||'- Froid et vent','x',NULL);
INSERT INTO Espèces (Espèce,Famille,Favorable,Défavorable,Vivace,A_planifier) VALUES ('Mûrier platane','Moraceae','- Sol profond et frais'||x'0a'||'- Résistant au froid -18°C',NULL,'x',NULL);
INSERT INTO Espèces (Espèce,Famille,Favorable,Défavorable,Vivace,A_planifier) VALUES ('Mûrier sans épine','Rosaceae',NULL,NULL,'x',NULL);
INSERT INTO Espèces (Espèce,Famille,Favorable,Défavorable,Vivace,A_planifier) VALUES ('Néflier','Rosaceae','Expo ensoleillèe',NULL,'x',NULL);
INSERT INTO Espèces (Espèce,Famille,Favorable,Défavorable,Vivace,A_planifier) VALUES ('Noisetier',NULL,'Sol fertile limono-argileux',NULL,'x',NULL);
INSERT INTO Espèces (Espèce,Famille,Favorable,Défavorable,Vivace,A_planifier) VALUES ('Noyer','Juglandaceae',NULL,'- Gelées printanières'||x'0a'||'- Taille','x',NULL);
INSERT INTO Espèces (Espèce,Famille,Favorable,Défavorable,Vivace,A_planifier) VALUES ('Olivier','Oleaceae','- Expo ensoleillèe'||x'0a'||'- Chaleur','-Froid'||x'0a'||'-Sol argileux humide','x',NULL);
INSERT INTO Espèces (Espèce,Famille,Favorable,Défavorable,Vivace,A_planifier) VALUES ('Oranger','Rutaceae','- Expo ensoleillèe'||x'0a'||'- Sol bien drainé','- Sol humide'||x'0a'||'- Froid et vent','x',NULL);
INSERT INTO Espèces (Espèce,Famille,Favorable,Défavorable,Vivace,A_planifier) VALUES ('Pêcher','Rosaceae','-Expo ensoleillèe'||x'0a'||'-Sol fertile','- Sol à humidité stagnante'||x'0a'||'- Gelées printanières'||x'0a'||'- Concurrence des herbes','x',NULL);
INSERT INTO Espèces (Espèce,Famille,Favorable,Défavorable,Vivace,A_planifier) VALUES ('Plaqueminier','Ebenaceae','- Sol bien drainé, frais et fertile'||x'0a'||'- Résistant au froid -18°C','Gelées printanières ( jeunes arbres) -5°C','x',NULL);
INSERT INTO Espèces (Espèce,Famille,Favorable,Défavorable,Vivace,A_planifier) VALUES ('Poirier','Rosaceae','Sol profond et frais','Sol à humidité stagnante','x',NULL);
INSERT INTO Espèces (Espèce,Famille,Favorable,Défavorable,Vivace,A_planifier) VALUES ('Pommier','Rosaceae','- Sol frais'||x'0a'||'- Fraîcheur',NULL,'x',NULL);
INSERT INTO Espèces (Espèce,Famille,Favorable,Défavorable,Vivace,A_planifier) VALUES ('Prunier','Rosaceae',NULL,'- Sol humide et froid'||x'0a'||'- Gelées printanières'||x'0a'||'- Taille','x',NULL);
INSERT INTO Espèces (Espèce,Famille,Favorable,Défavorable,Vivace,A_planifier) VALUES ('Pyracantha','Rosaceae',NULL,NULL,'x',NULL);
INSERT INTO Espèces (Espèce,Famille,Favorable,Défavorable,Vivace,A_planifier) VALUES ('Sureau',NULL,'Sol profond, riche en azote et en MO, un peu humide, fertile.',NULL,'x',NULL);
INSERT INTO Espèces (Espèce,Famille,Favorable,Défavorable,Vivace,A_planifier) VALUES ('Tilleul','Malvaceae',NULL,NULL,'x',NULL);
INSERT INTO Espèces (Espèce,Famille,Favorable,Défavorable,Vivace,A_planifier) VALUES ('Vigne',NULL,'Expo ensoleillèe',NULL,'x',NULL);

INSERT INTO Fertilisants (Fertilisant, Type,Fonction) VALUES ('Algues marines','Amendement','Oligo-éléments, stimule croissance et résistance');
INSERT INTO Fertilisants (Fertilisant, Type,Fonction) VALUES ('Broyat de bois','Couvert','Structurant, aère et nourrit les micro-organismes lignivores');
INSERT INTO Fertilisants (Fertilisant, Type,Fonction) VALUES ('Broyat de chanvre','Couvert','Structurant azoté, bonne source de K et MO');
INSERT INTO Fertilisants (Fertilisant, Type,Fonction) VALUES ('Cendre de bois','Amendement','Alcalinisant potassique, hausse du pH, apport de K, Ca et oligos');
INSERT INTO Fertilisants (Fertilisant, Type,Fonction) VALUES ('Compost de champignons','Amendement','Résidu organique enrichi, apport de MO et Ca, structure');
INSERT INTO Fertilisants (Fertilisant, Type,Fonction) VALUES ('Compost de déchets verts demi-mûr','Amendement','Stimule la vie du sol, MO, structure, nutriments pas encore disponibles');
INSERT INTO Fertilisants (Fertilisant, Type,Fonction) VALUES ('Compost de déchets verts mûr','Amendement','Apport de MO stable, structuration');
INSERT INTO Fertilisants (Fertilisant, Type,Fonction) VALUES ('Copeaux de corne','Engrais','Azote lent');
INSERT INTO Fertilisants (Fertilisant, Type,Fonction) VALUES ('Crottin d’ânes','Amendement','Amendement équilibré à décomposition modérée');
INSERT INTO Fertilisants (Fertilisant, Type,Fonction) VALUES ('Farine d’os','Engrais','Apport durable de P et Ca');
INSERT INTO Fertilisants (Fertilisant, Type,Fonction) VALUES ('Farine de poisson','Engrais','Organique complet, riche en NPK, action moyennement rapide');
INSERT INTO Fertilisants (Fertilisant, Type,Fonction) VALUES ('Farine de sang','Engrais','Apport d’azote soluble, action rapide');
INSERT INTO Fertilisants (Fertilisant, Type,Fonction) VALUES ('Fiente de poules séchées','Engrais','Organique concentré, apport direct de NPK, action rapide');
INSERT INTO Fertilisants (Fertilisant, Type,Fonction) VALUES ('Foin','Couvert','Biomasse carbonée, alimentation du sol et protection contre l’érosion');
INSERT INTO Fertilisants (Fertilisant, Type,Fonction) VALUES ('Fumier de cheval','Amendement','Fertilisant organique fibreux, structuration du sol, fertilisation lente');
INSERT INTO Fertilisants (Fertilisant, Type,Fonction) VALUES ('Fumier de lapin','Amendement','Fertilisant organique très riche, utilisable frais');
INSERT INTO Fertilisants (Fertilisant, Type,Fonction) VALUES ('Fumier de mouton','Amendement','Fertilisant organique riche en NPK, chauffe bien');
INSERT INTO Fertilisants (Fertilisant, Type,Fonction) VALUES ('Fumier de poules','Amendement','Fertilisant organique NPK + MO, forte activité microbienne');
INSERT INTO Fertilisants (Fertilisant, Type,Fonction) VALUES ('Fumier de vache','Amendement','Fertilisant organique, apport de MO, effet structurant');
INSERT INTO Fertilisants (Fertilisant, Type,Fonction) VALUES ('Guano','Engrais','Fertilisation rapide, riche en P et N');
INSERT INTO Fertilisants (Fertilisant, Type,Fonction) VALUES ('Lombricompost','Amendement','Compost enrichi en microflore, stimulation biologique, fertilisation douce');
INSERT INTO Fertilisants (Fertilisant, Type,Fonction) VALUES ('Paille','Couvert','Matière organique carbonée, structuration, alimentation des microbes');
INSERT INTO Fertilisants (Fertilisant, Type,Fonction) VALUES ('Purin de consoude','Engrais','Biostimulant, apport de K et oligo-éléments');
INSERT INTO Fertilisants (Fertilisant, Type,Fonction) VALUES ('Purin de pissenlit','Biostimulant','Stimulant racinaire et croissance');
INSERT INTO Fertilisants (Fertilisant, Type,Fonction) VALUES ('Purin de prêle','Biostimulant','Fongistatique siliceux, renforcement des défenses naturelles');
INSERT INTO Fertilisants (Fertilisant, Type,Fonction) VALUES ('Purin d’ortie','Engrais','Biostimulant azoté, stimulation végétative, faible NPK');
INSERT INTO Fertilisants (Fertilisant, Type,Fonction) VALUES ('Tourteau de ricin','Engrais','Organique lent, riche en N, répulsif naturel (nématicide)');
INSERT INTO Fertilisants (Fertilisant, Type,Fonction) VALUES ('Urine stockée','Engrais','Source d’azote minéral rapidement assimilable');



INSERT INTO Fournisseurs (Fournisseur, Type, Priorité, Site_web, Notes) VALUES ('Agrosemens','Semences', NULL, 'https://www.agrosemens.com', 'Bio');
INSERT INTO Fournisseurs (Fournisseur, Type, Priorité, Site_web, Notes) VALUES ('Baumaux', 'Semences', NULL, 'https://www.graines-baumaux.fr', NULL);
INSERT INTO Fournisseurs (Fournisseur, Type, Priorité, Site_web, Notes) VALUES ('Biau germe', 'Semences', NULL, 'https://www.biaugerme.com', 'Bio');
INSERT INTO Fournisseurs (Fournisseur, Type, Priorité, Site_web, Notes) VALUES ('Del Païs', 'Semences', NULL, 'https://grainesdelpais.com', 'Bio');
INSERT INTO Fournisseurs (Fournisseur, Type, Priorité, Site_web, Notes) VALUES ('Essembio', 'Semences', NULL, 'https://essembio.com', 'Bio');
INSERT INTO Fournisseurs (Fournisseur, Type, Priorité, Site_web, Notes) VALUES ('Gautier', 'Semences', NULL, 'https://www.gautiersemences.com', NULL);
INSERT INTO Fournisseurs (Fournisseur, Type, Priorité, Site_web, Notes) VALUES ('Germinance', 'Semences', NULL, 'https://www.germinance.com', 'Bio');
INSERT INTO Fournisseurs (Fournisseur, Type, Priorité, Site_web, Notes) VALUES ('Kokopelli', 'Semences', NULL, 'https://kokopelli-semences.fr', 'Bio');
INSERT INTO Fournisseurs (Fournisseur, Type, Priorité, Site_web, Notes) VALUES ('Pensez Sauvage', 'Semences', NULL, 'https://pensezsauvage.org', 'Bio');
INSERT INTO Fournisseurs (Fournisseur, Type, Priorité, Site_web, Notes) VALUES ('Prosem', 'Semences', NULL, 'https://www.prosem.fr', NULL);
INSERT INTO Fournisseurs (Fournisseur, Type, Priorité, Site_web, Notes) VALUES ('Sativa', 'Semences', NULL, 'https://www.sativa-semencesbio.fr', 'Bio');
INSERT INTO Fournisseurs (Fournisseur, Type, Priorité, Site_web, Notes) VALUES ('Voltz', 'Semences', NULL, 'https://www.graines-voltz.com', NULL);

-- INSERT INTO Types_planche (Type, Notes) VALUES ('Extérieur', NULL);
-- INSERT INTO Types_planche (Type, Notes) VALUES ('Serre', NULL);

INSERT INTO Planches (Planche, Type, Longueur, Largeur, Rotation, Année, Notes) VALUES ('GC1A', 'Extérieur', 50.0, 1.0, 'Grande culture', 1, NULL);
INSERT INTO Planches (Planche, Type, Longueur, Largeur, Rotation, Année, Notes) VALUES ('GC1B', 'Extérieur', 50.0, 1.0, 'Grande culture', 1, NULL);
INSERT INTO Planches (Planche, Type, Longueur, Largeur, Rotation, Année, Notes) VALUES ('GC1C', 'Extérieur', 50.0, 1.0, 'Grande culture', 1, NULL);
INSERT INTO Planches (Planche, Type, Longueur, Largeur, Rotation, Année, Notes) VALUES ('GC1D', 'Extérieur', 50.0, 1.0, 'Grande culture', 1, NULL);
INSERT INTO Planches (Planche, Type, Longueur, Largeur, Rotation, Année, Notes) VALUES ('GC2A', 'Extérieur', 50.0, 1.0, 'Grande culture', 2, NULL);
INSERT INTO Planches (Planche, Type, Longueur, Largeur, Rotation, Année, Notes) VALUES ('GC2B', 'Extérieur', 50.0, 1.0, 'Grande culture', 2, NULL);
INSERT INTO Planches (Planche, Type, Longueur, Largeur, Rotation, Année, Notes) VALUES ('GC2C', 'Extérieur', 50.0, 1.0, 'Grande culture', 2, NULL);
INSERT INTO Planches (Planche, Type, Longueur, Largeur, Rotation, Année, Notes) VALUES ('GC2D', 'Extérieur', 50.0, 1.0, 'Grande culture', 2, NULL);
INSERT INTO Planches (Planche, Type, Longueur, Largeur, Rotation, Année, Notes) VALUES ('GC3A', 'Extérieur', 50.0, 1.0, 'Grande culture', 3, NULL);
INSERT INTO Planches (Planche, Type, Longueur, Largeur, Rotation, Année, Notes) VALUES ('GC3B', 'Extérieur', 50.0, 1.0, 'Grande culture', 3, NULL);
INSERT INTO Planches (Planche, Type, Longueur, Largeur, Rotation, Année, Notes) VALUES ('GC3C', 'Extérieur', 50.0, 1.0, 'Grande culture', 3, NULL);
INSERT INTO Planches (Planche, Type, Longueur, Largeur, Rotation, Année, Notes) VALUES ('GC3D', 'Extérieur', 50.0, 1.0, 'Grande culture', 3, NULL);
INSERT INTO Planches (Planche, Type, Longueur, Largeur, Rotation, Année, Notes) VALUES ('GC4A', 'Extérieur', 50.0, 1.0, 'Grande culture', 4, NULL);
INSERT INTO Planches (Planche, Type, Longueur, Largeur, Rotation, Année, Notes) VALUES ('GC4B', 'Extérieur', 50.0, 1.0, 'Grande culture', 4, NULL);
INSERT INTO Planches (Planche, Type, Longueur, Largeur, Rotation, Année, Notes) VALUES ('GC4C', 'Extérieur', 50.0, 1.0, 'Grande culture', 4, NULL);
INSERT INTO Planches (Planche, Type, Longueur, Largeur, Rotation, Année, Notes) VALUES ('GC4D', 'Extérieur', 50.0, 1.0, 'Grande culture', 4, NULL);
INSERT INTO Planches (Planche, Type, Longueur, Largeur, Rotation, Année, Notes) VALUES ('Po1A', 'Extérieur', 8.0, 0.8, 'Potager', 1, NULL);
INSERT INTO Planches (Planche, Type, Longueur, Largeur, Rotation, Année, Notes) VALUES ('Po1B', 'Extérieur', 8.0, 0.8, 'Potager', 1, NULL);
INSERT INTO Planches (Planche, Type, Longueur, Largeur, Rotation, Année, Notes) VALUES ('Po1C', 'Extérieur', 8.0, 0.8, 'Potager', 1, NULL);
INSERT INTO Planches (Planche, Type, Longueur, Largeur, Rotation, Année, Notes) VALUES ('Po1D', 'Extérieur', 8.0, 0.8, 'Potager', 1, NULL);
INSERT INTO Planches (Planche, Type, Longueur, Largeur, Rotation, Année, Notes) VALUES ('Po2A', 'Extérieur', 8.0, 0.8, 'Potager', 2, NULL);
INSERT INTO Planches (Planche, Type, Longueur, Largeur, Rotation, Année, Notes) VALUES ('Po2B', 'Extérieur', 8.0, 0.8, 'Potager', 2, NULL);
INSERT INTO Planches (Planche, Type, Longueur, Largeur, Rotation, Année, Notes) VALUES ('Po2C', 'Extérieur', 8.0, 0.8, 'Potager', 2, NULL);
INSERT INTO Planches (Planche, Type, Longueur, Largeur, Rotation, Année, Notes) VALUES ('Po2D', 'Extérieur', 8.0, 0.8, 'Potager', 2, NULL);
INSERT INTO Planches (Planche, Type, Longueur, Largeur, Rotation, Année, Notes) VALUES ('Po3A', 'Extérieur', 8.0, 0.8, 'Potager', 3, NULL);
INSERT INTO Planches (Planche, Type, Longueur, Largeur, Rotation, Année, Notes) VALUES ('Po3B', 'Extérieur', 8.0, 0.8, 'Potager', 3, NULL);
INSERT INTO Planches (Planche, Type, Longueur, Largeur, Rotation, Année, Notes) VALUES ('Po3C', 'Extérieur', 8.0, 0.8, 'Potager', 3, NULL);
INSERT INTO Planches (Planche, Type, Longueur, Largeur, Rotation, Année, Notes) VALUES ('Po3D', 'Extérieur', 8.0, 0.8, 'Potager', 3, NULL);
INSERT INTO Planches (Planche, Type, Longueur, Largeur, Rotation, Année, Notes) VALUES ('Po4A', 'Extérieur', 8.0, 0.8, 'Potager', 4, NULL);
INSERT INTO Planches (Planche, Type, Longueur, Largeur, Rotation, Année, Notes) VALUES ('Po4B', 'Extérieur', 8.0, 0.8, 'Potager', 4, NULL);
INSERT INTO Planches (Planche, Type, Longueur, Largeur, Rotation, Année, Notes) VALUES ('Po4C', 'Extérieur', 8.0, 0.8, 'Potager', 4, NULL);
INSERT INTO Planches (Planche, Type, Longueur, Largeur, Rotation, Année, Notes) VALUES ('Po4D', 'Extérieur', 8.0, 0.8, 'Potager', 4, NULL);
INSERT INTO Planches (Planche, Type, Longueur, Largeur, Rotation, Année, Notes) VALUES ('Po5A', 'Extérieur', 8.0, 0.8, 'Potager', 5, NULL);
INSERT INTO Planches (Planche, Type, Longueur, Largeur, Rotation, Année, Notes) VALUES ('Po5B', 'Extérieur', 8.0, 0.8, 'Potager', 5, NULL);
INSERT INTO Planches (Planche, Type, Longueur, Largeur, Rotation, Année, Notes) VALUES ('Po5C', 'Extérieur', 8.0, 0.8, 'Potager', 5, NULL);
INSERT INTO Planches (Planche, Type, Longueur, Largeur, Rotation, Année, Notes) VALUES ('Po5D', 'Extérieur', 8.0, 0.8, 'Potager', 5, NULL);

INSERT INTO ITP (IT_plante, Espèce, Type_planche, S_semis, S_plantation, S_récolte, D_récolte, Décal_max, Nb_rangs, Espacement, Nb_graines_trou, Dose_semis, Notes) VALUES ('Ail plant. automne','Ail','Serre',NULL,42,25,1,9,3.0,15.0,NULL,NULL,NULL);
INSERT INTO ITP (IT_plante, Espèce, Type_planche, S_semis, S_plantation, S_récolte, D_récolte, Décal_max, Nb_rangs, Espacement, Nb_graines_trou, Dose_semis, Notes) VALUES ('Ail plant. printemps','Ail','Extérieur',NULL,7,27,1,7,3.0,15.0,NULL,NULL,NULL);
INSERT INTO ITP (IT_plante, Espèce, Type_planche, S_semis, S_plantation, S_récolte, D_récolte, Décal_max, Nb_rangs, Espacement, Nb_graines_trou, Dose_semis, Notes) VALUES ('Aubergine','Aubergine',NULL,7,18,29,4,7,1.0,60.0,1.0,NULL,NULL);
INSERT INTO ITP (IT_plante, Espèce, Type_planche, S_semis, S_plantation, S_récolte, D_récolte, Décal_max, Nb_rangs, Espacement, Nb_graines_trou, Dose_semis, Notes) VALUES ('Betterave plant. automne','Betterave','Serre',33,38,3,2,11,4.0,10.0,3.0,NULL,NULL);
INSERT INTO ITP (IT_plante, Espèce, Type_planche, S_semis, S_plantation, S_récolte, D_récolte, Décal_max, Nb_rangs, Espacement, Nb_graines_trou, Dose_semis, Notes) VALUES ('Betterave plant. printemps','Betterave','Extérieur',10,14,20,12,17,4.0,10.0,3.0,NULL,NULL);
INSERT INTO ITP (IT_plante, Espèce, Type_planche, S_semis, S_plantation, S_récolte, D_récolte, Décal_max, Nb_rangs, Espacement, Nb_graines_trou, Dose_semis, Notes) VALUES ('Blette','Blette','Extérieur',23,27,33,22,13,1.0,70.0,1.0,NULL,NULL);
INSERT INTO ITP (IT_plante, Espèce, Type_planche, S_semis, S_plantation, S_récolte, D_récolte, Décal_max, Nb_rangs, Espacement, Nb_graines_trou, Dose_semis, Notes) VALUES ('Carotte pleine terre','Carotte','Extérieur',14,NULL,27,5,13,4.0,5.0,5.0,NULL,'Semer 1 graine tous les 1cm puis éclaircir à 5cm.');
INSERT INTO ITP (IT_plante, Espèce, Type_planche, S_semis, S_plantation, S_récolte, D_récolte, Décal_max, Nb_rangs, Espacement, Nb_graines_trou, Dose_semis, Notes) VALUES ('Carotte pleine terre conservation','Carotte','Extérieur',20,NULL,40,17,7,4.0,5.0,5.0,NULL,'Semer 1 graine tous les 1cm puis éclaircir à 5cm.');
INSERT INTO ITP (IT_plante, Espèce, Type_planche, S_semis, S_plantation, S_récolte, D_récolte, Décal_max, Nb_rangs, Espacement, Nb_graines_trou, Dose_semis, Notes) VALUES ('Carotte serre','Carotte','Serre',5,NULL,18,1,9,4.0,5.0,5.0,NULL,'Semer 1 graine tous les 1cm puis éclaircir à 5cm.');
INSERT INTO ITP (IT_plante, Espèce, Type_planche, S_semis, S_plantation, S_récolte, D_récolte, Décal_max, Nb_rangs, Espacement, Nb_graines_trou, Dose_semis, Notes) VALUES ('Carotte serre conservation','Carotte','Serre',40,NULL,14,1,9,4.0,5.0,5.0,NULL,'Semer 1 graine tous les 1cm puis éclaircir à 5cm.');
INSERT INTO ITP (IT_plante, Espèce, Type_planche, S_semis, S_plantation, S_récolte, D_récolte, Décal_max, Nb_rangs, Espacement, Nb_graines_trou, Dose_semis, Notes) VALUES ('Céleri','Céleri','Extérieur',10,20,33,13,7,2.0,50.0,1.0,NULL,NULL);
INSERT INTO ITP (IT_plante, Espèce, Type_planche, S_semis, S_plantation, S_récolte, D_récolte, Décal_max, Nb_rangs, Espacement, Nb_graines_trou, Dose_semis, Notes) VALUES ('Chou brocoli','Chou brocoli','Extérieur',10,16,23,9,17,2.0,60.0,1.0,NULL,NULL);
INSERT INTO ITP (IT_plante, Espèce, Type_planche, S_semis, S_plantation, S_récolte, D_récolte, Décal_max, Nb_rangs, Espacement, Nb_graines_trou, Dose_semis, Notes) VALUES ('Chou de Bruxelles','Chou de Bruxelles','Extérieur',12,20,36,25,5,1.0,60.0,1.0,NULL,NULL);
INSERT INTO ITP (IT_plante, Espèce, Type_planche, S_semis, S_plantation, S_récolte, D_récolte, Décal_max, Nb_rangs, Espacement, Nb_graines_trou, Dose_semis, Notes) VALUES ('Chou de Chine','Chou de Chine','Extérieur',23,NULL,38,1,10,2.0,60.0,1.0,NULL,NULL);
INSERT INTO ITP (IT_plante, Espèce, Type_planche, S_semis, S_plantation, S_récolte, D_récolte, Décal_max, Nb_rangs, Espacement, Nb_graines_trou, Dose_semis, Notes) VALUES ('Chou frisé','Chou frisé','Extérieur',14,23,40,13,4,2.0,50.0,1.0,NULL,NULL);
INSERT INTO ITP (IT_plante, Espèce, Type_planche, S_semis, S_plantation, S_récolte, D_récolte, Décal_max, Nb_rangs, Espacement, Nb_graines_trou, Dose_semis, Notes) VALUES ('Chou pommé plant. automne','Chou pommé',NULL,33,42,14,8,5,2.0,50.0,1.0,NULL,NULL);
INSERT INTO ITP (IT_plante, Espèce, Type_planche, S_semis, S_plantation, S_récolte, D_récolte, Décal_max, Nb_rangs, Espacement, Nb_graines_trou, Dose_semis, Notes) VALUES ('Chou pommé plant. été','Chou pommé',NULL,20,29,49,13,4,2.0,67.0,1.0,NULL,NULL);
INSERT INTO ITP (IT_plante, Espèce, Type_planche, S_semis, S_plantation, S_récolte, D_récolte, Décal_max, Nb_rangs, Espacement, Nb_graines_trou, Dose_semis, Notes) VALUES ('Chou pommé plant. printemps','Chou pommé',NULL,7,16,27,7,2,1.0,50.0,1.0,NULL,NULL);
INSERT INTO ITP (IT_plante, Espèce, Type_planche, S_semis, S_plantation, S_récolte, D_récolte, Décal_max, Nb_rangs, Espacement, Nb_graines_trou, Dose_semis, Notes) VALUES ('Chou-fleur plant. été','Chou-fleur','Extérieur',16,29,10,10,7,1.0,70.0,1.0,NULL,NULL);
INSERT INTO ITP (IT_plante, Espèce, Type_planche, S_semis, S_plantation, S_récolte, D_récolte, Décal_max, Nb_rangs, Espacement, Nb_graines_trou, Dose_semis, Notes) VALUES ('Chou-fleur plant. printemps','Chou-fleur','Extérieur',5,14,27,1,13,1.0,70.0,1.0,NULL,NULL);
INSERT INTO ITP (IT_plante, Espèce, Type_planche, S_semis, S_plantation, S_récolte, D_récolte, Décal_max, Nb_rangs, Espacement, Nb_graines_trou, Dose_semis, Notes) VALUES ('Chou-rave plant. printemps','Chou-rave','Extérieur',10,16,27,1,17,3.0,20.0,1.0,NULL,NULL);
INSERT INTO ITP (IT_plante, Espèce, Type_planche, S_semis, S_plantation, S_récolte, D_récolte, Décal_max, Nb_rangs, Espacement, Nb_graines_trou, Dose_semis, Notes) VALUES ('Concombre','Concombre','Serre',10,14,23,10,9,1.0,50.0,1.0,NULL,NULL);
INSERT INTO ITP (IT_plante, Espèce, Type_planche, S_semis, S_plantation, S_récolte, D_récolte, Décal_max, Nb_rangs, Espacement, Nb_graines_trou, Dose_semis, Notes) VALUES ('Courge','Courge','Extérieur',10,12,36,5,6,1.0,100.0,1.0,NULL,NULL);
INSERT INTO ITP (IT_plante, Espèce, Type_planche, S_semis, S_plantation, S_récolte, D_récolte, Décal_max, Nb_rangs, Espacement, Nb_graines_trou, Dose_semis, Notes) VALUES ('Courgette','Courgette','Extérieur',20,25,27,12,6,1.0,100.0,1.0,NULL,NULL);
INSERT INTO ITP (IT_plante, Espèce, Type_planche, S_semis, S_plantation, S_récolte, D_récolte, Décal_max, Nb_rangs, Espacement, Nb_graines_trou, Dose_semis, Notes) VALUES ('Courgette sous serre','Courgette','Serre',10,12,20,10,6,1.0,100.0,1.0,NULL,NULL);
INSERT INTO ITP (IT_plante, Espèce, Type_planche, S_semis, S_plantation, S_récolte, D_récolte, Décal_max, Nb_rangs, Espacement, Nb_graines_trou, Dose_semis, Notes) VALUES ('Epinard d''automne','Epinard','Extérieur',33,NULL,42,1,9,3.0,2.0,1.0,NULL,NULL);
INSERT INTO ITP (IT_plante, Espèce, Type_planche, S_semis, S_plantation, S_récolte, D_récolte, Décal_max, Nb_rangs, Espacement, Nb_graines_trou, Dose_semis, Notes) VALUES ('Epinard d''été','Epinard','Extérieur',14,NULL,23,4,13,3.0,8.0,4.0,NULL,'Semer 1 graine tous les 2cm puis éclaircir à 8cm.');
INSERT INTO ITP (IT_plante, Espèce, Type_planche, S_semis, S_plantation, S_récolte, D_récolte, Décal_max, Nb_rangs, Espacement, Nb_graines_trou, Dose_semis, Notes) VALUES ('Epinard de printemps','Epinard','Extérieur',7,NULL,16,1,9,3.0,8.0,4.0,NULL,'Semer 1 graine tous les 2cm puis éclaircir à 8cm.');
INSERT INTO ITP (IT_plante, Espèce, Type_planche, S_semis, S_plantation, S_récolte, D_récolte, Décal_max, Nb_rangs, Espacement, Nb_graines_trou, Dose_semis, Notes) VALUES ('EV automne Seigle Vesce Moutarde Phacélie','Mélange','Extérieur',33,NULL,12,NULL,9,NULL,NULL,NULL,13.0,'Seigle 8 g/m² \n\nVesce 4 g/m² \n\nMoutarde 0,5 g/m² \n\nPhacélie 0,5 g/m²');
INSERT INTO ITP (IT_plante, Espèce, Type_planche, S_semis, S_plantation, S_récolte, D_récolte, Décal_max, Nb_rangs, Espacement, Nb_graines_trou, Dose_semis, Notes) VALUES ('EV LD automne commerce','Mélange','Extérieur',36,NULL,NULL,NULL,9,NULL,NULL,NULL,3.33,NULL);
INSERT INTO ITP (IT_plante, Espèce, Type_planche, S_semis, S_plantation, S_récolte, D_récolte, Décal_max, Nb_rangs, Espacement, Nb_graines_trou, Dose_semis, Notes) VALUES ('EV LD printemps Sorgho Trèfle Mélilot Sarrasin','Mélange','Extérieur',16,NULL,52,NULL,7,NULL,NULL,NULL,2.9,'Sorgo 1 g/m² \n\nTrèfle 0.375 g/m² \n\nMélilot 0.5 g/m² \n\nSarrasin 1.25 g/m²');
INSERT INTO ITP (IT_plante, Espèce, Type_planche, S_semis, S_plantation, S_récolte, D_récolte, Décal_max, Nb_rangs, Espacement, Nb_graines_trou, Dose_semis, Notes) VALUES ('EV printemps Sorgho Trèfle Mélilot Sarrasin','Mélange','Extérieur',16,NULL,27,NULL,7,NULL,NULL,NULL,2.9,'Sorgo 1 g/m² \n\nTrèfle 0.375 g/m² \n\nMélilot 0.5 g/m² \n\nSarrasin 1.25 g/m²');
INSERT INTO ITP (IT_plante, Espèce, Type_planche, S_semis, S_plantation, S_récolte, D_récolte, Décal_max, Nb_rangs, Espacement, Nb_graines_trou, Dose_semis, Notes) VALUES ('EV Ser automne Seigle Vesce Moutarde Phacélie','Mélange','Serre',38,NULL,7,NULL,9,NULL,NULL,NULL,13.0,'Seigle 8 g/m² \n\nVesce 4 g/m² \n\nMoutarde 0,5 g/m² \n\nPhacélie 0,5 g/m²');
INSERT INTO ITP (IT_plante, Espèce, Type_planche, S_semis, S_plantation, S_récolte, D_récolte, Décal_max, Nb_rangs, Espacement, Nb_graines_trou, Dose_semis, Notes) VALUES ('EV Ser printemps Sorgho Trèfle Mélilot Sarrasin','Mélange','Serre',12,NULL,23,NULL,6,NULL,NULL,NULL,2.9,'Sorgo 1 g/m² \n\nTrèfle 0.375 g/m² \n\nMélilot 0.5 g/m² \n\nSarrasin 1.25 g/m²');
INSERT INTO ITP (IT_plante, Espèce, Type_planche, S_semis, S_plantation, S_récolte, D_récolte, Décal_max, Nb_rangs, Espacement, Nb_graines_trou, Dose_semis, Notes) VALUES ('Fenouil','Fenouil','Extérieur',29,NULL,45,1,7,2.0,20.0,10.0,NULL,'Semer 1 graine tous les 2cm puis éclaircir à 20cm.');
INSERT INTO ITP (IT_plante, Espèce, Type_planche, S_semis, S_plantation, S_récolte, D_récolte, Décal_max, Nb_rangs, Espacement, Nb_graines_trou, Dose_semis, Notes) VALUES ('Fève','Fève','Extérieur',38,NULL,14,4,9,2.0,15.0,1.0,NULL,NULL);
INSERT INTO ITP (IT_plante, Espèce, Type_planche, S_semis, S_plantation, S_récolte, D_récolte, Décal_max, Nb_rangs, Espacement, Nb_graines_trou, Dose_semis, Notes) VALUES ('Haricot Ext','Haricot mangetout','Extérieur',16,NULL,25,3,17,2.0,30.0,4.0,NULL,NULL);
INSERT INTO ITP (IT_plante, Espèce, Type_planche, S_semis, S_plantation, S_récolte, D_récolte, Décal_max, Nb_rangs, Espacement, Nb_graines_trou, Dose_semis, Notes) VALUES ('Haricot Ser','Haricot mangetout','Serre',10,14,23,13,9,2.0,40.0,4.0,NULL,NULL);
INSERT INTO ITP (IT_plante, Espèce, Type_planche, S_semis, S_plantation, S_récolte, D_récolte, Décal_max, Nb_rangs, Espacement, Nb_graines_trou, Dose_semis, Notes) VALUES ('Haricot Tarbais (maïs)','Haricot à écosser','Extérieur',18,NULL,42,1,5,2.0,25.0,1.0,NULL,NULL);
INSERT INTO ITP (IT_plante, Espèce, Type_planche, S_semis, S_plantation, S_récolte, D_récolte, Décal_max, Nb_rangs, Espacement, Nb_graines_trou, Dose_semis, Notes) VALUES ('Laitue plant. automne ext','Laitue','Extérieur',33,36,14,7,4,3.0,30.0,2.0,NULL,NULL);
INSERT INTO ITP (IT_plante, Espèce, Type_planche, S_semis, S_plantation, S_récolte, D_récolte, Décal_max, Nb_rangs, Espacement, Nb_graines_trou, Dose_semis, Notes) VALUES ('Laitue plant. été','Laitue','Extérieur',27,31,36,7,2,3.0,30.0,2.0,NULL,NULL);
INSERT INTO ITP (IT_plante, Espèce, Type_planche, S_semis, S_plantation, S_récolte, D_récolte, Décal_max, Nb_rangs, Espacement, Nb_graines_trou, Dose_semis, Notes) VALUES ('Laitue plant. hiver sous serre','Laitue','Serre',40,45,5,1,12,3.0,30.0,2.0,NULL,NULL);
INSERT INTO ITP (IT_plante, Espèce, Type_planche, S_semis, S_plantation, S_récolte, D_récolte, Décal_max, Nb_rangs, Espacement, Nb_graines_trou, Dose_semis, Notes) VALUES ('Laitue plant. printemps','Laitue','Extérieur',14,16,25,2,9,3.0,30.0,2.0,NULL,NULL);
INSERT INTO ITP (IT_plante, Espèce, Type_planche, S_semis, S_plantation, S_récolte, D_récolte, Décal_max, Nb_rangs, Espacement, Nb_graines_trou, Dose_semis, Notes) VALUES ('Laitue plant. printemps précoce','Laitue','Extérieur',5,10,20,1,8,3.0,30.0,2.0,NULL,NULL);
INSERT INTO ITP (IT_plante, Espèce, Type_planche, S_semis, S_plantation, S_récolte, D_récolte, Décal_max, Nb_rangs, Espacement, Nb_graines_trou, Dose_semis, Notes) VALUES ('Mâche d''automne','Mâche','Extérieur',36,NULL,49,4,13,5.0,5.0,1.0,NULL,NULL);
INSERT INTO ITP (IT_plante, Espèce, Type_planche, S_semis, S_plantation, S_récolte, D_récolte, Décal_max, Nb_rangs, Espacement, Nb_graines_trou, Dose_semis, Notes) VALUES ('Mâche d''été','Mâche','Extérieur',23,NULL,36,4,13,5.0,5.0,1.0,NULL,NULL);
INSERT INTO ITP (IT_plante, Espèce, Type_planche, S_semis, S_plantation, S_récolte, D_récolte, Décal_max, Nb_rangs, Espacement, Nb_graines_trou, Dose_semis, Notes) VALUES ('Mâche d''hiver','Mâche','Extérieur',49,5,14,1,9,5.0,5.0,1.0,NULL,NULL);
INSERT INTO ITP (IT_plante, Espèce, Type_planche, S_semis, S_plantation, S_récolte, D_récolte, Décal_max, Nb_rangs, Espacement, Nb_graines_trou, Dose_semis, Notes) VALUES ('Mâche de printemps','Mâche','Extérieur',10,NULL,23,1,13,5.0,5.0,1.0,NULL,NULL);
INSERT INTO ITP (IT_plante, Espèce, Type_planche, S_semis, S_plantation, S_récolte, D_récolte, Décal_max, Nb_rangs, Espacement, Nb_graines_trou, Dose_semis, Notes) VALUES ('Maïs','Maïs','Extérieur',16,NULL,36,2,4,2.0,25.0,2.0,NULL,NULL);
INSERT INTO ITP (IT_plante, Espèce, Type_planche, S_semis, S_plantation, S_récolte, D_récolte, Décal_max, Nb_rangs, Espacement, Nb_graines_trou, Dose_semis, Notes) VALUES ('Melon','Melon','Extérieur',14,20,31,4,7,1.0,70.0,2.0,NULL,NULL);
INSERT INTO ITP (IT_plante, Espèce, Type_planche, S_semis, S_plantation, S_récolte, D_récolte, Décal_max, Nb_rangs, Espacement, Nb_graines_trou, Dose_semis, Notes) VALUES ('Navet précoce semis printemps','Navet','Extérieur',12,NULL,20,5,6,4.0,9.0,3.0,NULL,'Semer 1 graine tous les 3cm puis éclaircir à 9cm.');
INSERT INTO ITP (IT_plante, Espèce, Type_planche, S_semis, S_plantation, S_récolte, D_récolte, Décal_max, Nb_rangs, Espacement, Nb_graines_trou, Dose_semis, Notes) VALUES ('Navet semis automne','Navet','Extérieur',29,NULL,38,4,7,4.0,9.0,3.0,NULL,'Semer 1 graine tous les 3cm puis éclaircir à 9cm.');
INSERT INTO ITP (IT_plante, Espèce, Type_planche, S_semis, S_plantation, S_récolte, D_récolte, Décal_max, Nb_rangs, Espacement, Nb_graines_trou, Dose_semis, Notes) VALUES ('Navet semis printemps','Navet','Extérieur',18,NULL,31,1,11,4.0,9.0,3.0,NULL,'Semer 1 graine tous les 3cm puis éclaircir à 9cm.');
INSERT INTO ITP (IT_plante, Espèce, Type_planche, S_semis, S_plantation, S_récolte, D_récolte, Décal_max, Nb_rangs, Espacement, Nb_graines_trou, Dose_semis, Notes) VALUES ('Oignon automne sous serre','Oignon','Serre',36,45,14,4,2,4.0,10.0,1.0,NULL,NULL);
INSERT INTO ITP (IT_plante, Espèce, Type_planche, S_semis, S_plantation, S_récolte, D_récolte, Décal_max, Nb_rangs, Espacement, Nb_graines_trou, Dose_semis, Notes) VALUES ('Oignon Bulbilles printemps','Oignon','Extérieur',NULL,5,27,1,11,4.0,10.0,NULL,NULL,NULL);
INSERT INTO ITP (IT_plante, Espèce, Type_planche, S_semis, S_plantation, S_récolte, D_récolte, Décal_max, Nb_rangs, Espacement, Nb_graines_trou, Dose_semis, Notes) VALUES ('Oignon hiver sous serre','Oignon','Serre',49,1,10,2,4,4.0,10.0,1.0,NULL,NULL);
INSERT INTO ITP (IT_plante, Espèce, Type_planche, S_semis, S_plantation, S_récolte, D_récolte, Décal_max, Nb_rangs, Espacement, Nb_graines_trou, Dose_semis, Notes) VALUES ('Oignon plant. printemps','Oignon','Extérieur',7,20,33,1,5,4.0,10.0,3.0,NULL,NULL);
INSERT INTO ITP (IT_plante, Espèce, Type_planche, S_semis, S_plantation, S_récolte, D_récolte, Décal_max, Nb_rangs, Espacement, Nb_graines_trou, Dose_semis, Notes) VALUES ('Panais','Panais','Extérieur',14,NULL,31,9,11,4.0,15.0,2.0,NULL,NULL);
INSERT INTO ITP (IT_plante, Espèce, Type_planche, S_semis, S_plantation, S_récolte, D_récolte, Décal_max, Nb_rangs, Espacement, Nb_graines_trou, Dose_semis, Notes) VALUES ('Patate douce par bouturage','Patate douce','Extérieur',45,20,42,1,5,1.0,40.0,1.0,NULL,NULL);
INSERT INTO ITP (IT_plante, Espèce, Type_planche, S_semis, S_plantation, S_récolte, D_récolte, Décal_max, Nb_rangs, Espacement, Nb_graines_trou, Dose_semis, Notes) VALUES ('Persil','Persil','Extérieur',10,NULL,18,10,17,3.0,2.0,1.0,NULL,NULL);
INSERT INTO ITP (IT_plante, Espèce, Type_planche, S_semis, S_plantation, S_récolte, D_récolte, Décal_max, Nb_rangs, Espacement, Nb_graines_trou, Dose_semis, Notes) VALUES ('Physalis','Physalis','Extérieur',10,18,31,4,7,1.0,70.0,1.0,NULL,NULL);
INSERT INTO ITP (IT_plante, Espèce, Type_planche, S_semis, S_plantation, S_récolte, D_récolte, Décal_max, Nb_rangs, Espacement, Nb_graines_trou, Dose_semis, Notes) VALUES ('Poireau plant. d''automne','Poireau','Extérieur',31,38,16,5,2,4.0,10.0,1.0,NULL,NULL);
INSERT INTO ITP (IT_plante, Espèce, Type_planche, S_semis, S_plantation, S_récolte, D_récolte, Décal_max, Nb_rangs, Espacement, Nb_graines_trou, Dose_semis, Notes) VALUES ('Poireau plant. printemps','Poireau','Extérieur',12,23,40,7,6,4.0,10.0,1.0,NULL,NULL);
INSERT INTO ITP (IT_plante, Espèce, Type_planche, S_semis, S_plantation, S_récolte, D_récolte, Décal_max, Nb_rangs, Espacement, Nb_graines_trou, Dose_semis, Notes) VALUES ('Poireau précoce','Poireau','Extérieur',7,18,29,11,5,4.0,10.0,1.0,NULL,NULL);
INSERT INTO ITP (IT_plante, Espèce, Type_planche, S_semis, S_plantation, S_récolte, D_récolte, Décal_max, Nb_rangs, Espacement, Nb_graines_trou, Dose_semis, Notes) VALUES ('Poivron piment ext','Poivron piment','Extérieur',10,20,33,7,5,2.0,55.0,1.0,NULL,NULL);
INSERT INTO ITP (IT_plante, Espèce, Type_planche, S_semis, S_plantation, S_récolte, D_récolte, Décal_max, Nb_rangs, Espacement, Nb_graines_trou, Dose_semis, Notes) VALUES ('Poivron piment serre','Poivron piment','Serre',7,18,29,11,5,2.0,55.0,1.0,NULL,NULL);
INSERT INTO ITP (IT_plante, Espèce, Type_planche, S_semis, S_plantation, S_récolte, D_récolte, Décal_max, Nb_rangs, Espacement, Nb_graines_trou, Dose_semis, Notes) VALUES ('Pomme de terre hative','Pomme de terre','Extérieur',NULL,10,23,2,6,2.0,40.0,NULL,NULL,NULL);
INSERT INTO ITP (IT_plante, Espèce, Type_planche, S_semis, S_plantation, S_récolte, D_récolte, Décal_max, Nb_rangs, Espacement, Nb_graines_trou, Dose_semis, Notes) VALUES ('Pomme de terre tardive','Pomme de terre','Extérieur',NULL,10,27,3,6,2.0,40.0,NULL,NULL,NULL);
INSERT INTO ITP (IT_plante, Espèce, Type_planche, S_semis, S_plantation, S_récolte, D_récolte, Décal_max, Nb_rangs, Espacement, Nb_graines_trou, Dose_semis, Notes) VALUES ('Radis d''été','Radis','Extérieur',18,NULL,25,4,18,4.0,4.0,1.0,NULL,NULL);
INSERT INTO ITP (IT_plante, Espèce, Type_planche, S_semis, S_plantation, S_récolte, D_récolte, Décal_max, Nb_rangs, Espacement, Nb_graines_trou, Dose_semis, Notes) VALUES ('Radis d''hiver','Radis noir','Extérieur',31,NULL,45,8,11,2.0,10.0,2.0,NULL,NULL);
INSERT INTO ITP (IT_plante, Espèce, Type_planche, S_semis, S_plantation, S_récolte, D_récolte, Décal_max, Nb_rangs, Espacement, Nb_graines_trou, Dose_semis, Notes) VALUES ('Ricin','Ricin',NULL,10,14,47,NULL,4,1.0,300.0,1.0,NULL,NULL);
INSERT INTO ITP (IT_plante, Espèce, Type_planche, S_semis, S_plantation, S_récolte, D_récolte, Décal_max, Nb_rangs, Espacement, Nb_graines_trou, Dose_semis, Notes) VALUES ('Roquette','Roquette','Extérieur',10,NULL,18,1,30,5.0,5.0,1.0,NULL,NULL);
INSERT INTO ITP (IT_plante, Espèce, Type_planche, S_semis, S_plantation, S_récolte, D_récolte, Décal_max, Nb_rangs, Espacement, Nb_graines_trou, Dose_semis, Notes) VALUES ('Tomate hative ext','Tomate','Extérieur',10,18,29,8,5,2.0,70.0,1.0,NULL,NULL);
INSERT INTO ITP (IT_plante, Espèce, Type_planche, S_semis, S_plantation, S_récolte, D_récolte, Décal_max, Nb_rangs, Espacement, Nb_graines_trou, Dose_semis, Notes) VALUES ('Tomate hative serre','Tomate','Serre',7,16,25,13,4,2.0,70.0,1.0,NULL,NULL);
INSERT INTO ITP (IT_plante, Espèce, Type_planche, S_semis, S_plantation, S_récolte, D_récolte, Décal_max, Nb_rangs, Espacement, Nb_graines_trou, Dose_semis, Notes) VALUES ('Tomate tardive','Tomate',NULL,14,23,36,5,6,2.0,75.0,1.0,NULL,NULL);
INSERT INTO ITP (IT_plante, Espèce, Type_planche, S_semis, S_plantation, S_récolte, D_récolte, Décal_max, Nb_rangs, Espacement, Nb_graines_trou, Dose_semis, Notes) VALUES ('Topinambour','Topinambour','Extérieur',NULL,1,45,8,13,2.0,60.0,NULL,NULL,NULL);

INSERT INTO Variétés (Variété, Espèce, Nb_graines_g, Qté_stock, Qté_cde, Fournisseur, Notes) VALUES ('Ail Cledor', 'Ail', NULL, NULL, NULL, NULL, NULL);
INSERT INTO Variétés (Variété, Espèce, Nb_graines_g, Qté_stock, Qté_cde, Fournisseur, Notes) VALUES ('Ail Rose de Lautrec', 'Ail', NULL, NULL, NULL, NULL, NULL);
INSERT INTO Variétés (Variété, Espèce, Nb_graines_g, Qté_stock, Qté_cde, Fournisseur, Notes) VALUES ('Aubergine Barbentane', 'Aubergine', 250.0, NULL, NULL, NULL, NULL);
INSERT INTO Variétés (Variété, Espèce, Nb_graines_g, Qté_stock, Qté_cde, Fournisseur, Notes) VALUES ('Aubergine Uriase', 'Aubergine', 250.0, NULL, NULL, NULL, NULL);
INSERT INTO Variétés (Variété, Espèce, Nb_graines_g, Qté_stock, Qté_cde, Fournisseur, Notes) VALUES ('Aubergine japonaise de la levée', 'Aubergine', 250.0, NULL, NULL, NULL, NULL);
INSERT INTO Variétés (Variété, Espèce, Nb_graines_g, Qté_stock, Qté_cde, Fournisseur, Notes) VALUES ('Batavia reine des glaces', 'Laitue', 800.0, NULL, NULL, NULL, NULL);
INSERT INTO Variétés (Variété, Espèce, Nb_graines_g, Qté_stock, Qté_cde, Fournisseur, Notes) VALUES ('Betterave 3 root grex', 'Betterave', 50.0, NULL, NULL, NULL, NULL);
INSERT INTO Variétés (Variété, Espèce, Nb_graines_g, Qté_stock, Qté_cde, Fournisseur, Notes) VALUES ('Betterave Chioggia', 'Betterave', 50.0, NULL, NULL, NULL, NULL);
INSERT INTO Variétés (Variété, Espèce, Nb_graines_g, Qté_stock, Qté_cde, Fournisseur, Notes) VALUES ('Betterave Detroit', 'Betterave', 50.0, NULL, NULL, NULL, NULL);
INSERT INTO Variétés (Variété, Espèce, Nb_graines_g, Qté_stock, Qté_cde, Fournisseur, Notes) VALUES ('Betterave Robushka', 'Betterave', 50.0, NULL, NULL, NULL, NULL);
INSERT INTO Variétés (Variété, Espèce, Nb_graines_g, Qté_stock, Qté_cde, Fournisseur, Notes) VALUES ('Carotte Colmar à Coeur rouge 2', 'Carotte', 925.0, NULL, NULL, NULL, NULL);
INSERT INTO Variétés (Variété, Espèce, Nb_graines_g, Qté_stock, Qté_cde, Fournisseur, Notes) VALUES ('Carotte Demi longue rouge sang', 'Carotte', 925.0, NULL, NULL, NULL, NULL);
INSERT INTO Variétés (Variété, Espèce, Nb_graines_g, Qté_stock, Qté_cde, Fournisseur, Notes) VALUES ('Carotte Ronde Marché de Paris', 'Carotte', 925.0, NULL, NULL, NULL, NULL);
INSERT INTO Variétés (Variété, Espèce, Nb_graines_g, Qté_stock, Qté_cde, Fournisseur, Notes) VALUES ('Carotte Touchon', 'Carotte', 925.0, NULL, NULL, NULL, NULL);
INSERT INTO Variétés (Variété, Espèce, Nb_graines_g, Qté_stock, Qté_cde, Fournisseur, Notes) VALUES ('Chicorée scarole cornet d''anjou', 'Laitue', 800.0, NULL, NULL, NULL, NULL);
INSERT INTO Variétés (Variété, Espèce, Nb_graines_g, Qté_stock, Qté_cde, Fournisseur, Notes) VALUES ('Chicorée scarole géante maraîchère', 'Laitue', 800.0, NULL, NULL, NULL, NULL);
INSERT INTO Variétés (Variété, Espèce, Nb_graines_g, Qté_stock, Qté_cde, Fournisseur, Notes) VALUES ('Chou brocoli Rasmus', 'Chou brocoli', 250.0, NULL, NULL, NULL, NULL);
INSERT INTO Variétés (Variété, Espèce, Nb_graines_g, Qté_stock, Qté_cde, Fournisseur, Notes) VALUES ('Chou de Bruxelles Groeninger', 'Chou de Bruxelles', 350.0, NULL, NULL, NULL, NULL);
INSERT INTO Variétés (Variété, Espèce, Nb_graines_g, Qté_stock, Qté_cde, Fournisseur, Notes) VALUES ('Chou de Bruxelles de Rosny', 'Chou de Bruxelles', 350.0, NULL, NULL, NULL, NULL);
INSERT INTO Variétés (Variété, Espèce, Nb_graines_g, Qté_stock, Qté_cde, Fournisseur, Notes) VALUES ('Chou de Chine Bilko', 'Chou de Chine', 350.0, NULL, NULL, NULL, NULL);
INSERT INTO Variétés (Variété, Espèce, Nb_graines_g, Qté_stock, Qté_cde, Fournisseur, Notes) VALUES ('Chou de Chine Petsaï', 'Chou de Chine', 350.0, NULL, NULL, NULL, NULL);
INSERT INTO Variétés (Variété, Espèce, Nb_graines_g, Qté_stock, Qté_cde, Fournisseur, Notes) VALUES ('Chou frisé Kale', 'Chou frisé', 300.0, NULL, NULL, NULL, NULL);
INSERT INTO Variétés (Variété, Espèce, Nb_graines_g, Qté_stock, Qté_cde, Fournisseur, Notes) VALUES ('Chou frisé winster', 'Chou frisé', 300.0, NULL, NULL, NULL, NULL);
INSERT INTO Variétés (Variété, Espèce, Nb_graines_g, Qté_stock, Qté_cde, Fournisseur, Notes) VALUES ('Chou pommé Amager Lav', 'Chou pommé', 300.0, NULL, NULL, NULL, NULL);
INSERT INTO Variétés (Variété, Espèce, Nb_graines_g, Qté_stock, Qté_cde, Fournisseur, Notes) VALUES ('Chou pommé Pointu de Chateaurenard', 'Chou pommé', 300.0, NULL, NULL, NULL, NULL);
INSERT INTO Variétés (Variété, Espèce, Nb_graines_g, Qté_stock, Qté_cde, Fournisseur, Notes) VALUES ('Chou pommé Thurnen', 'Chou pommé', 300.0, NULL, NULL, NULL, NULL);
INSERT INTO Variétés (Variété, Espèce, Nb_graines_g, Qté_stock, Qté_cde, Fournisseur, Notes) VALUES ('Chou pommé Tête Noire', 'Chou pommé', 300.0, NULL, NULL, NULL, NULL);
INSERT INTO Variétés (Variété, Espèce, Nb_graines_g, Qté_stock, Qté_cde, Fournisseur, Notes) VALUES ('Chou-fleur Neckarperle', 'Chou-fleur', 336.0, NULL, NULL, NULL, NULL);
INSERT INTO Variétés (Variété, Espèce, Nb_graines_g, Qté_stock, Qté_cde, Fournisseur, Notes) VALUES ('Chou-rave Azur Star', 'Chou-rave', 300.0, NULL, NULL, NULL, NULL);
INSERT INTO Variétés (Variété, Espèce, Nb_graines_g, Qté_stock, Qté_cde, Fournisseur, Notes) VALUES ('Concombre Marketmore', 'Concombre', 35.0, NULL, NULL, NULL, NULL);
INSERT INTO Variétés (Variété, Espèce, Nb_graines_g, Qté_stock, Qté_cde, Fournisseur, Notes) VALUES ('Concombre Palestinien', 'Concombre', 35.0, NULL, NULL, NULL, NULL);
INSERT INTO Variétés (Variété, Espèce, Nb_graines_g, Qté_stock, Qté_cde, Fournisseur, Notes) VALUES ('Courge Butternut', 'Courge', 4.58, NULL, NULL, NULL, NULL);
INSERT INTO Variétés (Variété, Espèce, Nb_graines_g, Qté_stock, Qté_cde, Fournisseur, Notes) VALUES ('Courge Potimarron Red Kuri', 'Courge', 4.58, NULL, NULL, NULL, NULL);
INSERT INTO Variétés (Variété, Espèce, Nb_graines_g, Qté_stock, Qté_cde, Fournisseur, Notes) VALUES ('Courgette Black Beauty', 'Courgette', 7.7, NULL, NULL, NULL, NULL);
INSERT INTO Variétés (Variété, Espèce, Nb_graines_g, Qté_stock, Qté_cde, Fournisseur, Notes) VALUES ('Courgette Gold Rush', 'Courgette', 7.7, NULL, NULL, NULL, NULL);
INSERT INTO Variétés (Variété, Espèce, Nb_graines_g, Qté_stock, Qté_cde, Fournisseur, Notes) VALUES ('Céleri Elne', 'Céleri', 2500.0, NULL, NULL, NULL, NULL);
INSERT INTO Variétés (Variété, Espèce, Nb_graines_g, Qté_stock, Qté_cde, Fournisseur, Notes) VALUES ('Céleri Plein blanc Pascal', 'Céleri', 2500.0, NULL, NULL, NULL, NULL);
INSERT INTO Variétés (Variété, Espèce, Nb_graines_g, Qté_stock, Qté_cde, Fournisseur, Notes) VALUES ('Céleri branche', 'Céleri', 2500.0, NULL, NULL, NULL, NULL);
INSERT INTO Variétés (Variété, Espèce, Nb_graines_g, Qté_stock, Qté_cde, Fournisseur, Notes) VALUES ('Epinard Géant d hiver Verdil', 'Epinard', 110.0, NULL, NULL, NULL, NULL);
INSERT INTO Variétés (Variété, Espèce, Nb_graines_g, Qté_stock, Qté_cde, Fournisseur, Notes) VALUES ('Epinard Matador', 'Epinard', 110.0, NULL, NULL, NULL, NULL);
INSERT INTO Variétés (Variété, Espèce, Nb_graines_g, Qté_stock, Qté_cde, Fournisseur, Notes) VALUES ('Epinard Viking', 'Epinard', 110.0, NULL, NULL, NULL, NULL);
INSERT INTO Variétés (Variété, Espèce, Nb_graines_g, Qté_stock, Qté_cde, Fournisseur, Notes) VALUES ('Fève Aguadulce', 'Fève', 0.75, NULL, NULL, NULL, NULL);
INSERT INTO Variétés (Variété, Espèce, Nb_graines_g, Qté_stock, Qté_cde, Fournisseur, Notes) VALUES ('Fève de Séville', 'Fève', 0.75, NULL, NULL, NULL, NULL);
INSERT INTO Variétés (Variété, Espèce, Nb_graines_g, Qté_stock, Qté_cde, Fournisseur, Notes) VALUES ('Hannibal été automne', 'Poireau', 300.3, NULL, NULL, NULL, NULL);
INSERT INTO Variétés (Variété, Espèce, Nb_graines_g, Qté_stock, Qté_cde, Fournisseur, Notes) VALUES ('Haricot Black Turtle', 'Haricot à écosser', 5.0, NULL, NULL, NULL, NULL);
INSERT INTO Variétés (Variété, Espèce, Nb_graines_g, Qté_stock, Qté_cde, Fournisseur, Notes) VALUES ('Haricot Flageolet rouge', 'Haricot à écosser', 5.0, NULL, NULL, NULL, NULL);
INSERT INTO Variétés (Variété, Espèce, Nb_graines_g, Qté_stock, Qté_cde, Fournisseur, Notes) VALUES ('Haricot Morgane', 'Haricot mangetout', 5.0, NULL, NULL, NULL, NULL);
INSERT INTO Variétés (Variété, Espèce, Nb_graines_g, Qté_stock, Qté_cde, Fournisseur, Notes) VALUES ('Haricot Tarbais (maïs)', 'Haricot à écosser', 5.0, NULL, NULL, NULL, NULL);
INSERT INTO Variétés (Variété, Espèce, Nb_graines_g, Qté_stock, Qté_cde, Fournisseur, Notes) VALUES ('Haricot Émerite', 'Haricot mangetout', 5.0, NULL, NULL, NULL, NULL);
INSERT INTO Variétés (Variété, Espèce, Nb_graines_g, Qté_stock, Qté_cde, Fournisseur, Notes) VALUES ('Laitue Crisp Mint', 'Laitue', 800.0, NULL, NULL, NULL, NULL);
INSERT INTO Variétés (Variété, Espèce, Nb_graines_g, Qté_stock, Qté_cde, Fournisseur, Notes) VALUES ('Laitue Feuille de chêne rouge', 'Laitue', 800.0, NULL, NULL, NULL, NULL);
INSERT INTO Variétés (Variété, Espèce, Nb_graines_g, Qté_stock, Qté_cde, Fournisseur, Notes) VALUES ('Laitue Great Lakes', 'Laitue', 800.0, NULL, NULL, NULL, NULL);
INSERT INTO Variétés (Variété, Espèce, Nb_graines_g, Qté_stock, Qté_cde, Fournisseur, Notes) VALUES ('Laitue Grenobloise', 'Laitue', 1109.0, NULL, NULL, NULL, NULL);
INSERT INTO Variétés (Variété, Espèce, Nb_graines_g, Qté_stock, Qté_cde, Fournisseur, Notes) VALUES ('Laitue Pasquier', 'Laitue', 800.0, NULL, NULL, NULL, NULL);
INSERT INTO Variétés (Variété, Espèce, Nb_graines_g, Qté_stock, Qté_cde, Fournisseur, Notes) VALUES ('Laitue Pommée d''hiver Triolaise', 'Laitue', 800.0, NULL, NULL, NULL, NULL);
INSERT INTO Variétés (Variété, Espèce, Nb_graines_g, Qté_stock, Qté_cde, Fournisseur, Notes) VALUES ('Laitue Romaine d''hiver rouge', 'Laitue', 800.0, NULL, NULL, NULL, NULL);
INSERT INTO Variétés (Variété, Espèce, Nb_graines_g, Qté_stock, Qté_cde, Fournisseur, Notes) VALUES ('Laitue pommée du bon jardinier', 'Laitue', 800.0, NULL, NULL, NULL, NULL);
INSERT INTO Variétés (Variété, Espèce, Nb_graines_g, Qté_stock, Qté_cde, Fournisseur, Notes) VALUES ('Laitue à couper feuille de chêne rouge', 'Laitue', 800.0, NULL, NULL, NULL, NULL);
INSERT INTO Variétés (Variété, Espèce, Nb_graines_g, Qté_stock, Qté_cde, Fournisseur, Notes) VALUES ('Maïs Grand Roux', 'Maïs', 4.5, NULL, NULL, NULL, NULL);
INSERT INTO Variétés (Variété, Espèce, Nb_graines_g, Qté_stock, Qté_cde, Fournisseur, Notes) VALUES ('Melon Cantaloup Charentais', 'Melon', 35.0, NULL, NULL, NULL, NULL);
INSERT INTO Variétés (Variété, Espèce, Nb_graines_g, Qté_stock, Qté_cde, Fournisseur, Notes) VALUES ('Moutarde', 'Moutarde', 130.0, NULL, NULL, NULL, NULL);
INSERT INTO Variétés (Variété, Espèce, Nb_graines_g, Qté_stock, Qté_cde, Fournisseur, Notes) VALUES ('Mâche verte', 'Mâche', 660.0, NULL, NULL, NULL, NULL);
INSERT INTO Variétés (Variété, Espèce, Nb_graines_g, Qté_stock, Qté_cde, Fournisseur, Notes) VALUES ('Mâche verte à coeur plein', 'Mâche', 660.0, NULL, NULL, NULL, NULL);
INSERT INTO Variétés (Variété, Espèce, Nb_graines_g, Qté_stock, Qté_cde, Fournisseur, Notes) VALUES ('Mélilot', 'Mélilot', 120.0, NULL, NULL, NULL, NULL);
INSERT INTO Variétés (Variété, Espèce, Nb_graines_g, Qté_stock, Qté_cde, Fournisseur, Notes) VALUES ('Navet Globe à col violet', 'Navet', 600.0, NULL, NULL, NULL, NULL);
INSERT INTO Variétés (Variété, Espèce, Nb_graines_g, Qté_stock, Qté_cde, Fournisseur, Notes) VALUES ('Navet Jaune Petrowski', 'Navet', 600.0, NULL, NULL, NULL, NULL);
INSERT INTO Variétés (Variété, Espèce, Nb_graines_g, Qté_stock, Qté_cde, Fournisseur, Notes) VALUES ('Oignon Bulbilles Red Baron', 'Oignon', 227.0, NULL, NULL, NULL, NULL);
INSERT INTO Variétés (Variété, Espèce, Nb_graines_g, Qté_stock, Qté_cde, Fournisseur, Notes) VALUES ('Oignon Bulbilles Sturon', 'Oignon', 264.0, NULL, NULL, NULL, NULL);
INSERT INTO Variétés (Variété, Espèce, Nb_graines_g, Qté_stock, Qté_cde, Fournisseur, Notes) VALUES ('Oignon Jaune de Stuttgart', 'Oignon', 264.0, NULL, NULL, NULL, NULL);
INSERT INTO Variétés (Variété, Espèce, Nb_graines_g, Qté_stock, Qté_cde, Fournisseur, Notes) VALUES ('Oignon Mazères', 'Oignon', 264.0, NULL, NULL, NULL, NULL);
INSERT INTO Variétés (Variété, Espèce, Nb_graines_g, Qté_stock, Qté_cde, Fournisseur, Notes) VALUES ('Oignon Rouge de Brunswick', 'Oignon', 264.0, NULL, NULL, NULL, NULL);
INSERT INTO Variétés (Variété, Espèce, Nb_graines_g, Qté_stock, Qté_cde, Fournisseur, Notes) VALUES ('Oignon Saint Turjan', 'Oignon', 264.0, NULL, NULL, NULL, NULL);
INSERT INTO Variétés (Variété, Espèce, Nb_graines_g, Qté_stock, Qté_cde, Fournisseur, Notes) VALUES ('Panais Etroit amélioré', 'Panais', 220.0, NULL, NULL, NULL, NULL);
INSERT INTO Variétés (Variété, Espèce, Nb_graines_g, Qté_stock, Qté_cde, Fournisseur, Notes) VALUES ('Panais Turga Pré germé', 'Panais', 30.8, NULL, NULL, NULL, NULL);
INSERT INTO Variétés (Variété, Espèce, Nb_graines_g, Qté_stock, Qté_cde, Fournisseur, Notes) VALUES ('Panais long holkruin', 'Panais', 220.0, NULL, NULL, NULL, NULL);
INSERT INTO Variétés (Variété, Espèce, Nb_graines_g, Qté_stock, Qté_cde, Fournisseur, Notes) VALUES ('Patate douce', 'Patate douce', NULL, NULL, NULL, NULL, NULL);
INSERT INTO Variétés (Variété, Espèce, Nb_graines_g, Qté_stock, Qté_cde, Fournisseur, Notes) VALUES ('Persil Géant d''Italie', 'Persil', 570.5, NULL, NULL, NULL, NULL);
INSERT INTO Variétés (Variété, Espèce, Nb_graines_g, Qté_stock, Qté_cde, Fournisseur, Notes) VALUES ('Persil à feuilles frisées vert foncé', 'Persil', 600.0, NULL, NULL, NULL, NULL);
INSERT INTO Variétés (Variété, Espèce, Nb_graines_g, Qté_stock, Qté_cde, Fournisseur, Notes) VALUES ('Phacélie population', 'Phacélie', 550.0, NULL, NULL, NULL, NULL);
INSERT INTO Variétés (Variété, Espèce, Nb_graines_g, Qté_stock, Qté_cde, Fournisseur, Notes) VALUES ('Physalis Alkékenge jaune doux', 'Physalis', 300.0, NULL, NULL, NULL, NULL);
INSERT INTO Variétés (Variété, Espèce, Nb_graines_g, Qté_stock, Qté_cde, Fournisseur, Notes) VALUES ('Piment Doux des landes', 'Poivron piment', 150.0, NULL, NULL, NULL, NULL);
INSERT INTO Variétés (Variété, Espèce, Nb_graines_g, Qté_stock, Qté_cde, Fournisseur, Notes) VALUES ('Poireau Gros long d''été', 'Poireau', 300.3, NULL, NULL, NULL, NULL);
INSERT INTO Variétés (Variété, Espèce, Nb_graines_g, Qté_stock, Qté_cde, Fournisseur, Notes) VALUES ('Poireau Monstrueux de Carentan', 'Poireau', 300.3, NULL, NULL, NULL, NULL);
INSERT INTO Variétés (Variété, Espèce, Nb_graines_g, Qté_stock, Qté_cde, Fournisseur, Notes) VALUES ('Poireau de Liège', 'Poireau', 300.3, NULL, NULL, NULL, NULL);
INSERT INTO Variétés (Variété, Espèce, Nb_graines_g, Qté_stock, Qté_cde, Fournisseur, Notes) VALUES ('Poivron Jaune carré d''Asti', 'Poivron piment', 150.0, NULL, NULL, NULL, NULL);
INSERT INTO Variétés (Variété, Espèce, Nb_graines_g, Qté_stock, Qté_cde, Fournisseur, Notes) VALUES ('Poivron Wisconsin Lake', 'Poivron piment', 150.0, NULL, NULL, NULL, NULL);
INSERT INTO Variétés (Variété, Espèce, Nb_graines_g, Qté_stock, Qté_cde, Fournisseur, Notes) VALUES ('Poivron Yolo wonder', 'Poivron piment', 150.0, NULL, NULL, NULL, NULL);
INSERT INTO Variétés (Variété, Espèce, Nb_graines_g, Qté_stock, Qté_cde, Fournisseur, Notes) VALUES ('Pomme de terre Artémis', 'Pomme de terre', NULL, NULL, NULL, NULL, NULL);
INSERT INTO Variétés (Variété, Espèce, Nb_graines_g, Qté_stock, Qté_cde, Fournisseur, Notes) VALUES ('Pomme de terre Ditta', 'Pomme de terre', NULL, NULL, NULL, NULL, NULL);
INSERT INTO Variétés (Variété, Espèce, Nb_graines_g, Qté_stock, Qté_cde, Fournisseur, Notes) VALUES ('Pomme de terre Désirée', 'Pomme de terre', NULL, NULL, NULL, NULL, NULL);
INSERT INTO Variétés (Variété, Espèce, Nb_graines_g, Qté_stock, Qté_cde, Fournisseur, Notes) VALUES ('Radis Rond écarlate', 'Radis', 120.0, NULL, NULL, NULL, NULL);
INSERT INTO Variétés (Variété, Espèce, Nb_graines_g, Qté_stock, Qté_cde, Fournisseur, Notes) VALUES ('Radis-rave Daikon', 'Radis', 120.0, NULL, NULL, NULL, NULL);
INSERT INTO Variétés (Variété, Espèce, Nb_graines_g, Qté_stock, Qté_cde, Fournisseur, Notes) VALUES ('Radis-rave Rond noir', 'Radis', 120.0, NULL, NULL, NULL, NULL);
INSERT INTO Variétés (Variété, Espèce, Nb_graines_g, Qté_stock, Qté_cde, Fournisseur, Notes) VALUES ('Ricin New Zealand Purple', 'Ricin', 1.0, NULL, NULL, NULL, NULL);
INSERT INTO Variétés (Variété, Espèce, Nb_graines_g, Qté_stock, Qté_cde, Fournisseur, Notes) VALUES ('Roquette', 'Roquette', 660.0, NULL, NULL, NULL, NULL);
INSERT INTO Variétés (Variété, Espèce, Nb_graines_g, Qté_stock, Qté_cde, Fournisseur, Notes) VALUES ('Sorgo Koral', 'Sorgho', 27.0, NULL, NULL, NULL, NULL);
INSERT INTO Variétés (Variété, Espèce, Nb_graines_g, Qté_stock, Qté_cde, Fournisseur, Notes) VALUES ('Tomate Ananas', 'Tomate', 350.0, NULL, NULL, NULL, NULL);
INSERT INTO Variétés (Variété, Espèce, Nb_graines_g, Qté_stock, Qté_cde, Fournisseur, Notes) VALUES ('Tomate Andines cornues', 'Tomate', 350.0, NULL, NULL, NULL, NULL);
INSERT INTO Variétés (Variété, Espèce, Nb_graines_g, Qté_stock, Qté_cde, Fournisseur, Notes) VALUES ('Tomate Cerise petit moineau', 'Tomate', 350.0, NULL, NULL, NULL, NULL);
INSERT INTO Variétés (Variété, Espèce, Nb_graines_g, Qté_stock, Qté_cde, Fournisseur, Notes) VALUES ('Tomate Homestead', 'Tomate', 350.0, NULL, NULL, NULL, NULL);
INSERT INTO Variétés (Variété, Espèce, Nb_graines_g, Qté_stock, Qté_cde, Fournisseur, Notes) VALUES ('Tomate Merveille des marchés', 'Tomate', 350.0, NULL, NULL, NULL, NULL);
INSERT INTO Variétés (Variété, Espèce, Nb_graines_g, Qté_stock, Qté_cde, Fournisseur, Notes) VALUES ('Tomate Roma', 'Tomate', 350.0, NULL, NULL, NULL, NULL);
INSERT INTO Variétés (Variété, Espèce, Nb_graines_g, Qté_stock, Qté_cde, Fournisseur, Notes) VALUES ('Tomate Rose de Berne', 'Tomate', 350.0, NULL, NULL, NULL, NULL);
INSERT INTO Variétés (Variété, Espèce, Nb_graines_g, Qté_stock, Qté_cde, Fournisseur, Notes) VALUES ('Tomate Saint Pierre', 'Tomate', 350.0, NULL, NULL, NULL, NULL);
INSERT INTO Variétés (Variété, Espèce, Nb_graines_g, Qté_stock, Qté_cde, Fournisseur, Notes) VALUES ('Tomate San Marzano', 'Tomate', 350.0, NULL, NULL, NULL, NULL);
INSERT INTO Variétés (Variété, Espèce, Nb_graines_g, Qté_stock, Qté_cde, Fournisseur, Notes) VALUES ('Tomate Udagorri', 'Tomate', 350.0, NULL, NULL, NULL, NULL);
INSERT INTO Variétés (Variété, Espèce, Nb_graines_g, Qté_stock, Qté_cde, Fournisseur, Notes) VALUES ('Tomate Yellow Feather', 'Tomate', 350.0, NULL, NULL, NULL, NULL);
INSERT INTO Variétés (Variété, Espèce, Nb_graines_g, Qté_stock, Qté_cde, Fournisseur, Notes) VALUES ('Tomate cerise rouge', 'Tomate', 350.0, NULL, NULL, NULL, NULL);
INSERT INTO Variétés (Variété, Espèce, Nb_graines_g, Qté_stock, Qté_cde, Fournisseur, Notes) VALUES ('Tomate coeur de boeuf', 'Tomate', 350.0, NULL, NULL, NULL, NULL);
INSERT INTO Variétés (Variété, Espèce, Nb_graines_g, Qté_stock, Qté_cde, Fournisseur, Notes) VALUES ('Topinambour Rose', 'Topinambour', NULL, NULL, NULL, NULL, NULL);
INSERT INTO Variétés (Variété, Espèce, Nb_graines_g, Qté_stock, Qté_cde, Fournisseur, Notes) VALUES ('Tournesol', 'Tournesol', 11.36, NULL, NULL, NULL, NULL);
INSERT INTO Variétés (Variété, Espèce, Nb_graines_g, Qté_stock, Qté_cde, Fournisseur, Notes) VALUES ('Trèfle violet', 'Trèfle violet', 40.0, NULL, NULL, NULL, NULL);
INSERT INTO Variétés (Variété, Espèce, Nb_graines_g, Qté_stock, Qté_cde, Fournisseur, Notes) VALUES ('Vesce hiver', 'Vesce', 45.0, NULL, NULL, NULL, NULL);

INSERT INTO Rotations (Rotation, Type_planche, Année_1, Nb_années, Notes) VALUES ('Grande culture', 'Extérieur', 2025, 4, NULL);
INSERT INTO Rotations (Rotation, Type_planche, Année_1, Nb_années, Notes) VALUES ('Potager', 'Extérieur', 2025, 5, NULL);

INSERT INTO Rotations_détails (ID, Rotation, Année, IT_plante, Pc_planches, Fi_planches, Notes) VALUES (1, 'Potager', 1, 'Haricot Ext', 100.0, NULL, NULL);
INSERT INTO Rotations_détails (ID, Rotation, Année, IT_plante, Pc_planches, Fi_planches, Notes) VALUES (2, 'Potager', 1, 'EV automne Seigle Vesce Moutarde Phacélie', 100.0, NULL, NULL);
INSERT INTO Rotations_détails (ID, Rotation, Année, IT_plante, Pc_planches, Fi_planches, Notes) VALUES (3, 'Potager', 5, 'Blette', 100.0, 'C', NULL);
INSERT INTO Rotations_détails (ID, Rotation, Année, IT_plante, Pc_planches, Fi_planches, Notes) VALUES (5, 'Potager', 5, 'Laitue plant. printemps', 100.0, 'AB', NULL);
INSERT INTO Rotations_détails (ID, Rotation, Année, IT_plante, Pc_planches, Fi_planches, Notes) VALUES (6, 'Potager', 5, 'Laitue plant. été', 100.0, 'D', NULL);
INSERT INTO Rotations_détails (ID, Rotation, Année, IT_plante, Pc_planches, Fi_planches, Notes) VALUES (7, 'Potager', 5, 'Laitue plant. automne ext', 100.0, 'AB', NULL);
INSERT INTO Rotations_détails (ID, Rotation, Année, IT_plante, Pc_planches, Fi_planches, Notes) VALUES (8, 'Potager', 3, 'Laitue plant. printemps précoce', 100.0, NULL, NULL);
INSERT INTO Rotations_détails (ID, Rotation, Année, IT_plante, Pc_planches, Fi_planches, Notes) VALUES (9, 'Potager', 2, 'Betterave plant. printemps', 100.0, NULL, NULL);
INSERT INTO Rotations_détails (ID, Rotation, Année, IT_plante, Pc_planches, Fi_planches, Notes) VALUES (10, 'Potager', 3, 'Poireau plant. printemps', 100.0, NULL, NULL);
INSERT INTO Rotations_détails (ID, Rotation, Année, IT_plante, Pc_planches, Fi_planches, Notes) VALUES (12, 'Potager', 4, 'Chou pommé plant. printemps', 100.0, NULL, NULL);
INSERT INTO Rotations_détails (ID, Rotation, Année, IT_plante, Pc_planches, Fi_planches, Notes) VALUES (14, 'Grande culture', 2, 'Pomme de terre hative', 100.0, NULL, NULL);
INSERT INTO Rotations_détails (ID, Rotation, Année, IT_plante, Pc_planches, Fi_planches, Notes) VALUES (15, 'Grande culture', 1, 'Maïs', 100.0, 'BD', NULL);
INSERT INTO Rotations_détails (ID, Rotation, Année, IT_plante, Pc_planches, Fi_planches, Notes) VALUES (16, 'Grande culture', 1, 'Courge', 100.0, 'AC', NULL);
INSERT INTO Rotations_détails (ID, Rotation, Année, IT_plante, Pc_planches, Fi_planches, Notes) VALUES (17, 'Grande culture', 1, 'Haricot Tarbais (maïs)', 100.0, 'BD', NULL);
INSERT INTO Rotations_détails (ID, Rotation, Année, IT_plante, Pc_planches, Fi_planches, Notes) VALUES (18, 'Grande culture', 3, 'EV LD printemps Sorgho Trèfle Mélilot Sarrasin', 100.0, NULL, NULL);
INSERT INTO Rotations_détails (ID, Rotation, Année, IT_plante, Pc_planches, Fi_planches, Notes) VALUES (19, 'Grande culture', 4, 'EV LD printemps Sorgho Trèfle Mélilot Sarrasin', 100.0, NULL, NULL);
INSERT INTO Rotations_détails (ID, Rotation, Année, IT_plante, Pc_planches, Fi_planches, Notes) VALUES (81, 'Grande culture', 2, 'Ricin', 100.0, NULL, NULL);
INSERT INTO Rotations_détails (ID, Rotation, Année, IT_plante, Pc_planches, Fi_planches, Notes) VALUES (83, 'Potager', 1, 'Ricin', 100.0, NULL, NULL);

-- COMMIT TRANSACTION;

)#");
