QString sSQLBaseData = QStringLiteral(R"#(

BEGIN TRANSACTION;

INSERT INTO Familles (Famille, Intervalle, Notes) VALUES ('Alliacées', 3.2, NULL);
INSERT INTO Familles (Famille, Intervalle, Notes) VALUES ('Apiacées', 3.0, NULL);
INSERT INTO Familles (Famille, Intervalle, Notes) VALUES ('Astéracées', 2.0, NULL);
INSERT INTO Familles (Famille, Intervalle, Notes) VALUES ('Brassicacées', 4.0, NULL);
INSERT INTO Familles (Famille, Intervalle, Notes) VALUES ('Chénopodiacées', 3.0, NULL);
INSERT INTO Familles (Famille, Intervalle, Notes) VALUES ('Convovulvacées', 0.0, NULL);
INSERT INTO Familles (Famille, Intervalle, Notes) VALUES ('Couverts végétaux', 0.0, NULL);
INSERT INTO Familles (Famille, Intervalle, Notes) VALUES ('Cucurbitacées', 4.0, NULL);
INSERT INTO Familles (Famille, Intervalle, Notes) VALUES ('Euphorbiacées', 0.0, NULL);
INSERT INTO Familles (Famille, Intervalle, Notes) VALUES ('Fabacées', 2.0, NULL);
INSERT INTO Familles (Famille, Intervalle, Notes) VALUES ('Lamiacées', 0.0, NULL);
INSERT INTO Familles (Famille, Intervalle, Notes) VALUES ('Poacées', 4.0, NULL);
INSERT INTO Familles (Famille, Intervalle, Notes) VALUES ('Solanacées', 4.0, NULL);
INSERT INTO Familles (Famille, Intervalle, Notes) VALUES ('Trafaelacées', 0.0, NULL);
INSERT INTO Familles (Famille, Intervalle, Notes) VALUES ('Valérianacées', 2.0, NULL);

INSERT INTO Apports (Apport, Description, Poids_m², Notes) VALUES ('Aucun', NULL, 0.0, NULL);
INSERT INTO Apports (Apport, Description, Poids_m², Notes) VALUES ('CDM20', 'Compost demi-mûr', 20.0, NULL);
INSERT INTO Apports (Apport, Description, Poids_m², Notes) VALUES ('CDM40', 'Compost demi-mûr', 40.0, NULL);
INSERT INTO Apports (Apport, Description, Poids_m², Notes) VALUES ('CM20', 'Compost mûr', 20.0, NULL);
INSERT INTO Apports (Apport, Description, Poids_m², Notes) VALUES ('CM40', 'Compost mûr', 40.0, NULL);

INSERT INTO Espèces (Espèce, Famille, Rendement, Niveau, Apport, Dose_semis, Nb_graines_g, FG, T_germ, Levée, Inventaire, Date_inv, A_planifier, Notes) VALUES ('Ail', 'Alliacées', 8.5, 'Facile', 'Aucun', NULL, NULL, NULL, NULL, NULL, NULL, NULL, 'Oui', NULL);
INSERT INTO Espèces (Espèce, Famille, Rendement, Niveau, Apport, Dose_semis, Nb_graines_g, FG, T_germ, Levée, Inventaire, Date_inv, A_planifier, Notes) VALUES ('Aubergine', 'Solanacées', NULL, 'Difficile', 'CM40', 0.04, 250.0, 6.0, '24-30', 6.0, NULL, NULL, 'Oui', NULL);
INSERT INTO Espèces (Espèce, Famille, Rendement, Niveau, Apport, Dose_semis, Nb_graines_g, FG, T_germ, Levée, Inventaire, Date_inv, A_planifier, Notes) VALUES ('Basilic', 'Lamiacées', NULL, NULL, NULL, NULL, 588.0, NULL, NULL, NULL, NULL, NULL, 'Oui', NULL);
INSERT INTO Espèces (Espèce, Famille, Rendement, Niveau, Apport, Dose_semis, Nb_graines_g, FG, T_germ, Levée, Inventaire, Date_inv, A_planifier, Notes) VALUES ('Betterave', 'Chénopodiacées', 2.5, 'Facile', 'CDM20', 1.0, 50.0, 6.0, '10-30', 10.0, NULL, NULL, 'Oui', NULL);
INSERT INTO Espèces (Espèce, Famille, Rendement, Niveau, Apport, Dose_semis, Nb_graines_g, FG, T_germ, Levée, Inventaire, Date_inv, A_planifier, Notes) VALUES ('Blette', 'Chénopodiacées', NULL, 'Facile', 'CM40', 1.0, 60.0, 5.0, '10-30', NULL, NULL, NULL, 'Oui', NULL);
INSERT INTO Espèces (Espèce, Famille, Rendement, Niveau, Apport, Dose_semis, Nb_graines_g, FG, T_germ, Levée, Inventaire, Date_inv, A_planifier, Notes) VALUES ('Blé', 'Poacées', NULL, NULL, NULL, NULL, NULL, NULL, NULL, NULL, NULL, NULL, NULL, NULL);
INSERT INTO Espèces (Espèce, Famille, Rendement, Niveau, Apport, Dose_semis, Nb_graines_g, FG, T_germ, Levée, Inventaire, Date_inv, A_planifier, Notes) VALUES ('Carotte', 'Apiacées', NULL, NULL, NULL, NULL, NULL, NULL, NULL, NULL, NULL, NULL, NULL, NULL);
INSERT INTO Espèces (Espèce, Famille, Rendement, Niveau, Apport, Dose_semis, Nb_graines_g, FG, T_germ, Levée, Inventaire, Date_inv, A_planifier, Notes) VALUES ('Chou brocoli', 'Brassicacées', NULL, NULL, NULL, NULL, NULL, NULL, NULL, NULL, NULL, NULL, NULL, NULL);
INSERT INTO Espèces (Espèce, Famille, Rendement, Niveau, Apport, Dose_semis, Nb_graines_g, FG, T_germ, Levée, Inventaire, Date_inv, A_planifier, Notes) VALUES ('Chou cavalier', 'Brassicacées', NULL, NULL, NULL, '4 graines / m²', NULL, NULL, NULL, NULL, NULL, NULL, NULL, NULL);
INSERT INTO Espèces (Espèce, Famille, Rendement, Niveau, Apport, Dose_semis, Nb_graines_g, FG, T_germ, Levée, Inventaire, Date_inv, A_planifier, Notes) VALUES ('Chou de Bruxelles', 'Brassicacées', NULL, NULL, NULL, NULL, NULL, NULL, NULL, NULL, NULL, NULL, NULL, NULL);
INSERT INTO Espèces (Espèce, Famille, Rendement, Niveau, Apport, Dose_semis, Nb_graines_g, FG, T_germ, Levée, Inventaire, Date_inv, A_planifier, Notes) VALUES ('Chou de Chine', 'Brassicacées', NULL, 'Difficile', 'CDM40', 0.03, 350.0, 2.5, '7-30', 5.0, NULL, NULL, 'Oui', NULL);
INSERT INTO Espèces (Espèce, Famille, Rendement, Niveau, Apport, Dose_semis, Nb_graines_g, FG, T_germ, Levée, Inventaire, Date_inv, A_planifier, Notes) VALUES ('Chou frisé', 'Brassicacées', NULL, 'Facile', 'CDM40', 0.03, 300.0, 5.5, '7-20', 10.0, NULL, NULL, 'Oui', NULL);
INSERT INTO Espèces (Espèce, Famille, Rendement, Niveau, Apport, Dose_semis, Nb_graines_g, FG, T_germ, Levée, Inventaire, Date_inv, A_planifier, Notes) VALUES ('Chou pommé', 'Brassicacées', NULL, 'Moyen', 'CDM40', 0.03, 300.0, 5.0, '7-30', 6.0, NULL, NULL, 'Oui', NULL);
INSERT INTO Espèces (Espèce, Famille, Rendement, Niveau, Apport, Dose_semis, Nb_graines_g, FG, T_germ, Levée, Inventaire, Date_inv, A_planifier, Notes) VALUES ('Chou-fleur', 'Brassicacées', NULL, NULL, NULL, NULL, NULL, NULL, NULL, NULL, NULL, NULL, NULL, NULL);
INSERT INTO Espèces (Espèce, Famille, Rendement, Niveau, Apport, Dose_semis, Nb_graines_g, FG, T_germ, Levée, Inventaire, Date_inv, A_planifier, Notes) VALUES ('Chou-rave', 'Brassicacées', 3.5, 'Facile', 'CDM40', 0.03, 300.0, 5.0, '7-30', 9.0, NULL, NULL, NULL, NULL);
INSERT INTO Espèces (Espèce, Famille, Rendement, Niveau, Apport, Dose_semis, Nb_graines_g, FG, T_germ, Levée, Inventaire, Date_inv, A_planifier, Notes) VALUES ('Ciboulette', 'Alliacées', NULL, NULL, NULL, NULL, NULL, NULL, NULL, NULL, NULL, NULL, NULL, NULL);
INSERT INTO Espèces (Espèce, Famille, Rendement, Niveau, Apport, Dose_semis, Nb_graines_g, FG, T_germ, Levée, Inventaire, Date_inv, A_planifier, Notes) VALUES ('Concombre', 'Cucurbitacées', NULL, 'Facile', 'CM40', 0.125, 35.0, 10.0, '16-35', 9.0, NULL, NULL, 'Oui', NULL);
INSERT INTO Espèces (Espèce, Famille, Rendement, Niveau, Apport, Dose_semis, Nb_graines_g, FG, T_germ, Levée, Inventaire, Date_inv, A_planifier, Notes) VALUES ('Coriandre', 'Apiacées', NULL, NULL, NULL, NULL, NULL, NULL, NULL, NULL, NULL, NULL, NULL, NULL);
INSERT INTO Espèces (Espèce, Famille, Rendement, Niveau, Apport, Dose_semis, Nb_graines_g, FG, T_germ, Levée, Inventaire, Date_inv, A_planifier, Notes) VALUES ('Courge', 'Cucurbitacées', NULL, 'Difficile', 'CM40', 0.4, 4.58, 5.0, '21-35', 8.0, NULL, NULL, 'Oui', NULL);
INSERT INTO Espèces (Espèce, Famille, Rendement, Niveau, Apport, Dose_semis, Nb_graines_g, FG, T_germ, Levée, Inventaire, Date_inv, A_planifier, Notes) VALUES ('Courgette', 'Cucurbitacées', 4.5, 'Facile', 'CM40', 0.5, 7.7, 5.0, '21-35', 8.0, NULL, NULL, 'Oui', NULL);
INSERT INTO Espèces (Espèce, Famille, Rendement, Niveau, Apport, Dose_semis, Nb_graines_g, FG, T_germ, Levée, Inventaire, Date_inv, A_planifier, Notes) VALUES ('Céleri', 'Apiacées', NULL, NULL, NULL, NULL, NULL, NULL, NULL, NULL, NULL, NULL, NULL, NULL);
INSERT INTO Espèces (Espèce, Famille, Rendement, Niveau, Apport, Dose_semis, Nb_graines_g, FG, T_germ, Levée, Inventaire, Date_inv, A_planifier, Notes) VALUES ('Engrais vert', NULL, NULL, NULL, NULL, NULL, NULL, NULL, NULL, NULL, NULL, NULL, 'Oui', NULL);
INSERT INTO Espèces (Espèce, Famille, Rendement, Niveau, Apport, Dose_semis, Nb_graines_g, FG, T_germ, Levée, Inventaire, Date_inv, A_planifier, Notes) VALUES ('Epinard', 'Chénopodiacées', NULL, NULL, NULL, NULL, NULL, NULL, NULL, NULL, NULL, NULL, NULL, NULL);
INSERT INTO Espèces (Espèce, Famille, Rendement, Niveau, Apport, Dose_semis, Nb_graines_g, FG, T_germ, Levée, Inventaire, Date_inv, A_planifier, Notes) VALUES ('Fenouil', 'Apiacées', NULL, NULL, NULL, NULL, NULL, NULL, NULL, NULL, NULL, NULL, NULL, NULL);
INSERT INTO Espèces (Espèce, Famille, Rendement, Niveau, Apport, Dose_semis, Nb_graines_g, FG, T_germ, Levée, Inventaire, Date_inv, A_planifier, Notes) VALUES ('Fève', 'Fabacées', 4.0, 'Moyen', 'Aucun', 45.0, 0.75, 5.0, '8', 15.0, NULL, NULL, 'Oui', NULL);
INSERT INTO Espèces (Espèce, Famille, Rendement, Niveau, Apport, Dose_semis, Nb_graines_g, FG, T_germ, Levée, Inventaire, Date_inv, A_planifier, Notes) VALUES ('Haricot', 'Fabacées', NULL, 'Moyen', 'CDM20', 10.0, 5.0, 3.0, '16-30', 6.5, NULL, NULL, 'Oui', NULL);
INSERT INTO Espèces (Espèce, Famille, Rendement, Niveau, Apport, Dose_semis, Nb_graines_g, FG, T_germ, Levée, Inventaire, Date_inv, A_planifier, Notes) VALUES ('Laitue', 'Astéracées', NULL, 'Moyen', 'CDM20', 0.15, 800.0, 4.5, '5-27', 7.0, NULL, NULL, 'Oui', NULL);
INSERT INTO Espèces (Espèce, Famille, Rendement, Niveau, Apport, Dose_semis, Nb_graines_g, FG, T_germ, Levée, Inventaire, Date_inv, A_planifier, Notes) VALUES ('Maïs', 'Poacées', NULL, 'Moyen', 'CM40', 0.8, 4.5, 2.0, '16-30', 12.5, NULL, NULL, 'Oui', NULL);
INSERT INTO Espèces (Espèce, Famille, Rendement, Niveau, Apport, Dose_semis, Nb_graines_g, FG, T_germ, Levée, Inventaire, Date_inv, A_planifier, Notes) VALUES ('Melon', 'Cucurbitacées', NULL, NULL, NULL, NULL, NULL, NULL, NULL, NULL, NULL, NULL, NULL, NULL);
INSERT INTO Espèces (Espèce, Famille, Rendement, Niveau, Apport, Dose_semis, Nb_graines_g, FG, T_germ, Levée, Inventaire, Date_inv, A_planifier, Notes) VALUES ('Mesclun', 'Brassicacées', NULL, NULL, NULL, NULL, NULL, NULL, NULL, NULL, NULL, NULL, NULL, NULL);
INSERT INTO Espèces (Espèce, Famille, Rendement, Niveau, Apport, Dose_semis, Nb_graines_g, FG, T_germ, Levée, Inventaire, Date_inv, A_planifier, Notes) VALUES ('Mix', 'Couverts végétaux', NULL, NULL, NULL, NULL, NULL, NULL, NULL, NULL, NULL, NULL, 'Oui', NULL);
INSERT INTO Espèces (Espèce, Famille, Rendement, Niveau, Apport, Dose_semis, Nb_graines_g, FG, T_germ, Levée, Inventaire, Date_inv, A_planifier, Notes) VALUES ('Mizuna', 'Brassicacées', NULL, NULL, NULL, NULL, NULL, NULL, NULL, NULL, NULL, NULL, 'Oui ?', NULL);
INSERT INTO Espèces (Espèce, Famille, Rendement, Niveau, Apport, Dose_semis, Nb_graines_g, FG, T_germ, Levée, Inventaire, Date_inv, A_planifier, Notes) VALUES ('Mâche', 'Valérianacées', NULL, NULL, NULL, NULL, NULL, NULL, NULL, NULL, NULL, NULL, 'Oui ?', NULL);
INSERT INTO Espèces (Espèce, Famille, Rendement, Niveau, Apport, Dose_semis, Nb_graines_g, FG, T_germ, Levée, Inventaire, Date_inv, A_planifier, Notes) VALUES ('Navet', 'Brassicacées', 3.0, 'Moyen', 'Aucun', 0.3, 600.0, 4.5, '7-30', 5.5, NULL, NULL, 'Oui', NULL);
INSERT INTO Espèces (Espèce, Famille, Rendement, Niveau, Apport, Dose_semis, Nb_graines_g, FG, T_germ, Levée, Inventaire, Date_inv, A_planifier, Notes) VALUES ('Oignon', 'Alliacées', 3.0, 'Moyen', 'CDM20', 0.4, 264.0, 2.0, '10-30', 22.5, NULL, NULL, 'Oui', NULL);
INSERT INTO Espèces (Espèce, Famille, Rendement, Niveau, Apport, Dose_semis, Nb_graines_g, FG, T_germ, Levée, Inventaire, Date_inv, A_planifier, Notes) VALUES ('Panais', 'Apiacées', 3.0, 'Moyen', 'CDM20', 0.5, 220.0, 1.0, '20', 17.5, NULL, NULL, 'Oui', NULL);
INSERT INTO Espèces (Espèce, Famille, Rendement, Niveau, Apport, Dose_semis, Nb_graines_g, FG, T_germ, Levée, Inventaire, Date_inv, A_planifier, Notes) VALUES ('Patate douce', 'Convovulvacées', NULL, 'Difficile', NULL, NULL, NULL, NULL, '25', NULL, NULL, NULL, 'Oui', NULL);
INSERT INTO Espèces (Espèce, Famille, Rendement, Niveau, Apport, Dose_semis, Nb_graines_g, FG, T_germ, Levée, Inventaire, Date_inv, A_planifier, Notes) VALUES ('Persil', 'Apiacées', NULL, NULL, NULL, NULL, NULL, NULL, NULL, NULL, NULL, NULL, NULL, NULL);
INSERT INTO Espèces (Espèce, Famille, Rendement, Niveau, Apport, Dose_semis, Nb_graines_g, FG, T_germ, Levée, Inventaire, Date_inv, A_planifier, Notes) VALUES ('Physalis', 'Solanacées', NULL, NULL, NULL, NULL, 825.0, NULL, '20-22', 25.0, NULL, NULL, 'Oui', NULL);
INSERT INTO Espèces (Espèce, Famille, Rendement, Niveau, Apport, Dose_semis, Nb_graines_g, FG, T_germ, Levée, Inventaire, Date_inv, A_planifier, Notes) VALUES ('Poireau', 'Alliacées', 3.5, 'Moyen', 'CM40', 0.17, 300.3, 2.0, '13-24', 15.0, NULL, NULL, 'Oui', '50 plants au m² (pour le calcul de la dose de semis au m².');
INSERT INTO Espèces (Espèce, Famille, Rendement, Niveau, Apport, Dose_semis, Nb_graines_g, FG, T_germ, Levée, Inventaire, Date_inv, A_planifier, Notes) VALUES ('Pois Chiches', 'Fabacées', NULL, NULL, NULL, NULL, NULL, NULL, NULL, NULL, NULL, NULL, NULL, NULL);
INSERT INTO Espèces (Espèce, Famille, Rendement, Niveau, Apport, Dose_semis, Nb_graines_g, FG, T_germ, Levée, Inventaire, Date_inv, A_planifier, Notes) VALUES ('Poivron piment', 'Solanacées', NULL, 'Moyen', 'CM40', 0.075, 150.0, 4.0, '18-35', 12.5, NULL, NULL, 'Oui', NULL);
INSERT INTO Espèces (Espèce, Famille, Rendement, Niveau, Apport, Dose_semis, Nb_graines_g, FG, T_germ, Levée, Inventaire, Date_inv, A_planifier, Notes) VALUES ('Pomme de terre', 'Solanacées', 3.5, 'Moyen', 'CM40', NULL, NULL, NULL, NULL, NULL, NULL, NULL, 'Oui', NULL);
INSERT INTO Espèces (Espèce, Famille, Rendement, Niveau, Apport, Dose_semis, Nb_graines_g, FG, T_germ, Levée, Inventaire, Date_inv, A_planifier, Notes) VALUES ('Radis', 'Brassicacées', NULL, NULL, NULL, NULL, NULL, NULL, NULL, NULL, NULL, NULL, NULL, NULL);
INSERT INTO Espèces (Espèce, Famille, Rendement, Niveau, Apport, Dose_semis, Nb_graines_g, FG, T_germ, Levée, Inventaire, Date_inv, A_planifier, Notes) VALUES ('Radis noir', 'Brassicacées', 2.5, 'Facile', 'Aucun', 4.5, 120.0, 4.5, '7-32', 3.5, NULL, NULL, 'Oui', NULL);
INSERT INTO Espèces (Espèce, Famille, Rendement, Niveau, Apport, Dose_semis, Nb_graines_g, FG, T_germ, Levée, Inventaire, Date_inv, A_planifier, Notes) VALUES ('Ricin', 'Euphorbiacées', NULL, NULL, NULL, 0.5, 1.0, NULL, NULL, NULL, NULL, NULL, 'Oui', NULL);
INSERT INTO Espèces (Espèce, Famille, Rendement, Niveau, Apport, Dose_semis, Nb_graines_g, FG, T_germ, Levée, Inventaire, Date_inv, A_planifier, Notes) VALUES ('Roquette', 'Brassicacées', NULL, NULL, NULL, NULL, NULL, NULL, NULL, NULL, NULL, NULL, 'Oui ?', NULL);
INSERT INTO Espèces (Espèce, Famille, Rendement, Niveau, Apport, Dose_semis, Nb_graines_g, FG, T_germ, Levée, Inventaire, Date_inv, A_planifier, Notes) VALUES ('Seigle', 'Poacées', NULL, NULL, NULL, NULL, NULL, NULL, NULL, NULL, NULL, NULL, NULL, NULL);
INSERT INTO Espèces (Espèce, Famille, Rendement, Niveau, Apport, Dose_semis, Nb_graines_g, FG, T_germ, Levée, Inventaire, Date_inv, A_planifier, Notes) VALUES ('Tomate', 'Solanacées', 75.0, 'Moyen', 'CM40', 0.03, 350.0, 4.0, '16-30', 7.0, NULL, NULL, 'Oui', NULL);
INSERT INTO Espèces (Espèce, Famille, Rendement, Niveau, Apport, Dose_semis, Nb_graines_g, FG, T_germ, Levée, Inventaire, Date_inv, A_planifier, Notes) VALUES ('Topinambour', 'Astéracées', NULL, NULL, NULL, NULL, NULL, NULL, NULL, NULL, NULL, NULL, 'Oui ?', NULL);
INSERT INTO Espèces (Espèce, Famille, Rendement, Niveau, Apport, Dose_semis, Nb_graines_g, FG, T_germ, Levée, Inventaire, Date_inv, A_planifier, Notes) VALUES ('Tournesol', 'Apiacées', NULL, NULL, NULL, NULL, NULL, NULL, NULL, NULL, NULL, NULL, 'Oui ?', NULL);

INSERT INTO Fournisseurs (Fournisseur, Priorité, Site_web, Notes) VALUES ('Agrosemens', 3, 'https://www.agrosemens.com/', 'Pas de date sur les sachets');
INSERT INTO Fournisseurs (Fournisseur, Priorité, Site_web, Notes) VALUES ('Baumaux', NULL, NULL, NULL);
INSERT INTO Fournisseurs (Fournisseur, Priorité, Site_web, Notes) VALUES ('Biau germe', 1, 'https://www.biaugerme.com/', 'Sud-ouest');
INSERT INTO Fournisseurs (Fournisseur, Priorité, Site_web, Notes) VALUES ('Del Païs', 4, NULL, 'Sud-ouest');
INSERT INTO Fournisseurs (Fournisseur, Priorité, Site_web, Notes) VALUES ('Essembio', NULL, NULL, NULL);
INSERT INTO Fournisseurs (Fournisseur, Priorité, Site_web, Notes) VALUES ('Gautier', NULL, NULL, NULL);
INSERT INTO Fournisseurs (Fournisseur, Priorité, Site_web, Notes) VALUES ('Germinance', 2, 'https://www.germinance.com/', NULL);
INSERT INTO Fournisseurs (Fournisseur, Priorité, Site_web, Notes) VALUES ('Kokopelli', NULL, NULL, NULL);
INSERT INTO Fournisseurs (Fournisseur, Priorité, Site_web, Notes) VALUES ('Pensez Sauvage', NULL, NULL, NULL);
INSERT INTO Fournisseurs (Fournisseur, Priorité, Site_web, Notes) VALUES ('Prosem', NULL, NULL, NULL);
INSERT INTO Fournisseurs (Fournisseur, Priorité, Site_web, Notes) VALUES ('Sativa', NULL, NULL, NULL);
INSERT INTO Fournisseurs (Fournisseur, Priorité, Site_web, Notes) VALUES ('Teragile', NULL, NULL, NULL);
INSERT INTO Fournisseurs (Fournisseur, Priorité, Site_web, Notes) VALUES ('Voltz', NULL, NULL, NULL);

INSERT INTO Types_planche (Type, Notes) VALUES ('Extérieur', NULL);
INSERT INTO Types_planche (Type, Notes) VALUES ('Serre', NULL);

INSERT INTO Planches (Planche, Type, Longueur, Largeur, Rotation, Année, Notes) VALUES ('GC1A', 'Extérieur', 50.0, 1.0, 'Grande culture', 3, NULL);
INSERT INTO Planches (Planche, Type, Longueur, Largeur, Rotation, Année, Notes) VALUES ('GC1B', 'Extérieur', 50.0, 1.0, 'Grande culture', 3, NULL);
INSERT INTO Planches (Planche, Type, Longueur, Largeur, Rotation, Année, Notes) VALUES ('GC1C', 'Extérieur', 50.0, 1.0, 'Grande culture', 3, NULL);
INSERT INTO Planches (Planche, Type, Longueur, Largeur, Rotation, Année, Notes) VALUES ('GC1D', 'Extérieur', 50.0, 1.0, 'Grande culture', 3, NULL);
INSERT INTO Planches (Planche, Type, Longueur, Largeur, Rotation, Année, Notes) VALUES ('GC2A', 'Extérieur', 50.0, 1.0, 'Grande culture', 2, NULL);
INSERT INTO Planches (Planche, Type, Longueur, Largeur, Rotation, Année, Notes) VALUES ('GC2B', 'Extérieur', 50.0, 1.0, 'Grande culture', 2, NULL);
INSERT INTO Planches (Planche, Type, Longueur, Largeur, Rotation, Année, Notes) VALUES ('GC2C', 'Extérieur', 50.0, 1.0, 'Grande culture', 2, NULL);
INSERT INTO Planches (Planche, Type, Longueur, Largeur, Rotation, Année, Notes) VALUES ('GC2D', 'Extérieur', 50.0, 1.0, 'Grande culture', 2, NULL);
INSERT INTO Planches (Planche, Type, Longueur, Largeur, Rotation, Année, Notes) VALUES ('GC3A', 'Extérieur', 50.0, 1.0, 'Grande culture', 1, NULL);
INSERT INTO Planches (Planche, Type, Longueur, Largeur, Rotation, Année, Notes) VALUES ('GC3B', 'Extérieur', 50.0, 1.0, 'Grande culture', 1, NULL);
INSERT INTO Planches (Planche, Type, Longueur, Largeur, Rotation, Année, Notes) VALUES ('GC3C', 'Extérieur', 50.0, 1.0, 'Grande culture', 1, NULL);
INSERT INTO Planches (Planche, Type, Longueur, Largeur, Rotation, Année, Notes) VALUES ('GC3D', 'Extérieur', 50.0, 1.0, 'Grande culture', 1, NULL);
INSERT INTO Planches (Planche, Type, Longueur, Largeur, Rotation, Année, Notes) VALUES ('Po1A', 'Extérieur', 8.0, 0.8, 'Potager', 1, NULL);
INSERT INTO Planches (Planche, Type, Longueur, Largeur, Rotation, Année, Notes) VALUES ('Po1B', 'Extérieur', 8.0, 0.8, 'Potager', 1, NULL);
INSERT INTO Planches (Planche, Type, Longueur, Largeur, Rotation, Année, Notes) VALUES ('Po1C', 'Extérieur', 8.0, 0.8, 'Potager', 1, NULL);
INSERT INTO Planches (Planche, Type, Longueur, Largeur, Rotation, Année, Notes) VALUES ('Po1D', 'Extérieur', 8.0, 0.8, 'Potager', 1, NULL);
INSERT INTO Planches (Planche, Type, Longueur, Largeur, Rotation, Année, Notes) VALUES ('Po2A', 'Extérieur', 8.0, 0.8, 'Potager', 5, NULL);
INSERT INTO Planches (Planche, Type, Longueur, Largeur, Rotation, Année, Notes) VALUES ('Po2B', 'Extérieur', 8.0, 0.8, 'Potager', 5, NULL);
INSERT INTO Planches (Planche, Type, Longueur, Largeur, Rotation, Année, Notes) VALUES ('Po2C', 'Extérieur', 8.0, 0.8, 'Potager', 5, NULL);
INSERT INTO Planches (Planche, Type, Longueur, Largeur, Rotation, Année, Notes) VALUES ('Po2D', 'Extérieur', 8.0, 0.8, 'Potager', 5, NULL);
INSERT INTO Planches (Planche, Type, Longueur, Largeur, Rotation, Année, Notes) VALUES ('Po3A', 'Extérieur', 8.0, 0.8, 'Potager', 4, NULL);
INSERT INTO Planches (Planche, Type, Longueur, Largeur, Rotation, Année, Notes) VALUES ('Po3B', 'Extérieur', 8.0, 0.8, 'Potager', 4, NULL);
INSERT INTO Planches (Planche, Type, Longueur, Largeur, Rotation, Année, Notes) VALUES ('Po3C', 'Extérieur', 8.0, 0.8, 'Potager', 4, NULL);
INSERT INTO Planches (Planche, Type, Longueur, Largeur, Rotation, Année, Notes) VALUES ('Po3D', 'Extérieur', 8.0, 0.8, 'Potager', 4, NULL);
INSERT INTO Planches (Planche, Type, Longueur, Largeur, Rotation, Année, Notes) VALUES ('Po4A', 'Extérieur', 8.0, 0.8, 'Potager', 3, NULL);
INSERT INTO Planches (Planche, Type, Longueur, Largeur, Rotation, Année, Notes) VALUES ('Po4B', 'Extérieur', 8.0, 0.8, 'Potager', 3, NULL);
INSERT INTO Planches (Planche, Type, Longueur, Largeur, Rotation, Année, Notes) VALUES ('Po4C', 'Extérieur', 8.0, 0.8, 'Potager', 3, NULL);
INSERT INTO Planches (Planche, Type, Longueur, Largeur, Rotation, Année, Notes) VALUES ('Po4D', 'Extérieur', 8.0, 0.8, 'Potager', 3, NULL);
INSERT INTO Planches (Planche, Type, Longueur, Largeur, Rotation, Année, Notes) VALUES ('Po5A', 'Extérieur', 8.0, 0.8, 'Potager', 2, NULL);
INSERT INTO Planches (Planche, Type, Longueur, Largeur, Rotation, Année, Notes) VALUES ('Po5B', 'Extérieur', 8.0, 0.8, 'Potager', 2, NULL);
INSERT INTO Planches (Planche, Type, Longueur, Largeur, Rotation, Année, Notes) VALUES ('Po5C', 'Extérieur', 8.0, 0.8, 'Potager', 2, NULL);
INSERT INTO Planches (Planche, Type, Longueur, Largeur, Rotation, Année, Notes) VALUES ('Po5D', 'Extérieur', 8.0, 0.8, 'Potager', 2, NULL);

INSERT INTO ITP (IT_plante, Espèce, Type_planche, Déb_semis, Fin_semis, Déb_plantation, Fin_plantation, Déb_récolte, Fin_récolte, Nb_rangs, Espacement, Nb_graines_trou, Dose_semis, Notes) VALUES ('Ail plant. automne', 'Ail', 'Serre', NULL, NULL, '10-15', '12-15', '06-15', '08-01', 3.0, 15.0, 1.0, NULL, NULL);
INSERT INTO ITP (IT_plante, Espèce, Type_planche, Déb_semis, Fin_semis, Déb_plantation, Fin_plantation, Déb_récolte, Fin_récolte, Nb_rangs, Espacement, Nb_graines_trou, Dose_semis, Notes) VALUES ('Ail plant. printemps', 'Ail', 'Extérieur', NULL, NULL, '02-15', '04-01', '07-01', '08-15', 3.0, 15.0, 1.0, NULL, NULL);
INSERT INTO ITP (IT_plante, Espèce, Type_planche, Déb_semis, Fin_semis, Déb_plantation, Fin_plantation, Déb_récolte, Fin_récolte, Nb_rangs, Espacement, Nb_graines_trou, Dose_semis, Notes) VALUES ('Amendement test', 'Mix', NULL, '09-01', '12-15', NULL, NULL, NULL, NULL, NULL, NULL, NULL, NULL, NULL);
INSERT INTO ITP (IT_plante, Espèce, Type_planche, Déb_semis, Fin_semis, Déb_plantation, Fin_plantation, Déb_récolte, Fin_récolte, Nb_rangs, Espacement, Nb_graines_trou, Dose_semis, Notes) VALUES ('Aubergine', 'Aubergine', NULL, '02-15', '03-15', '05-01', '06-15', '07-15', '10-01', 1.0, 60.0, 1.0, NULL, NULL);
INSERT INTO ITP (IT_plante, Espèce, Type_planche, Déb_semis, Fin_semis, Déb_plantation, Fin_plantation, Déb_récolte, Fin_récolte, Nb_rangs, Espacement, Nb_graines_trou, Dose_semis, Notes) VALUES ('Basilic pour pesto', 'Basilic', 'Serre', '02-01', '04-01', '04-01', '05-15', '07-01', '11-01', 2.0, 60.0, 1.0, NULL, NULL);
INSERT INTO ITP (IT_plante, Espèce, Type_planche, Déb_semis, Fin_semis, Déb_plantation, Fin_plantation, Déb_récolte, Fin_récolte, Nb_rangs, Espacement, Nb_graines_trou, Dose_semis, Notes) VALUES ('Betterave plant. automne', 'Betterave', 'Serre', '08-15', '11-01', '09-15', '12-01', '01-15', '04-15', 4.0, 10.0, 1.0, NULL, NULL);
INSERT INTO ITP (IT_plante, Espèce, Type_planche, Déb_semis, Fin_semis, Déb_plantation, Fin_plantation, Déb_récolte, Fin_récolte, Nb_rangs, Espacement, Nb_graines_trou, Dose_semis, Notes) VALUES ('Betterave plant. printemps', 'Betterave', 'Extérieur', '03-01', '06-01', '04-01', '08-01', '05-15', '12-01', 4.0, 10.0, 1.0, NULL, NULL);
INSERT INTO ITP (IT_plante, Espèce, Type_planche, Déb_semis, Fin_semis, Déb_plantation, Fin_plantation, Déb_récolte, Fin_récolte, Nb_rangs, Espacement, Nb_graines_trou, Dose_semis, Notes) VALUES ('Blette', 'Blette', 'Extérieur', '06-01', '07-01', '07-01', '10-01', '08-15', '04-15', 1.0, 70.0, 1.0, NULL, NULL);
INSERT INTO ITP (IT_plante, Espèce, Type_planche, Déb_semis, Fin_semis, Déb_plantation, Fin_plantation, Déb_récolte, Fin_récolte, Nb_rangs, Espacement, Nb_graines_trou, Dose_semis, Notes) VALUES ('Blé', 'Blé', 'Extérieur', '02-01', '02-15', NULL, NULL, NULL, NULL, 4.0, NULL, NULL, NULL, NULL);
INSERT INTO ITP (IT_plante, Espèce, Type_planche, Déb_semis, Fin_semis, Déb_plantation, Fin_plantation, Déb_récolte, Fin_récolte, Nb_rangs, Espacement, Nb_graines_trou, Dose_semis, Notes) VALUES ('Carotte', 'Carotte', NULL, NULL, NULL, NULL, NULL, NULL, NULL, 3.0, 5.0, 1.0, NULL, NULL);
INSERT INTO ITP (IT_plante, Espèce, Type_planche, Déb_semis, Fin_semis, Déb_plantation, Fin_plantation, Déb_récolte, Fin_récolte, Nb_rangs, Espacement, Nb_graines_trou, Dose_semis, Notes) VALUES ('Chou brocoli', 'Chou brocoli', NULL, NULL, NULL, NULL, NULL, NULL, NULL, 2.0, 60.0, 1.0, NULL, NULL);
INSERT INTO ITP (IT_plante, Espèce, Type_planche, Déb_semis, Fin_semis, Déb_plantation, Fin_plantation, Déb_récolte, Fin_récolte, Nb_rangs, Espacement, Nb_graines_trou, Dose_semis, Notes) VALUES ('Chou de Bruxelles', 'Chou de Bruxelles', NULL, NULL, NULL, NULL, NULL, NULL, NULL, 1.0, 60.0, 1.0, NULL, NULL);
INSERT INTO ITP (IT_plante, Espèce, Type_planche, Déb_semis, Fin_semis, Déb_plantation, Fin_plantation, Déb_récolte, Fin_récolte, Nb_rangs, Espacement, Nb_graines_trou, Dose_semis, Notes) VALUES ('Chou de Chine', 'Chou de Chine', 'Serre', '07-01', '08-15', '08-01', '10-01', '12-15', '04-15', 1.0, 60.0, 1.0, NULL, NULL);
INSERT INTO ITP (IT_plante, Espèce, Type_planche, Déb_semis, Fin_semis, Déb_plantation, Fin_plantation, Déb_récolte, Fin_récolte, Nb_rangs, Espacement, Nb_graines_trou, Dose_semis, Notes) VALUES ('Chou frisé', 'Chou frisé', 'Extérieur', '04-01', '05-01', '06-01', '07-01', '10-01', '02-01', 2.0, 50.0, 1.0, NULL, NULL);
INSERT INTO ITP (IT_plante, Espèce, Type_planche, Déb_semis, Fin_semis, Déb_plantation, Fin_plantation, Déb_récolte, Fin_récolte, Nb_rangs, Espacement, Nb_graines_trou, Dose_semis, Notes) VALUES ('Chou pommé automne serre', 'Chou pommé', 'Serre', '08-15', '09-15', '10-15', '11-15', '04-01', '06-01', 2.0, 50.0, 1.0, NULL, NULL);
INSERT INTO ITP (IT_plante, Espèce, Type_planche, Déb_semis, Fin_semis, Déb_plantation, Fin_plantation, Déb_récolte, Fin_récolte, Nb_rangs, Espacement, Nb_graines_trou, Dose_semis, Notes) VALUES ('Chou pommé plant. automne', 'Chou pommé', NULL, NULL, NULL, NULL, NULL, NULL, NULL, 1.0, 60.0, 1.0, NULL, NULL);
INSERT INTO ITP (IT_plante, Espèce, Type_planche, Déb_semis, Fin_semis, Déb_plantation, Fin_plantation, Déb_récolte, Fin_récolte, Nb_rangs, Espacement, Nb_graines_trou, Dose_semis, Notes) VALUES ('Chou pommé plant. printemps', 'Chou pommé', NULL, '01-15', '03-01', '03-01', '05-15', '05-15', '07-15', 1.0, 50.0, 1.0, NULL, NULL);
INSERT INTO ITP (IT_plante, Espèce, Type_planche, Déb_semis, Fin_semis, Déb_plantation, Fin_plantation, Déb_récolte, Fin_récolte, Nb_rangs, Espacement, Nb_graines_trou, Dose_semis, Notes) VALUES ('Chou pommé plant. été', 'Chou pommé', NULL, '03-15', '05-15', '05-15', '08-01', '08-01', '12-01', 2.0, 67.0, 1.0, NULL, NULL);
INSERT INTO ITP (IT_plante, Espèce, Type_planche, Déb_semis, Fin_semis, Déb_plantation, Fin_plantation, Déb_récolte, Fin_récolte, Nb_rangs, Espacement, Nb_graines_trou, Dose_semis, Notes) VALUES ('Chou-fleur', 'Chou-fleur', NULL, NULL, NULL, NULL, NULL, NULL, NULL, 1.0, 50.0, 1.0, NULL, NULL);
INSERT INTO ITP (IT_plante, Espèce, Type_planche, Déb_semis, Fin_semis, Déb_plantation, Fin_plantation, Déb_récolte, Fin_récolte, Nb_rangs, Espacement, Nb_graines_trou, Dose_semis, Notes) VALUES ('Chou-rave', 'Chou-rave', NULL, NULL, NULL, NULL, NULL, NULL, NULL, 3.0, 30.0, 1.0, NULL, NULL);
INSERT INTO ITP (IT_plante, Espèce, Type_planche, Déb_semis, Fin_semis, Déb_plantation, Fin_plantation, Déb_récolte, Fin_récolte, Nb_rangs, Espacement, Nb_graines_trou, Dose_semis, Notes) VALUES ('Ciboulette', 'Ciboulette', NULL, NULL, NULL, NULL, NULL, NULL, NULL, 1.0, 50.0, 1.0, NULL, NULL);
INSERT INTO ITP (IT_plante, Espèce, Type_planche, Déb_semis, Fin_semis, Déb_plantation, Fin_plantation, Déb_récolte, Fin_récolte, Nb_rangs, Espacement, Nb_graines_trou, Dose_semis, Notes) VALUES ('Concombre', 'Concombre', 'Serre', '03-01', '05-01', '04-01', '06-01', '06-01', '10-15', 1.0, 50.0, 1.0, NULL, NULL);
INSERT INTO ITP (IT_plante, Espèce, Type_planche, Déb_semis, Fin_semis, Déb_plantation, Fin_plantation, Déb_récolte, Fin_récolte, Nb_rangs, Espacement, Nb_graines_trou, Dose_semis, Notes) VALUES ('Coriandre', 'Coriandre', NULL, NULL, NULL, NULL, NULL, NULL, NULL, 2.0, 15.0, 1.0, NULL, NULL);
INSERT INTO ITP (IT_plante, Espèce, Type_planche, Déb_semis, Fin_semis, Déb_plantation, Fin_plantation, Déb_récolte, Fin_récolte, Nb_rangs, Espacement, Nb_graines_trou, Dose_semis, Notes) VALUES ('Courge', 'Courge', 'Extérieur', '03-01', '04-15', '03-15', '05-01', '09-01', '11-15', 1.0, 100.0, 1.0, NULL, NULL);
INSERT INTO ITP (IT_plante, Espèce, Type_planche, Déb_semis, Fin_semis, Déb_plantation, Fin_plantation, Déb_récolte, Fin_récolte, Nb_rangs, Espacement, Nb_graines_trou, Dose_semis, Notes) VALUES ('Courgette', 'Courgette', 'Extérieur', '03-15', '05-01', '04-01', '06-01', '06-15', '11-01', 1.0, 100.0, 1.0, NULL, NULL);
INSERT INTO ITP (IT_plante, Espèce, Type_planche, Déb_semis, Fin_semis, Déb_plantation, Fin_plantation, Déb_récolte, Fin_récolte, Nb_rangs, Espacement, Nb_graines_trou, Dose_semis, Notes) VALUES ('Courgette sous serre', 'Courgette', 'Serre', '03-01', '04-15', '03-15', '05-01', '05-15', '09-01', 1.0, 100.0, 1.0, NULL, NULL);
INSERT INTO ITP (IT_plante, Espèce, Type_planche, Déb_semis, Fin_semis, Déb_plantation, Fin_plantation, Déb_récolte, Fin_récolte, Nb_rangs, Espacement, Nb_graines_trou, Dose_semis, Notes) VALUES ('Céleri', 'Céleri', NULL, NULL, NULL, NULL, NULL, NULL, NULL, 2.0, 50.0, 1.0, NULL, NULL);
INSERT INTO ITP (IT_plante, Espèce, Type_planche, Déb_semis, Fin_semis, Déb_plantation, Fin_plantation, Déb_récolte, Fin_récolte, Nb_rangs, Espacement, Nb_graines_trou, Dose_semis, Notes) VALUES ('EV LD automne commerce', 'Mix', 'Extérieur', '09-01', '11-01', NULL, NULL, NULL, NULL, NULL, NULL, NULL, 3.33, NULL);
INSERT INTO ITP (IT_plante, Espèce, Type_planche, Déb_semis, Fin_semis, Déb_plantation, Fin_plantation, Déb_récolte, Fin_récolte, Nb_rangs, Espacement, Nb_graines_trou, Dose_semis, Notes) VALUES ('EV LD printemps Sorgho Trèfle Mélilot Sarrasin', 'Mix', 'Extérieur', '04-15', '06-01', NULL, NULL, NULL, NULL, NULL, NULL, NULL, 2.9, NULL);
INSERT INTO ITP (IT_plante, Espèce, Type_planche, Déb_semis, Fin_semis, Déb_plantation, Fin_plantation, Déb_récolte, Fin_récolte, Nb_rangs, Espacement, Nb_graines_trou, Dose_semis, Notes) VALUES ('EV Ser automne Seigle Vesce Moutarde Phacélie', 'Mix', 'Serre', '09-15', '11-15', NULL, NULL, NULL, '02-15', NULL, NULL, NULL, NULL, NULL);
INSERT INTO ITP (IT_plante, Espèce, Type_planche, Déb_semis, Fin_semis, Déb_plantation, Fin_plantation, Déb_récolte, Fin_récolte, Nb_rangs, Espacement, Nb_graines_trou, Dose_semis, Notes) VALUES ('EV Ser printemps Sorgho Trèfle Mélilot Sarrasin', 'Mix', 'Serre', '03-15', '05-01', NULL, NULL, NULL, '06-01', NULL, NULL, NULL, NULL, NULL);
INSERT INTO ITP (IT_plante, Espèce, Type_planche, Déb_semis, Fin_semis, Déb_plantation, Fin_plantation, Déb_récolte, Fin_récolte, Nb_rangs, Espacement, Nb_graines_trou, Dose_semis, Notes) VALUES ('EV automne Seigle Vesce Moutarde Phacélie', 'Mix', 'Extérieur', '08-15', '10-15', NULL, NULL, NULL, '03-15', NULL, NULL, NULL, 13.0, NULL);
INSERT INTO ITP (IT_plante, Espèce, Type_planche, Déb_semis, Fin_semis, Déb_plantation, Fin_plantation, Déb_récolte, Fin_récolte, Nb_rangs, Espacement, Nb_graines_trou, Dose_semis, Notes) VALUES ('EV printemps Sorgho Trèfle Mélilot Sarrasin', 'Mix', 'Extérieur', '04-15', '06-01', NULL, NULL, NULL, '07-01', NULL, NULL, NULL, 2.9, NULL);
INSERT INTO ITP (IT_plante, Espèce, Type_planche, Déb_semis, Fin_semis, Déb_plantation, Fin_plantation, Déb_récolte, Fin_récolte, Nb_rangs, Espacement, Nb_graines_trou, Dose_semis, Notes) VALUES ('Epinard', 'Epinard', NULL, NULL, NULL, NULL, NULL, NULL, NULL, 3.0, 30.0, 3.0, NULL, NULL);
INSERT INTO ITP (IT_plante, Espèce, Type_planche, Déb_semis, Fin_semis, Déb_plantation, Fin_plantation, Déb_récolte, Fin_récolte, Nb_rangs, Espacement, Nb_graines_trou, Dose_semis, Notes) VALUES ('Fenouil', 'Fenouil', NULL, NULL, NULL, NULL, NULL, NULL, NULL, 0.0, NULL, NULL, NULL, NULL);
INSERT INTO ITP (IT_plante, Espèce, Type_planche, Déb_semis, Fin_semis, Déb_plantation, Fin_plantation, Déb_récolte, Fin_récolte, Nb_rangs, Espacement, Nb_graines_trou, Dose_semis, Notes) VALUES ('Fève', 'Fève', NULL, '09-15', '11-15', NULL, NULL, '04-01', '07-01', 2.0, 15.0, 1.0, NULL, NULL);
INSERT INTO ITP (IT_plante, Espèce, Type_planche, Déb_semis, Fin_semis, Déb_plantation, Fin_plantation, Déb_récolte, Fin_récolte, Nb_rangs, Espacement, Nb_graines_trou, Dose_semis, Notes) VALUES ('Haricot SD-Ext', 'Haricot', 'Extérieur', '04-15', '08-15', NULL, NULL, '06-15', '11-01', 2.0, 30.0, 4.0, NULL, NULL);
INSERT INTO ITP (IT_plante, Espèce, Type_planche, Déb_semis, Fin_semis, Déb_plantation, Fin_plantation, Déb_récolte, Fin_récolte, Nb_rangs, Espacement, Nb_graines_trou, Dose_semis, Notes) VALUES ('Haricot SSA-Ser', 'Haricot', 'Serre', '03-01', '05-01', '04-01', '06-01', '06-01', '11-01', 2.0, 40.0, 4.0, NULL, NULL);
INSERT INTO ITP (IT_plante, Espèce, Type_planche, Déb_semis, Fin_semis, Déb_plantation, Fin_plantation, Déb_récolte, Fin_récolte, Nb_rangs, Espacement, Nb_graines_trou, Dose_semis, Notes) VALUES ('Haricot Tarbais (maïs)', 'Haricot', 'Extérieur', '05-01', '06-01', NULL, NULL, '10-15', '11-01', 2.0, 25.0, 1.0, NULL, NULL);
INSERT INTO ITP (IT_plante, Espèce, Type_planche, Déb_semis, Fin_semis, Déb_plantation, Fin_plantation, Déb_récolte, Fin_récolte, Nb_rangs, Espacement, Nb_graines_trou, Dose_semis, Notes) VALUES ('Laitue plant. automne ext', 'Laitue', 'Extérieur', '08-15', '09-15', '09-01', '10-01', '04-01', '06-15', 3.0, 30.0, 2.0, 0.15, NULL);
INSERT INTO ITP (IT_plante, Espèce, Type_planche, Déb_semis, Fin_semis, Déb_plantation, Fin_plantation, Déb_récolte, Fin_récolte, Nb_rangs, Espacement, Nb_graines_trou, Dose_semis, Notes) VALUES ('Laitue plant. hiver sous serre', 'Laitue', 'Serre', '10-01', '01-01', '11-01', '02-01', '02-01', '04-15', 3.0, 30.0, 2.0, 0.15, NULL);
INSERT INTO ITP (IT_plante, Espèce, Type_planche, Déb_semis, Fin_semis, Déb_plantation, Fin_plantation, Déb_récolte, Fin_récolte, Nb_rangs, Espacement, Nb_graines_trou, Dose_semis, Notes) VALUES ('Laitue plant. printemps', 'Laitue', 'Extérieur', '04-01', '06-01', '04-15', '06-15', '06-15', '09-01', 3.0, 30.0, 2.0, 0.15, NULL);
INSERT INTO ITP (IT_plante, Espèce, Type_planche, Déb_semis, Fin_semis, Déb_plantation, Fin_plantation, Déb_récolte, Fin_récolte, Nb_rangs, Espacement, Nb_graines_trou, Dose_semis, Notes) VALUES ('Laitue plant. printemps précoce', 'Laitue', 'Extérieur', '02-01', '04-15', '03-01', '05-01', '05-15', '06-15', 3.0, 30.0, 2.0, 0.15, NULL);
INSERT INTO ITP (IT_plante, Espèce, Type_planche, Déb_semis, Fin_semis, Déb_plantation, Fin_plantation, Déb_récolte, Fin_récolte, Nb_rangs, Espacement, Nb_graines_trou, Dose_semis, Notes) VALUES ('Laitue plant. été', 'Laitue', 'Extérieur', '07-01', '08-01', '08-01', '08-15', '09-01', '11-01', 3.0, 30.0, 2.0, 0.15, NULL);
INSERT INTO ITP (IT_plante, Espèce, Type_planche, Déb_semis, Fin_semis, Déb_plantation, Fin_plantation, Déb_récolte, Fin_récolte, Nb_rangs, Espacement, Nb_graines_trou, Dose_semis, Notes) VALUES ('Maïs', 'Maïs', 'Extérieur', '04-15', '05-15', NULL, NULL, '09-01', '10-15', 2.0, 25.0, 1.0, NULL, NULL);
INSERT INTO ITP (IT_plante, Espèce, Type_planche, Déb_semis, Fin_semis, Déb_plantation, Fin_plantation, Déb_récolte, Fin_récolte, Nb_rangs, Espacement, Nb_graines_trou, Dose_semis, Notes) VALUES ('Melon', 'Melon', NULL, NULL, NULL, NULL, NULL, NULL, NULL, 1.0, 70.0, 2.0, NULL, NULL);
INSERT INTO ITP (IT_plante, Espèce, Type_planche, Déb_semis, Fin_semis, Déb_plantation, Fin_plantation, Déb_récolte, Fin_récolte, Nb_rangs, Espacement, Nb_graines_trou, Dose_semis, Notes) VALUES ('Mesclun', 'Mesclun', NULL, NULL, NULL, NULL, NULL, NULL, NULL, 4.0, 5.0, 1.0, NULL, NULL);
INSERT INTO ITP (IT_plante, Espèce, Type_planche, Déb_semis, Fin_semis, Déb_plantation, Fin_plantation, Déb_récolte, Fin_récolte, Nb_rangs, Espacement, Nb_graines_trou, Dose_semis, Notes) VALUES ('Mix Fleurs Compagnes Zinnia Cosmos Chrysanthème Soucis Tagètes', 'Mix', NULL, NULL, NULL, NULL, NULL, NULL, NULL, 6.0, 15.0, 1.0, NULL, NULL);
INSERT INTO ITP (IT_plante, Espèce, Type_planche, Déb_semis, Fin_semis, Déb_plantation, Fin_plantation, Déb_récolte, Fin_récolte, Nb_rangs, Espacement, Nb_graines_trou, Dose_semis, Notes) VALUES ('Mizuna', 'Mizuna', NULL, NULL, NULL, NULL, NULL, NULL, NULL, 2.0, 20.0, 1.0, NULL, NULL);
INSERT INTO ITP (IT_plante, Espèce, Type_planche, Déb_semis, Fin_semis, Déb_plantation, Fin_plantation, Déb_récolte, Fin_récolte, Nb_rangs, Espacement, Nb_graines_trou, Dose_semis, Notes) VALUES ('Mâche', 'Mâche', NULL, NULL, NULL, NULL, NULL, NULL, NULL, 2.0, 10.0, 1.0, NULL, NULL);
INSERT INTO ITP (IT_plante, Espèce, Type_planche, Déb_semis, Fin_semis, Déb_plantation, Fin_plantation, Déb_récolte, Fin_récolte, Nb_rangs, Espacement, Nb_graines_trou, Dose_semis, Notes) VALUES ('Navet semis automne', 'Navet', 'Extérieur', '07-15', '09-01', NULL, NULL, '09-15', '12-01', 4.0, 10.0, 1.0, NULL, NULL);
INSERT INTO ITP (IT_plante, Espèce, Type_planche, Déb_semis, Fin_semis, Déb_plantation, Fin_plantation, Déb_récolte, Fin_récolte, Nb_rangs, Espacement, Nb_graines_trou, Dose_semis, Notes) VALUES ('Navet semis printemps', 'Navet', 'Extérieur', '05-01', '07-15', NULL, NULL, '08-01', '10-01', 3.0, 10.0, 1.0, NULL, NULL);
INSERT INTO ITP (IT_plante, Espèce, Type_planche, Déb_semis, Fin_semis, Déb_plantation, Fin_plantation, Déb_récolte, Fin_récolte, Nb_rangs, Espacement, Nb_graines_trou, Dose_semis, Notes) VALUES ('Oignon Bulbilles printemps', 'Oignon', 'Extérieur', NULL, NULL, '02-01', '04-15', '07-01', '09-01', 4.0, 10.0, 1.0, NULL, NULL);
INSERT INTO ITP (IT_plante, Espèce, Type_planche, Déb_semis, Fin_semis, Déb_plantation, Fin_plantation, Déb_récolte, Fin_récolte, Nb_rangs, Espacement, Nb_graines_trou, Dose_semis, Notes) VALUES ('Oignon automne sous serre', 'Oignon', 'Serre', '09-01', '09-15', '11-01', '11-15', '04-01', '05-15', 2.0, 10.0, 1.0, NULL, NULL);
INSERT INTO ITP (IT_plante, Espèce, Type_planche, Déb_semis, Fin_semis, Déb_plantation, Fin_plantation, Déb_récolte, Fin_récolte, Nb_rangs, Espacement, Nb_graines_trou, Dose_semis, Notes) VALUES ('Oignon hiver sous serre', 'Oignon', 'Serre', '12-01', NULL, '01-01', '02-01', '03-01', '04-15', '07-01', NULL, NULL, NULL, NULL);
INSERT INTO ITP (IT_plante, Espèce, Type_planche, Déb_semis, Fin_semis, Déb_plantation, Fin_plantation, Déb_récolte, Fin_récolte, Nb_rangs, Espacement, Nb_graines_trou, Dose_semis, Notes) VALUES ('Oignon plant. printemps', 'Oignon', 'Extérieur', '02-15', '03-15', '05-15', '06-15', '08-15', '09-15', 4.0, 15.0, 3.0, NULL, NULL);
INSERT INTO ITP (IT_plante, Espèce, Type_planche, Déb_semis, Fin_semis, Déb_plantation, Fin_plantation, Déb_récolte, Fin_récolte, Nb_rangs, Espacement, Nb_graines_trou, Dose_semis, Notes) VALUES ('Panais', 'Panais', 'Extérieur', '04-01', '06-15', NULL, NULL, '08-01', '12-15', 4.0, 15.0, 2.0, NULL, NULL);
INSERT INTO ITP (IT_plante, Espèce, Type_planche, Déb_semis, Fin_semis, Déb_plantation, Fin_plantation, Déb_récolte, Fin_récolte, Nb_rangs, Espacement, Nb_graines_trou, Dose_semis, Notes) VALUES ('Patate douce par bouturage', 'Patate douce', 'Extérieur', '11-01', '12-01', '05-15', '06-15', '10-15', '11-15', 1.0, 40.0, 1.0, NULL, NULL);
INSERT INTO ITP (IT_plante, Espèce, Type_planche, Déb_semis, Fin_semis, Déb_plantation, Fin_plantation, Déb_récolte, Fin_récolte, Nb_rangs, Espacement, Nb_graines_trou, Dose_semis, Notes) VALUES ('Persil', 'Persil', NULL, NULL, NULL, NULL, NULL, NULL, NULL, 2.0, 100.0, 3.0, NULL, NULL);
INSERT INTO ITP (IT_plante, Espèce, Type_planche, Déb_semis, Fin_semis, Déb_plantation, Fin_plantation, Déb_récolte, Fin_récolte, Nb_rangs, Espacement, Nb_graines_trou, Dose_semis, Notes) VALUES ('Physalis', 'Physalis', 'Extérieur', '03-01', '04-01', '05-01', '06-15', '10-01', '12-01', 1.0, 90.0, 1.0, NULL, NULL);
INSERT INTO ITP (IT_plante, Espèce, Type_planche, Déb_semis, Fin_semis, Déb_plantation, Fin_plantation, Déb_récolte, Fin_récolte, Nb_rangs, Espacement, Nb_graines_trou, Dose_semis, Notes) VALUES ('Poireau précoce', 'Poireau', 'Extérieur', '02-15', '04-15', '05-15', '07-15', '09-15', '04-15', 4.0, 10.0, 1.0, NULL, NULL);
INSERT INTO ITP (IT_plante, Espèce, Type_planche, Déb_semis, Fin_semis, Déb_plantation, Fin_plantation, Déb_récolte, Fin_récolte, Nb_rangs, Espacement, Nb_graines_trou, Dose_semis, Notes) VALUES ('Poireau été', 'Poireau', 'Extérieur', '08-01', '09-01', '09-15', '10-01', '04-15', '06-01', 4.0, 10.0, 1.0, NULL, NULL);
INSERT INTO ITP (IT_plante, Espèce, Type_planche, Déb_semis, Fin_semis, Déb_plantation, Fin_plantation, Déb_récolte, Fin_récolte, Nb_rangs, Espacement, Nb_graines_trou, Dose_semis, Notes) VALUES ('Pois Chiches', 'Pois Chiches', NULL, NULL, NULL, NULL, NULL, NULL, NULL, 2.0, 10.0, 1.0, NULL, NULL);
INSERT INTO ITP (IT_plante, Espèce, Type_planche, Déb_semis, Fin_semis, Déb_plantation, Fin_plantation, Déb_récolte, Fin_récolte, Nb_rangs, Espacement, Nb_graines_trou, Dose_semis, Notes) VALUES ('Poivron piment ext', 'Poivron piment', 'Extérieur', '04-01', '05-15', '06-01', '07-01', '07-15', '11-01', 2.0, 55.0, 1.0, NULL, NULL);
INSERT INTO ITP (IT_plante, Espèce, Type_planche, Déb_semis, Fin_semis, Déb_plantation, Fin_plantation, Déb_récolte, Fin_récolte, Nb_rangs, Espacement, Nb_graines_trou, Dose_semis, Notes) VALUES ('Poivron piment serre', 'Poivron piment', 'Serre', '02-15', '04-01', '05-01', '06-01', '07-15', '11-01', NULL, NULL, NULL, NULL, NULL);
INSERT INTO ITP (IT_plante, Espèce, Type_planche, Déb_semis, Fin_semis, Déb_plantation, Fin_plantation, Déb_récolte, Fin_récolte, Nb_rangs, Espacement, Nb_graines_trou, Dose_semis, Notes) VALUES ('Pomme de terre conservation', 'Pomme de terre', 'Extérieur', NULL, NULL, '04-01', '06-15', '07-15', '09-15', 1.0, 40.0, 1.0, NULL, NULL);
INSERT INTO ITP (IT_plante, Espèce, Type_planche, Déb_semis, Fin_semis, Déb_plantation, Fin_plantation, Déb_récolte, Fin_récolte, Nb_rangs, Espacement, Nb_graines_trou, Dose_semis, Notes) VALUES ('Radis', 'Radis', NULL, NULL, NULL, NULL, NULL, NULL, NULL, 4.0, 3.0, 1.0, NULL, NULL);
INSERT INTO ITP (IT_plante, Espèce, Type_planche, Déb_semis, Fin_semis, Déb_plantation, Fin_plantation, Déb_récolte, Fin_récolte, Nb_rangs, Espacement, Nb_graines_trou, Dose_semis, Notes) VALUES ('Radis d hiver', 'Radis noir', NULL, '08-01', '10-15', NULL, NULL, '11-01', '03-15', 2.0, 10.0, 2.0, NULL, NULL);
INSERT INTO ITP (IT_plante, Espèce, Type_planche, Déb_semis, Fin_semis, Déb_plantation, Fin_plantation, Déb_récolte, Fin_récolte, Nb_rangs, Espacement, Nb_graines_trou, Dose_semis, Notes) VALUES ('Ricin', 'Ricin', NULL, '03-01', '05-15', '04-01', '05-01', NULL, '11-15', 1.0, 300.0, 1.0, NULL, NULL);
INSERT INTO ITP (IT_plante, Espèce, Type_planche, Déb_semis, Fin_semis, Déb_plantation, Fin_plantation, Déb_récolte, Fin_récolte, Nb_rangs, Espacement, Nb_graines_trou, Dose_semis, Notes) VALUES ('Roquette', 'Roquette', NULL, NULL, NULL, NULL, NULL, NULL, NULL, 2.0, 4.0, 1.0, NULL, NULL);
INSERT INTO ITP (IT_plante, Espèce, Type_planche, Déb_semis, Fin_semis, Déb_plantation, Fin_plantation, Déb_récolte, Fin_récolte, Nb_rangs, Espacement, Nb_graines_trou, Dose_semis, Notes) VALUES ('Seigle', 'Seigle', NULL, NULL, NULL, NULL, NULL, NULL, NULL, 4.0, 10.0, 1.0, NULL, NULL);
INSERT INTO ITP (IT_plante, Espèce, Type_planche, Déb_semis, Fin_semis, Déb_plantation, Fin_plantation, Déb_récolte, Fin_récolte, Nb_rangs, Espacement, Nb_graines_trou, Dose_semis, Notes) VALUES ('Tomate hative ext', 'Tomate', 'Extérieur', '03-01', '04-01', '05-01', '06-01', '07-15', '10-15', 2.0, 70.0, 1.0, NULL, NULL);
INSERT INTO ITP (IT_plante, Espèce, Type_planche, Déb_semis, Fin_semis, Déb_plantation, Fin_plantation, Déb_récolte, Fin_récolte, Nb_rangs, Espacement, Nb_graines_trou, Dose_semis, Notes) VALUES ('Tomate hative serre', 'Tomate', 'Serre', '02-15', '03-15', '04-15', '05-15', '06-15', '10-15', 2.0, 70.0, 1.0, NULL, NULL);
INSERT INTO ITP (IT_plante, Espèce, Type_planche, Déb_semis, Fin_semis, Déb_plantation, Fin_plantation, Déb_récolte, Fin_récolte, Nb_rangs, Espacement, Nb_graines_trou, Dose_semis, Notes) VALUES ('Tomate tardive', 'Tomate', NULL, '04-01', '05-01', '06-01', '07-15', '09-01', '11-15', 2.0, 75.0, 1.0, NULL, NULL);
INSERT INTO ITP (IT_plante, Espèce, Type_planche, Déb_semis, Fin_semis, Déb_plantation, Fin_plantation, Déb_récolte, Fin_récolte, Nb_rangs, Espacement, Nb_graines_trou, Dose_semis, Notes) VALUES ('Topinambour', 'Topinambour', NULL, NULL, NULL, NULL, NULL, NULL, NULL, 1.0, 1.0, 1.0, NULL, NULL);

INSERT INTO Variétés (Variété, Espèce, Nb_graines_g, Qté_stock, Qté_cde, Fournisseur, Notes) VALUES ('Ail Cledor', 'Ail', NULL, NULL, NULL, 'Agrosemens', NULL);
INSERT INTO Variétés (Variété, Espèce, Nb_graines_g, Qté_stock, Qté_cde, Fournisseur, Notes) VALUES ('Ail Rose de Lautrec', 'Ail', NULL, NULL, NULL, 'Agrosemens', NULL);
INSERT INTO Variétés (Variété, Espèce, Nb_graines_g, Qté_stock, Qté_cde, Fournisseur, Notes) VALUES ('Aubergine Barbentane', 'Aubergine', 250.0, NULL, NULL, 'Agrosemens', NULL);
INSERT INTO Variétés (Variété, Espèce, Nb_graines_g, Qté_stock, Qté_cde, Fournisseur, Notes) VALUES ('Aubergine Uriase', 'Aubergine', 250.0, NULL, NULL, 'Agrosemens', NULL);
INSERT INTO Variétés (Variété, Espèce, Nb_graines_g, Qté_stock, Qté_cde, Fournisseur, Notes) VALUES ('Aubergine japonaise de la levée', 'Aubergine', 250.0, NULL, NULL, 'Agrosemens', NULL);
INSERT INTO Variétés (Variété, Espèce, Nb_graines_g, Qté_stock, Qté_cde, Fournisseur, Notes) VALUES ('Basilic Grand Vert', 'Basilic', 588.0, NULL, NULL, NULL, NULL);
INSERT INTO Variétés (Variété, Espèce, Nb_graines_g, Qté_stock, Qté_cde, Fournisseur, Notes) VALUES ('Batavia reine des glaces', 'Laitue', 800.0, NULL, NULL, NULL, NULL);
INSERT INTO Variétés (Variété, Espèce, Nb_graines_g, Qté_stock, Qté_cde, Fournisseur, Notes) VALUES ('Betterave 3 root grex', 'Betterave', 50.0, NULL, NULL, NULL, NULL);
INSERT INTO Variétés (Variété, Espèce, Nb_graines_g, Qté_stock, Qté_cde, Fournisseur, Notes) VALUES ('Betterave Chioggia', 'Betterave', 50.0, NULL, NULL, NULL, NULL);
INSERT INTO Variétés (Variété, Espèce, Nb_graines_g, Qté_stock, Qté_cde, Fournisseur, Notes) VALUES ('Betterave Detroit', 'Betterave', 50.0, NULL, NULL, NULL, NULL);
INSERT INTO Variétés (Variété, Espèce, Nb_graines_g, Qté_stock, Qté_cde, Fournisseur, Notes) VALUES ('Betterave Robushka', 'Betterave', 50.0, NULL, NULL, NULL, NULL);
INSERT INTO Variétés (Variété, Espèce, Nb_graines_g, Qté_stock, Qté_cde, Fournisseur, Notes) VALUES ('Blette (mélange)', 'Blette', 60.0, NULL, NULL, NULL, NULL);
INSERT INTO Variétés (Variété, Espèce, Nb_graines_g, Qté_stock, Qté_cde, Fournisseur, Notes) VALUES ('Blé Ondulations FL23', 'Blé', NULL, NULL, NULL, NULL, NULL);
INSERT INTO Variétés (Variété, Espèce, Nb_graines_g, Qté_stock, Qté_cde, Fournisseur, Notes) VALUES ('Carotte Colmar à Coeur rouge 2', 'Carotte', NULL, NULL, NULL, NULL, NULL);
INSERT INTO Variétés (Variété, Espèce, Nb_graines_g, Qté_stock, Qté_cde, Fournisseur, Notes) VALUES ('Carotte Demi longue rouge sang', 'Carotte', NULL, NULL, NULL, NULL, NULL);
INSERT INTO Variétés (Variété, Espèce, Nb_graines_g, Qté_stock, Qté_cde, Fournisseur, Notes) VALUES ('Carotte Ronde Marché de Paris', 'Carotte', NULL, NULL, NULL, NULL, NULL);
INSERT INTO Variétés (Variété, Espèce, Nb_graines_g, Qté_stock, Qté_cde, Fournisseur, Notes) VALUES ('Carotte Touchon', 'Carotte', NULL, NULL, NULL, NULL, NULL);
INSERT INTO Variétés (Variété, Espèce, Nb_graines_g, Qté_stock, Qté_cde, Fournisseur, Notes) VALUES ('Chicorée scarole cornet d''anjou', 'Laitue', 800.0, NULL, NULL, NULL, NULL);
INSERT INTO Variétés (Variété, Espèce, Nb_graines_g, Qté_stock, Qté_cde, Fournisseur, Notes) VALUES ('Chicorée scarole géante maraîchère', 'Laitue', 800.0, NULL, NULL, NULL, NULL);
INSERT INTO Variétés (Variété, Espèce, Nb_graines_g, Qté_stock, Qté_cde, Fournisseur, Notes) VALUES ('Chou brocoli Rasmus', 'Chou brocoli', NULL, NULL, NULL, NULL, NULL);
INSERT INTO Variétés (Variété, Espèce, Nb_graines_g, Qté_stock, Qté_cde, Fournisseur, Notes) VALUES ('Chou cavalier rouge', 'Chou cavalier', NULL, NULL, NULL, NULL, NULL);
INSERT INTO Variétés (Variété, Espèce, Nb_graines_g, Qté_stock, Qté_cde, Fournisseur, Notes) VALUES ('Chou de Bruxelles Groeninger', 'Chou de Bruxelles', NULL, NULL, NULL, NULL, NULL);
INSERT INTO Variétés (Variété, Espèce, Nb_graines_g, Qté_stock, Qté_cde, Fournisseur, Notes) VALUES ('Chou de Bruxelles de Rosny', 'Chou de Bruxelles', NULL, NULL, NULL, NULL, NULL);
INSERT INTO Variétés (Variété, Espèce, Nb_graines_g, Qté_stock, Qté_cde, Fournisseur, Notes) VALUES ('Chou de Chine Bilko', 'Chou de Chine', 350.0, NULL, NULL, NULL, NULL);
INSERT INTO Variétés (Variété, Espèce, Nb_graines_g, Qté_stock, Qté_cde, Fournisseur, Notes) VALUES ('Chou de Chine Petsaï', 'Chou de Chine', 350.0, NULL, NULL, NULL, NULL);
INSERT INTO Variétés (Variété, Espèce, Nb_graines_g, Qté_stock, Qté_cde, Fournisseur, Notes) VALUES ('Chou frisé Kale', 'Chou frisé', 300.0, NULL, NULL, NULL, NULL);
INSERT INTO Variétés (Variété, Espèce, Nb_graines_g, Qté_stock, Qté_cde, Fournisseur, Notes) VALUES ('Chou frisé winster', 'Chou frisé', 300.0, NULL, NULL, NULL, NULL);
INSERT INTO Variétés (Variété, Espèce, Nb_graines_g, Qté_stock, Qté_cde, Fournisseur, Notes) VALUES ('Chou pommé Amager Lav', 'Chou pommé', 300.0, NULL, NULL, NULL, NULL);
INSERT INTO Variétés (Variété, Espèce, Nb_graines_g, Qté_stock, Qté_cde, Fournisseur, Notes) VALUES ('Chou pommé Pointu de Chateaurenard', 'Chou pommé', 300.0, NULL, NULL, NULL, NULL);
INSERT INTO Variétés (Variété, Espèce, Nb_graines_g, Qté_stock, Qté_cde, Fournisseur, Notes) VALUES ('Chou pommé Thurnen', 'Chou pommé', 300.0, NULL, NULL, NULL, NULL);
INSERT INTO Variétés (Variété, Espèce, Nb_graines_g, Qté_stock, Qté_cde, Fournisseur, Notes) VALUES ('Chou pommé Tête Noire', 'Chou pommé', 300.0, NULL, NULL, NULL, NULL);
INSERT INTO Variétés (Variété, Espèce, Nb_graines_g, Qté_stock, Qté_cde, Fournisseur, Notes) VALUES ('Chou pommé Tête Noire n3 ', 'Chou pommé', 300.0, NULL, NULL, NULL, NULL);
INSERT INTO Variétés (Variété, Espèce, Nb_graines_g, Qté_stock, Qté_cde, Fournisseur, Notes) VALUES ('Chou-fleur Neckarperle', 'Chou-fleur', 336.0, NULL, NULL, NULL, NULL);
INSERT INTO Variétés (Variété, Espèce, Nb_graines_g, Qté_stock, Qté_cde, Fournisseur, Notes) VALUES ('Chou-rave Azur Star', 'Chou-rave', 300.0, NULL, NULL, NULL, NULL);
INSERT INTO Variétés (Variété, Espèce, Nb_graines_g, Qté_stock, Qté_cde, Fournisseur, Notes) VALUES ('Ciboulette commune', 'Ciboulette', NULL, NULL, NULL, NULL, NULL);
INSERT INTO Variétés (Variété, Espèce, Nb_graines_g, Qté_stock, Qté_cde, Fournisseur, Notes) VALUES ('Concombre Marketmore', 'Concombre', 35.0, NULL, NULL, NULL, NULL);
INSERT INTO Variétés (Variété, Espèce, Nb_graines_g, Qté_stock, Qté_cde, Fournisseur, Notes) VALUES ('Concombre Palestinien', 'Concombre', 35.0, NULL, NULL, NULL, NULL);
INSERT INTO Variétés (Variété, Espèce, Nb_graines_g, Qté_stock, Qté_cde, Fournisseur, Notes) VALUES ('Courge Butternut', 'Courge', 4.58, NULL, NULL, NULL, NULL);
INSERT INTO Variétés (Variété, Espèce, Nb_graines_g, Qté_stock, Qté_cde, Fournisseur, Notes) VALUES ('Courge Potimarron Red Kuri', 'Courge', 4.58, NULL, NULL, NULL, NULL);
INSERT INTO Variétés (Variété, Espèce, Nb_graines_g, Qté_stock, Qté_cde, Fournisseur, Notes) VALUES ('Courgette Black Beauty', 'Courgette', 7.7, NULL, NULL, NULL, NULL);
INSERT INTO Variétés (Variété, Espèce, Nb_graines_g, Qté_stock, Qté_cde, Fournisseur, Notes) VALUES ('Courgette Gold Rush', 'Courgette', 7.7, NULL, NULL, NULL, NULL);
INSERT INTO Variétés (Variété, Espèce, Nb_graines_g, Qté_stock, Qté_cde, Fournisseur, Notes) VALUES ('Céleri Elne', 'Céleri', NULL, NULL, NULL, NULL, NULL);
INSERT INTO Variétés (Variété, Espèce, Nb_graines_g, Qté_stock, Qté_cde, Fournisseur, Notes) VALUES ('Céleri Plein blanc Pascal', 'Céleri', NULL, NULL, NULL, NULL, NULL);
INSERT INTO Variétés (Variété, Espèce, Nb_graines_g, Qté_stock, Qté_cde, Fournisseur, Notes) VALUES ('Céleri branche', 'Céleri', NULL, NULL, NULL, NULL, NULL);
INSERT INTO Variétés (Variété, Espèce, Nb_graines_g, Qté_stock, Qté_cde, Fournisseur, Notes) VALUES ('Céleri maison', 'Céleri', NULL, NULL, NULL, NULL, NULL);
INSERT INTO Variétés (Variété, Espèce, Nb_graines_g, Qté_stock, Qté_cde, Fournisseur, Notes) VALUES ('Epinard Géant d hiver Verdil', 'Epinard', NULL, NULL, NULL, NULL, NULL);
INSERT INTO Variétés (Variété, Espèce, Nb_graines_g, Qté_stock, Qté_cde, Fournisseur, Notes) VALUES ('Epinard Matador', 'Epinard', NULL, NULL, NULL, NULL, NULL);
INSERT INTO Variétés (Variété, Espèce, Nb_graines_g, Qté_stock, Qté_cde, Fournisseur, Notes) VALUES ('Epinard Viking', 'Epinard', NULL, NULL, NULL, NULL, NULL);
INSERT INTO Variétés (Variété, Espèce, Nb_graines_g, Qté_stock, Qté_cde, Fournisseur, Notes) VALUES ('Fève Aguadulce', 'Fève', 0.75, NULL, NULL, NULL, NULL);
INSERT INTO Variétés (Variété, Espèce, Nb_graines_g, Qté_stock, Qté_cde, Fournisseur, Notes) VALUES ('Fève de Séville', 'Fève', 0.75, NULL, NULL, NULL, NULL);
INSERT INTO Variétés (Variété, Espèce, Nb_graines_g, Qté_stock, Qté_cde, Fournisseur, Notes) VALUES ('Hannibal été automne', 'Poireau', 300.3, NULL, NULL, NULL, NULL);
INSERT INTO Variétés (Variété, Espèce, Nb_graines_g, Qté_stock, Qté_cde, Fournisseur, Notes) VALUES ('Haricot Black Turtle', 'Haricot', 5.0, NULL, NULL, NULL, NULL);
INSERT INTO Variétés (Variété, Espèce, Nb_graines_g, Qté_stock, Qté_cde, Fournisseur, Notes) VALUES ('Haricot Flageolet rouge', 'Haricot', 5.0, NULL, NULL, NULL, NULL);
INSERT INTO Variétés (Variété, Espèce, Nb_graines_g, Qté_stock, Qté_cde, Fournisseur, Notes) VALUES ('Haricot Morgane', 'Haricot', 5.0, NULL, NULL, NULL, NULL);
INSERT INTO Variétés (Variété, Espèce, Nb_graines_g, Qté_stock, Qté_cde, Fournisseur, Notes) VALUES ('Haricot Tarbais (maïs)', 'Haricot', 5.0, NULL, NULL, NULL, NULL);
INSERT INTO Variétés (Variété, Espèce, Nb_graines_g, Qté_stock, Qté_cde, Fournisseur, Notes) VALUES ('Haricot Émerite', 'Haricot', 5.0, NULL, NULL, NULL, NULL);
INSERT INTO Variétés (Variété, Espèce, Nb_graines_g, Qté_stock, Qté_cde, Fournisseur, Notes) VALUES ('Laitue Crisp Mint', 'Laitue', 800.0, NULL, NULL, NULL, NULL);
INSERT INTO Variétés (Variété, Espèce, Nb_graines_g, Qté_stock, Qté_cde, Fournisseur, Notes) VALUES ('Laitue Feuille de chêne rouge', 'Laitue', 800.0, NULL, NULL, NULL, NULL);
INSERT INTO Variétés (Variété, Espèce, Nb_graines_g, Qté_stock, Qté_cde, Fournisseur, Notes) VALUES ('Laitue Great Lakes', 'Laitue', 800.0, NULL, NULL, NULL, NULL);
INSERT INTO Variétés (Variété, Espèce, Nb_graines_g, Qté_stock, Qté_cde, Fournisseur, Notes) VALUES ('Laitue Great Lakes maison', 'Laitue', 800.0, NULL, NULL, NULL, NULL);
INSERT INTO Variétés (Variété, Espèce, Nb_graines_g, Qté_stock, Qté_cde, Fournisseur, Notes) VALUES ('Laitue Grenobloise', 'Laitue', 1109.0, NULL, NULL, NULL, NULL);
INSERT INTO Variétés (Variété, Espèce, Nb_graines_g, Qté_stock, Qté_cde, Fournisseur, Notes) VALUES ('Laitue Pasquier', 'Laitue', 800.0, NULL, NULL, NULL, NULL);
INSERT INTO Variétés (Variété, Espèce, Nb_graines_g, Qté_stock, Qté_cde, Fournisseur, Notes) VALUES ('Laitue Pommée d hiver Triolaise', 'Laitue', 800.0, NULL, NULL, NULL, NULL);
INSERT INTO Variétés (Variété, Espèce, Nb_graines_g, Qté_stock, Qté_cde, Fournisseur, Notes) VALUES ('Laitue Romaine d hiver rouge', 'Laitue', 800.0, NULL, NULL, NULL, NULL);
INSERT INTO Variétés (Variété, Espèce, Nb_graines_g, Qté_stock, Qté_cde, Fournisseur, Notes) VALUES ('Laitue pommée du bon jardinier', 'Laitue', 800.0, NULL, NULL, NULL, NULL);
INSERT INTO Variétés (Variété, Espèce, Nb_graines_g, Qté_stock, Qté_cde, Fournisseur, Notes) VALUES ('Laitue à couper feuille de chêne rouge', 'Laitue', 800.0, NULL, NULL, NULL, NULL);
INSERT INTO Variétés (Variété, Espèce, Nb_graines_g, Qté_stock, Qté_cde, Fournisseur, Notes) VALUES ('Maïs Grand Roux', 'Maïs', 4.5, NULL, NULL, NULL, NULL);
INSERT INTO Variétés (Variété, Espèce, Nb_graines_g, Qté_stock, Qté_cde, Fournisseur, Notes) VALUES ('Melon Cantaloup Charentais', 'Melon', NULL, NULL, NULL, NULL, NULL);
INSERT INTO Variétés (Variété, Espèce, Nb_graines_g, Qté_stock, Qté_cde, Fournisseur, Notes) VALUES ('Mizuna maison', 'Mizuna', NULL, NULL, NULL, NULL, NULL);
INSERT INTO Variétés (Variété, Espèce, Nb_graines_g, Qté_stock, Qté_cde, Fournisseur, Notes) VALUES ('Moutarde', 'Engrais vert', NULL, NULL, NULL, NULL, NULL);
INSERT INTO Variétés (Variété, Espèce, Nb_graines_g, Qté_stock, Qté_cde, Fournisseur, Notes) VALUES ('Mâche verte', 'Mâche', NULL, NULL, NULL, NULL, NULL);
INSERT INTO Variétés (Variété, Espèce, Nb_graines_g, Qté_stock, Qté_cde, Fournisseur, Notes) VALUES ('Mâche verte à coeur plein', 'Mâche', NULL, NULL, NULL, NULL, NULL);
INSERT INTO Variétés (Variété, Espèce, Nb_graines_g, Qté_stock, Qté_cde, Fournisseur, Notes) VALUES ('Mélilot', 'Engrais vert', NULL, NULL, NULL, NULL, NULL);
INSERT INTO Variétés (Variété, Espèce, Nb_graines_g, Qté_stock, Qté_cde, Fournisseur, Notes) VALUES ('Navet Globe à col violet', 'Navet', 600.0, NULL, NULL, NULL, NULL);
INSERT INTO Variétés (Variété, Espèce, Nb_graines_g, Qté_stock, Qté_cde, Fournisseur, Notes) VALUES ('Navet Jaune Petrowski', 'Navet', 600.0, NULL, NULL, NULL, NULL);
INSERT INTO Variétés (Variété, Espèce, Nb_graines_g, Qté_stock, Qté_cde, Fournisseur, Notes) VALUES ('Oignon Bulbilles Red Baron', 'Oignon', 227.0, NULL, NULL, NULL, NULL);
INSERT INTO Variétés (Variété, Espèce, Nb_graines_g, Qté_stock, Qté_cde, Fournisseur, Notes) VALUES ('Oignon Bulbilles Sturon', 'Oignon', 264.0, NULL, NULL, NULL, NULL);
INSERT INTO Variétés (Variété, Espèce, Nb_graines_g, Qté_stock, Qté_cde, Fournisseur, Notes) VALUES ('Oignon Jaune de Stuttgart', 'Oignon', 264.0, NULL, NULL, NULL, NULL);
INSERT INTO Variétés (Variété, Espèce, Nb_graines_g, Qté_stock, Qté_cde, Fournisseur, Notes) VALUES ('Oignon Mazères', 'Oignon', 264.0, NULL, NULL, NULL, NULL);
INSERT INTO Variétés (Variété, Espèce, Nb_graines_g, Qté_stock, Qté_cde, Fournisseur, Notes) VALUES ('Oignon Rouge de Brunswick', 'Oignon', 264.0, NULL, NULL, NULL, NULL);
INSERT INTO Variétés (Variété, Espèce, Nb_graines_g, Qté_stock, Qté_cde, Fournisseur, Notes) VALUES ('Oignon Saint Turjan', 'Oignon', 264.0, NULL, NULL, NULL, NULL);
INSERT INTO Variétés (Variété, Espèce, Nb_graines_g, Qté_stock, Qté_cde, Fournisseur, Notes) VALUES ('Panais Etroit amélioré', 'Panais', 220.0, NULL, NULL, NULL, NULL);
INSERT INTO Variétés (Variété, Espèce, Nb_graines_g, Qté_stock, Qté_cde, Fournisseur, Notes) VALUES ('Panais Turga Pré germé', 'Panais', 30.8, NULL, NULL, NULL, NULL);
INSERT INTO Variétés (Variété, Espèce, Nb_graines_g, Qté_stock, Qté_cde, Fournisseur, Notes) VALUES ('Panais long holkruin', 'Panais', 220.0, NULL, NULL, NULL, NULL);
INSERT INTO Variétés (Variété, Espèce, Nb_graines_g, Qté_stock, Qté_cde, Fournisseur, Notes) VALUES ('Patate douce (mélange)', 'Patate douce', NULL, NULL, NULL, NULL, NULL);
INSERT INTO Variétés (Variété, Espèce, Nb_graines_g, Qté_stock, Qté_cde, Fournisseur, Notes) VALUES ('Persil Géant d''Italie', 'Persil', 570.5, NULL, NULL, NULL, NULL);
INSERT INTO Variétés (Variété, Espèce, Nb_graines_g, Qté_stock, Qté_cde, Fournisseur, Notes) VALUES ('Persil à feuilles frisées vert foncé', 'Persil', 600.0, NULL, NULL, NULL, NULL);
INSERT INTO Variétés (Variété, Espèce, Nb_graines_g, Qté_stock, Qté_cde, Fournisseur, Notes) VALUES ('Phacélie population', 'Engrais vert', NULL, NULL, NULL, NULL, NULL);
INSERT INTO Variétés (Variété, Espèce, Nb_graines_g, Qté_stock, Qté_cde, Fournisseur, Notes) VALUES ('Physalis Alkékenge jaune doux', 'Physalis', 300.0, NULL, NULL, NULL, NULL);
INSERT INTO Variétés (Variété, Espèce, Nb_graines_g, Qté_stock, Qté_cde, Fournisseur, Notes) VALUES ('Piment Doux des landes', 'Poivron piment', 150.0, NULL, NULL, NULL, NULL);
INSERT INTO Variétés (Variété, Espèce, Nb_graines_g, Qté_stock, Qté_cde, Fournisseur, Notes) VALUES ('Poireau FL Serre 2020', 'Poireau', 300.3, NULL, NULL, NULL, NULL);
INSERT INTO Variétés (Variété, Espèce, Nb_graines_g, Qté_stock, Qté_cde, Fournisseur, Notes) VALUES ('Poireau Gros long d''été', 'Poireau', 300.3, NULL, NULL, NULL, NULL);
INSERT INTO Variétés (Variété, Espèce, Nb_graines_g, Qté_stock, Qté_cde, Fournisseur, Notes) VALUES ('Poireau Monstrueux de Carentan', 'Poireau', 300.3, NULL, NULL, NULL, NULL);
INSERT INTO Variétés (Variété, Espèce, Nb_graines_g, Qté_stock, Qté_cde, Fournisseur, Notes) VALUES ('Poireau de Liège', 'Poireau', 300.3, NULL, NULL, NULL, NULL);
INSERT INTO Variétés (Variété, Espèce, Nb_graines_g, Qté_stock, Qté_cde, Fournisseur, Notes) VALUES ('Pois Chiches commun', 'Pois Chiches', NULL, NULL, NULL, NULL, NULL);
INSERT INTO Variétés (Variété, Espèce, Nb_graines_g, Qté_stock, Qté_cde, Fournisseur, Notes) VALUES ('Poivron Jaune carré d''Asti', 'Poivron piment', 150.0, NULL, NULL, NULL, NULL);
INSERT INTO Variétés (Variété, Espèce, Nb_graines_g, Qté_stock, Qté_cde, Fournisseur, Notes) VALUES ('Poivron Wisconsin Lake', 'Poivron piment', 150.0, NULL, NULL, NULL, NULL);
INSERT INTO Variétés (Variété, Espèce, Nb_graines_g, Qté_stock, Qté_cde, Fournisseur, Notes) VALUES ('Poivron Yolo wonder', 'Poivron piment', 150.0, NULL, NULL, NULL, NULL);
INSERT INTO Variétés (Variété, Espèce, Nb_graines_g, Qté_stock, Qté_cde, Fournisseur, Notes) VALUES ('Pomme de terre Artémis', 'Pomme de terre', NULL, NULL, NULL, NULL, NULL);
INSERT INTO Variétés (Variété, Espèce, Nb_graines_g, Qté_stock, Qté_cde, Fournisseur, Notes) VALUES ('Pomme de terre Ditta', 'Pomme de terre', NULL, NULL, NULL, NULL, NULL);
INSERT INTO Variétés (Variété, Espèce, Nb_graines_g, Qté_stock, Qté_cde, Fournisseur, Notes) VALUES ('Pomme de terre Désirée', 'Pomme de terre', NULL, NULL, NULL, NULL, NULL);
INSERT INTO Variétés (Variété, Espèce, Nb_graines_g, Qté_stock, Qté_cde, Fournisseur, Notes) VALUES ('Radis Radis-rave Daikon', 'Radis', NULL, NULL, NULL, NULL, NULL);
INSERT INTO Variétés (Variété, Espèce, Nb_graines_g, Qté_stock, Qté_cde, Fournisseur, Notes) VALUES ('Radis Radis-rave Rond noir', 'Radis', NULL, NULL, NULL, NULL, NULL);
INSERT INTO Variétés (Variété, Espèce, Nb_graines_g, Qté_stock, Qté_cde, Fournisseur, Notes) VALUES ('Radis Rond écarlate', 'Radis', NULL, NULL, NULL, NULL, NULL);
INSERT INTO Variétés (Variété, Espèce, Nb_graines_g, Qté_stock, Qté_cde, Fournisseur, Notes) VALUES ('Ricin New Zealand Purple', 'Ricin', 1.0, NULL, NULL, NULL, NULL);
INSERT INTO Variétés (Variété, Espèce, Nb_graines_g, Qté_stock, Qté_cde, Fournisseur, Notes) VALUES ('Roquette', 'Roquette', NULL, NULL, NULL, NULL, NULL);
INSERT INTO Variétés (Variété, Espèce, Nb_graines_g, Qté_stock, Qté_cde, Fournisseur, Notes) VALUES ('Seigle Seigle population', 'Seigle', NULL, NULL, NULL, NULL, NULL);
INSERT INTO Variétés (Variété, Espèce, Nb_graines_g, Qté_stock, Qté_cde, Fournisseur, Notes) VALUES ('Sorgo Koral', 'Engrais vert', NULL, NULL, NULL, NULL, NULL);
INSERT INTO Variétés (Variété, Espèce, Nb_graines_g, Qté_stock, Qté_cde, Fournisseur, Notes) VALUES ('Tomate (inconnue)', 'Tomate', 350.0, NULL, NULL, NULL, NULL);
INSERT INTO Variétés (Variété, Espèce, Nb_graines_g, Qté_stock, Qté_cde, Fournisseur, Notes) VALUES ('Tomate Ananas', 'Tomate', 350.0, NULL, NULL, NULL, NULL);
INSERT INTO Variétés (Variété, Espèce, Nb_graines_g, Qté_stock, Qté_cde, Fournisseur, Notes) VALUES ('Tomate Andines cornues', 'Tomate', 350.0, NULL, NULL, NULL, NULL);
INSERT INTO Variétés (Variété, Espèce, Nb_graines_g, Qté_stock, Qté_cde, Fournisseur, Notes) VALUES ('Tomate Argelos', 'Tomate', 350.0, NULL, NULL, NULL, NULL);
INSERT INTO Variétés (Variété, Espèce, Nb_graines_g, Qté_stock, Qté_cde, Fournisseur, Notes) VALUES ('Tomate Cerise petit moineau', 'Tomate', 350.0, NULL, NULL, NULL, NULL);
INSERT INTO Variétés (Variété, Espèce, Nb_graines_g, Qté_stock, Qté_cde, Fournisseur, Notes) VALUES ('Tomate Homestead', 'Tomate', 350.0, NULL, NULL, NULL, NULL);
INSERT INTO Variétés (Variété, Espèce, Nb_graines_g, Qté_stock, Qté_cde, Fournisseur, Notes) VALUES ('Tomate Merveille des marchés', 'Tomate', 350.0, NULL, NULL, NULL, NULL);
INSERT INTO Variétés (Variété, Espèce, Nb_graines_g, Qté_stock, Qté_cde, Fournisseur, Notes) VALUES ('Tomate Roma', 'Tomate', 350.0, NULL, NULL, NULL, NULL);
INSERT INTO Variétés (Variété, Espèce, Nb_graines_g, Qté_stock, Qté_cde, Fournisseur, Notes) VALUES ('Tomate Rose de Berne', 'Tomate', 350.0, NULL, NULL, NULL, NULL);
INSERT INTO Variétés (Variété, Espèce, Nb_graines_g, Qté_stock, Qté_cde, Fournisseur, Notes) VALUES ('Tomate Saint Pierre', 'Tomate', 350.0, NULL, NULL, NULL, NULL);
INSERT INTO Variétés (Variété, Espèce, Nb_graines_g, Qté_stock, Qté_cde, Fournisseur, Notes) VALUES ('Tomate San Marzano', 'Tomate', 350.0, NULL, NULL, NULL, NULL);
INSERT INTO Variétés (Variété, Espèce, Nb_graines_g, Qté_stock, Qté_cde, Fournisseur, Notes) VALUES ('Tomate Udagorri', 'Tomate', 350.0, NULL, NULL, NULL, NULL);
INSERT INTO Variétés (Variété, Espèce, Nb_graines_g, Qté_stock, Qté_cde, Fournisseur, Notes) VALUES ('Tomate Yellow Feather', 'Tomate', 350.0, NULL, NULL, NULL, NULL);
INSERT INTO Variétés (Variété, Espèce, Nb_graines_g, Qté_stock, Qté_cde, Fournisseur, Notes) VALUES ('Tomate cerise rouge', 'Tomate', 350.0, NULL, NULL, NULL, NULL);
INSERT INTO Variétés (Variété, Espèce, Nb_graines_g, Qté_stock, Qté_cde, Fournisseur, Notes) VALUES ('Tomate coeur de boeuf', 'Tomate', 350.0, NULL, NULL, NULL, NULL);
INSERT INTO Variétés (Variété, Espèce, Nb_graines_g, Qté_stock, Qté_cde, Fournisseur, Notes) VALUES ('Topinambour Rose', 'Topinambour', NULL, NULL, NULL, NULL, NULL);
INSERT INTO Variétés (Variété, Espèce, Nb_graines_g, Qté_stock, Qté_cde, Fournisseur, Notes) VALUES ('Tournesol maison', 'Tournesol', 11.36, NULL, NULL, NULL, NULL);
INSERT INTO Variétés (Variété, Espèce, Nb_graines_g, Qté_stock, Qté_cde, Fournisseur, Notes) VALUES ('Trèfle incarnat', 'Engrais vert', NULL, NULL, NULL, NULL, NULL);
INSERT INTO Variétés (Variété, Espèce, Nb_graines_g, Qté_stock, Qté_cde, Fournisseur, Notes) VALUES ('Vesce hiver', 'Engrais vert', NULL, NULL, NULL, NULL, NULL);

INSERT INTO Rotations (Rotation, Type_planche, Année_1, Nb_années, Notes) VALUES ('Grande culture', 'Extérieur', 2025, 4, NULL);
INSERT INTO Rotations (Rotation, Type_planche, Année_1, Nb_années, Notes) VALUES ('Potager', 'Extérieur', 2025, 5, NULL);

INSERT INTO Rotations_détails (ID, Rotation, Année, IT_plante, Pc_planches, Fi_planches, Notes) VALUES (1, 'Potager', 1, 'Haricot SD-Ext', 100.0, NULL, NULL);
INSERT INTO Rotations_détails (ID, Rotation, Année, IT_plante, Pc_planches, Fi_planches, Notes) VALUES (2, 'Potager', 1, 'EV automne Seigle Vesce Moutarde Phacélie', 100.0, NULL, NULL);
INSERT INTO Rotations_détails (ID, Rotation, Année, IT_plante, Pc_planches, Fi_planches, Notes) VALUES (3, 'Potager', 5, 'Blette', 100.0, 'C', NULL);
INSERT INTO Rotations_détails (ID, Rotation, Année, IT_plante, Pc_planches, Fi_planches, Notes) VALUES (5, 'Potager', 5, 'Laitue plant. printemps', 100.0, 'AB', NULL);
INSERT INTO Rotations_détails (ID, Rotation, Année, IT_plante, Pc_planches, Fi_planches, Notes) VALUES (6, 'Potager', 5, 'Laitue plant. été', 100.0, 'D', NULL);
INSERT INTO Rotations_détails (ID, Rotation, Année, IT_plante, Pc_planches, Fi_planches, Notes) VALUES (7, 'Potager', 5, 'Laitue plant. automne ext', 100.0, 'AB', NULL);
INSERT INTO Rotations_détails (ID, Rotation, Année, IT_plante, Pc_planches, Fi_planches, Notes) VALUES (8, 'Potager', 3, 'Laitue plant. printemps précoce', 100.0, NULL, NULL);
INSERT INTO Rotations_détails (ID, Rotation, Année, IT_plante, Pc_planches, Fi_planches, Notes) VALUES (9, 'Potager', 2, 'Chou frisé', 100.0, NULL, NULL);
INSERT INTO Rotations_détails (ID, Rotation, Année, IT_plante, Pc_planches, Fi_planches, Notes) VALUES (10, 'Potager', 3, 'Poireau précoce', 100.0, NULL, NULL);
INSERT INTO Rotations_détails (ID, Rotation, Année, IT_plante, Pc_planches, Fi_planches, Notes) VALUES (12, 'Potager', 4, 'Chou pommé plant. printemps', 100.0, NULL, NULL);
INSERT INTO Rotations_détails (ID, Rotation, Année, IT_plante, Pc_planches, Fi_planches, Notes) VALUES (13, 'Potager', 4, 'Physalis', 100.0, NULL, NULL);
INSERT INTO Rotations_détails (ID, Rotation, Année, IT_plante, Pc_planches, Fi_planches, Notes) VALUES (14, 'Grande culture', 2, 'Pomme de terre conservation', 100.0, NULL, NULL);
INSERT INTO Rotations_détails (ID, Rotation, Année, IT_plante, Pc_planches, Fi_planches, Notes) VALUES (15, 'Grande culture', 1, 'Maïs', 100.0, 'BD', NULL);
INSERT INTO Rotations_détails (ID, Rotation, Année, IT_plante, Pc_planches, Fi_planches, Notes) VALUES (16, 'Grande culture', 1, 'Courge', 100.0, 'AC', NULL);
INSERT INTO Rotations_détails (ID, Rotation, Année, IT_plante, Pc_planches, Fi_planches, Notes) VALUES (17, 'Grande culture', 1, 'Haricot Tarbais (maïs)', 100.0, 'BD', NULL);
INSERT INTO Rotations_détails (ID, Rotation, Année, IT_plante, Pc_planches, Fi_planches, Notes) VALUES (18, 'Grande culture', 3, 'EV LD printemps Sorgho Trèfle Mélilot Sarrasin', 100.0, NULL, NULL);
INSERT INTO Rotations_détails (ID, Rotation, Année, IT_plante, Pc_planches, Fi_planches, Notes) VALUES (19, 'Grande culture', 4, 'EV LD printemps Sorgho Trèfle Mélilot Sarrasin', 100.0, NULL, NULL);
INSERT INTO Rotations_détails (ID, Rotation, Année, IT_plante, Pc_planches, Fi_planches, Notes) VALUES (81, 'Grande culture', 2, 'Ricin', 100.0, NULL, NULL);
INSERT INTO Rotations_détails (ID, Rotation, Année, IT_plante, Pc_planches, Fi_planches, Notes) VALUES (83, 'Potager', 1, 'Ricin', 100.0, NULL, NULL);

COMMIT TRANSACTION;

)#");
